{
  "type": "FeatureCollection",
  "metadata": {
    "generated": "2025-11-06T05:23:42.882229",
    "description": "Sample InSAR subsidence data for testing",
    "n_points": 191,
    "n_acquisitions": 20,
    "area": "Seoul metropolitan area",
    "unit": "mm"
  },
  "features": [
    {
      "type": "Feature",
      "geometry": {
        "type": "Point",
        "coordinates": [
          127.028844,
          37.589875
        ]
      },
      "properties": {
        "point_id": "P000",
        "index": 0,
        "velocity": -2.06,
        "timeseries": [
          {
            "date": "2024-01-01",
            "displacement": 0.74,
            "coherence": 0.682
          },
          {
            "date": "2024-01-13",
            "displacement": 1.12,
            "coherence": 0.616
          },
          {
            "date": "2024-01-25",
            "displacement": 1.43,
            "coherence": 0.904
          },
          {
            "date": "2024-02-06",
            "displacement": 2.1,
            "coherence": 0.88
          },
          {
            "date": "2024-02-18",
            "displacement": 1.75,
            "coherence": 0.828
          },
          {
            "date": "2024-03-01",
            "displacement": 0.99,
            "coherence": 0.783
          },
          {
            "date": "2024-03-13",
            "displacement": 0.95,
            "coherence": 0.729
          },
          {
            "date": "2024-03-25",
            "displacement": 0.95,
            "coherence": 0.906
          },
          {
            "date": "2024-04-06",
            "displacement": 0.98,
            "coherence": 0.676
          },
          {
            "date": "2024-04-18",
            "displacement": 0.55,
            "coherence": 0.623
          },
          {
            "date": "2024-04-30",
            "displacement": 0.74,
            "coherence": 0.613
          },
          {
            "date": "2024-05-12",
            "displacement": 0.17,
            "coherence": 0.698
          },
          {
            "date": "2024-05-24",
            "displacement": 0.15,
            "coherence": 0.628
          },
          {
            "date": "2024-06-05",
            "displacement": -0.31,
            "coherence": 0.945
          },
          {
            "date": "2024-06-17",
            "displacement": -0.75,
            "coherence": 0.73
          },
          {
            "date": "2024-06-29",
            "displacement": -1.28,
            "coherence": 0.895
          },
          {
            "date": "2024-07-11",
            "displacement": -1.15,
            "coherence": 0.79
          },
          {
            "date": "2024-07-23",
            "displacement": -1.34,
            "coherence": 0.67
          },
          {
            "date": "2024-08-04",
            "displacement": -1.89,
            "coherence": 0.788
          },
          {
            "date": "2024-08-16",
            "displacement": -1.3,
            "coherence": 0.766
          }
        ],
        "statistics": {
          "mean_displacement": 0.23,
          "std_displacement": 1.13,
          "max_displacement": 2.1,
          "min_displacement": -1.89
        }
      }
    },
    {
      "type": "Feature",
      "geometry": {
        "type": "Point",
        "coordinates": [
          127.084861,
          37.413978
        ]
      },
      "properties": {
        "point_id": "P001",
        "index": 1,
        "velocity": -10.39,
        "timeseries": [
          {
            "date": "2024-01-01",
            "displacement": -0.99,
            "coherence": 0.866
          },
          {
            "date": "2024-01-13",
            "displacement": -0.73,
            "coherence": 0.726
          },
          {
            "date": "2024-01-25",
            "displacement": -1.01,
            "coherence": 0.931
          },
          {
            "date": "2024-02-06",
            "displacement": -1.35,
            "coherence": 0.939
          },
          {
            "date": "2024-02-18",
            "displacement": -1.15,
            "coherence": 0.795
          },
          {
            "date": "2024-03-01",
            "displacement": -1.72,
            "coherence": 0.684
          },
          {
            "date": "2024-03-13",
            "displacement": -2.77,
            "coherence": 0.868
          },
          {
            "date": "2024-03-25",
            "displacement": -3.85,
            "coherence": 0.72
          },
          {
            "date": "2024-04-06",
            "displacement": -4.43,
            "coherence": 0.815
          },
          {
            "date": "2024-04-18",
            "displacement": -5.13,
            "coherence": 0.916
          },
          {
            "date": "2024-04-30",
            "displacement": -5.23,
            "coherence": 0.895
          },
          {
            "date": "2024-05-12",
            "displacement": -4.85,
            "coherence": 0.789
          },
          {
            "date": "2024-05-24",
            "displacement": -5.71,
            "coherence": 0.851
          },
          {
            "date": "2024-06-05",
            "displacement": -6.48,
            "coherence": 0.687
          },
          {
            "date": "2024-06-17",
            "displacement": -7.38,
            "coherence": 0.843
          },
          {
            "date": "2024-06-29",
            "displacement": -8.36,
            "coherence": 0.637
          },
          {
            "date": "2024-07-11",
            "displacement": -8.98,
            "coherence": 0.907
          },
          {
            "date": "2024-07-23",
            "displacement": -9.16,
            "coherence": 0.89
          },
          {
            "date": "2024-08-04",
            "displacement": -10.17,
            "coherence": 0.743
          },
          {
            "date": "2024-08-16",
            "displacement": -11.29,
            "coherence": 0.924
          }
        ],
        "statistics": {
          "mean_displacement": -5.04,
          "std_displacement": 3.28,
          "max_displacement": -0.73,
          "min_displacement": -11.29
        }
      }
    },
    {
      "type": "Feature",
      "geometry": {
        "type": "Point",
        "coordinates": [
          127.081449,
          37.514625
        ]
      },
      "properties": {
        "point_id": "P002",
        "index": 2,
        "velocity": -8.51,
        "timeseries": [
          {
            "date": "2024-01-01",
            "displacement": -0.45,
            "coherence": 0.817
          },
          {
            "date": "2024-01-13",
            "displacement": -1.17,
            "coherence": 0.791
          },
          {
            "date": "2024-01-25",
            "displacement": -1.1,
            "coherence": 0.722
          },
          {
            "date": "2024-02-06",
            "displacement": -0.64,
            "coherence": 0.857
          },
          {
            "date": "2024-02-18",
            "displacement": -0.74,
            "coherence": 0.737
          },
          {
            "date": "2024-03-01",
            "displacement": -0.62,
            "coherence": 0.813
          },
          {
            "date": "2024-03-13",
            "displacement": -0.33,
            "coherence": 0.827
          },
          {
            "date": "2024-03-25",
            "displacement": -0.22,
            "coherence": 0.642
          },
          {
            "date": "2024-04-06",
            "displacement": -1.02,
            "coherence": 0.787
          },
          {
            "date": "2024-04-18",
            "displacement": -1.1,
            "coherence": 0.883
          },
          {
            "date": "2024-04-30",
            "displacement": -1.65,
            "coherence": 0.799
          },
          {
            "date": "2024-05-12",
            "displacement": -1.67,
            "coherence": 0.868
          },
          {
            "date": "2024-05-24",
            "displacement": -2.08,
            "coherence": 0.672
          },
          {
            "date": "2024-06-05",
            "displacement": -2.07,
            "coherence": 0.617
          },
          {
            "date": "2024-06-17",
            "displacement": -2.41,
            "coherence": 0.774
          },
          {
            "date": "2024-06-29",
            "displacement": -2.51,
            "coherence": 0.843
          },
          {
            "date": "2024-07-11",
            "displacement": -2.85,
            "coherence": 0.817
          },
          {
            "date": "2024-07-23",
            "displacement": -3.62,
            "coherence": 0.654
          },
          {
            "date": "2024-08-04",
            "displacement": -4.08,
            "coherence": 0.869
          },
          {
            "date": "2024-08-16",
            "displacement": -3.79,
            "coherence": 0.922
          }
        ],
        "statistics": {
          "mean_displacement": -1.71,
          "std_displacement": 1.16,
          "max_displacement": -0.22,
          "min_displacement": -4.08
        }
      }
    },
    {
      "type": "Feature",
      "geometry": {
        "type": "Point",
        "coordinates": [
          127.035159,
          37.486416
        ]
      },
      "properties": {
        "point_id": "P003",
        "index": 3,
        "velocity": -4.16,
        "timeseries": [
          {
            "date": "2024-01-01",
            "displacement": -0.2,
            "coherence": 0.72
          },
          {
            "date": "2024-01-13",
            "displacement": -0.24,
            "coherence": 0.912
          },
          {
            "date": "2024-01-25",
            "displacement": -0.25,
            "coherence": 0.721
          },
          {
            "date": "2024-02-06",
            "displacement": -0.02,
            "coherence": 0.681
          },
          {
            "date": "2024-02-18",
            "displacement": -1.08,
            "coherence": 0.86
          },
          {
            "date": "2024-03-01",
            "displacement": -1.42,
            "coherence": 0.644
          },
          {
            "date": "2024-03-13",
            "displacement": -1.3,
            "coherence": 0.817
          },
          {
            "date": "2024-03-25",
            "displacement": -2.37,
            "coherence": 0.743
          },
          {
            "date": "2024-04-06",
            "displacement": -2.84,
            "coherence": 0.932
          },
          {
            "date": "2024-04-18",
            "displacement": -2.56,
            "coherence": 0.786
          },
          {
            "date": "2024-04-30",
            "displacement": -3.25,
            "coherence": 0.776
          },
          {
            "date": "2024-05-12",
            "displacement": -3.53,
            "coherence": 0.713
          },
          {
            "date": "2024-05-24",
            "displacement": -3.69,
            "coherence": 0.855
          },
          {
            "date": "2024-06-05",
            "displacement": -4.37,
            "coherence": 0.625
          },
          {
            "date": "2024-06-17",
            "displacement": -4.06,
            "coherence": 0.882
          },
          {
            "date": "2024-06-29",
            "displacement": -3.83,
            "coherence": 0.809
          },
          {
            "date": "2024-07-11",
            "displacement": -3.93,
            "coherence": 0.662
          },
          {
            "date": "2024-07-23",
            "displacement": -4.35,
            "coherence": 0.696
          },
          {
            "date": "2024-08-04",
            "displacement": -4.51,
            "coherence": 0.876
          },
          {
            "date": "2024-08-16",
            "displacement": -4.64,
            "coherence": 0.882
          }
        ],
        "statistics": {
          "mean_displacement": -2.62,
          "std_displacement": 1.6,
          "max_displacement": -0.02,
          "min_displacement": -4.64
        }
      }
    },
    {
      "type": "Feature",
      "geometry": {
        "type": "Point",
        "coordinates": [
          127.079753,
          37.425146
        ]
      },
      "properties": {
        "point_id": "P004",
        "index": 4,
        "velocity": 2.09,
        "timeseries": [
          {
            "date": "2024-01-01",
            "displacement": -0.79,
            "coherence": 0.69
          },
          {
            "date": "2024-01-13",
            "displacement": 0.34,
            "coherence": 0.628
          },
          {
            "date": "2024-01-25",
            "displacement": -0.09,
            "coherence": 0.898
          },
          {
            "date": "2024-02-06",
            "displacement": -0.31,
            "coherence": 0.868
          },
          {
            "date": "2024-02-18",
            "displacement": 0.11,
            "coherence": 0.835
          },
          {
            "date": "2024-03-01",
            "displacement": -0.47,
            "coherence": 0.752
          },
          {
            "date": "2024-03-13",
            "displacement": -0.88,
            "coherence": 0.725
          },
          {
            "date": "2024-03-25",
            "displacement": -0.53,
            "coherence": 0.847
          },
          {
            "date": "2024-04-06",
            "displacement": -0.5,
            "coherence": 0.652
          },
          {
            "date": "2024-04-18",
            "displacement": -0.74,
            "coherence": 0.616
          },
          {
            "date": "2024-04-30",
            "displacement": -0.13,
            "coherence": 0.798
          },
          {
            "date": "2024-05-12",
            "displacement": 0.47,
            "coherence": 0.872
          },
          {
            "date": "2024-05-24",
            "displacement": 0.16,
            "coherence": 0.737
          },
          {
            "date": "2024-06-05",
            "displacement": 0.47,
            "coherence": 0.796
          },
          {
            "date": "2024-06-17",
            "displacement": 1.02,
            "coherence": 0.788
          },
          {
            "date": "2024-06-29",
            "displacement": 1.4,
            "coherence": 0.748
          },
          {
            "date": "2024-07-11",
            "displacement": 1.23,
            "coherence": 0.779
          },
          {
            "date": "2024-07-23",
            "displacement": 0.3,
            "coherence": 0.868
          },
          {
            "date": "2024-08-04",
            "displacement": -0.64,
            "coherence": 0.625
          },
          {
            "date": "2024-08-16",
            "displacement": -0.74,
            "coherence": 0.693
          }
        ],
        "statistics": {
          "mean_displacement": -0.02,
          "std_displacement": 0.67,
          "max_displacement": 1.4,
          "min_displacement": -0.88
        }
      }
    },
    {
      "type": "Feature",
      "geometry": {
        "type": "Point",
        "coordinates": [
          127.003056,
          37.536309
        ]
      },
      "properties": {
        "point_id": "P005",
        "index": 5,
        "velocity": -6.94,
        "timeseries": [
          {
            "date": "2024-01-01",
            "displacement": 0.69,
            "coherence": 0.693
          },
          {
            "date": "2024-01-13",
            "displacement": 0.49,
            "coherence": 0.709
          },
          {
            "date": "2024-01-25",
            "displacement": 0.04,
            "coherence": 0.771
          },
          {
            "date": "2024-02-06",
            "displacement": 0.42,
            "coherence": 0.729
          },
          {
            "date": "2024-02-18",
            "displacement": 0.21,
            "coherence": 0.816
          },
          {
            "date": "2024-03-01",
            "displacement": 0.01,
            "coherence": 0.947
          },
          {
            "date": "2024-03-13",
            "displacement": 0.51,
            "coherence": 0.905
          },
          {
            "date": "2024-03-25",
            "displacement": 1.04,
            "coherence": 0.656
          },
          {
            "date": "2024-04-06",
            "displacement": 0.55,
            "coherence": 0.775
          },
          {
            "date": "2024-04-18",
            "displacement": 0.43,
            "coherence": 0.837
          },
          {
            "date": "2024-04-30",
            "displacement": 0.26,
            "coherence": 0.793
          },
          {
            "date": "2024-05-12",
            "displacement": -0.07,
            "coherence": 0.903
          },
          {
            "date": "2024-05-24",
            "displacement": -0.11,
            "coherence": 0.667
          },
          {
            "date": "2024-06-05",
            "displacement": -1.0,
            "coherence": 0.754
          },
          {
            "date": "2024-06-17",
            "displacement": -1.43,
            "coherence": 0.834
          },
          {
            "date": "2024-06-29",
            "displacement": -2.28,
            "coherence": 0.881
          },
          {
            "date": "2024-07-11",
            "displacement": -2.02,
            "coherence": 0.838
          },
          {
            "date": "2024-07-23",
            "displacement": -2.93,
            "coherence": 0.943
          },
          {
            "date": "2024-08-04",
            "displacement": -2.37,
            "coherence": 0.628
          },
          {
            "date": "2024-08-16",
            "displacement": -2.44,
            "coherence": 0.935
          }
        ],
        "statistics": {
          "mean_displacement": -0.5,
          "std_displacement": 1.23,
          "max_displacement": 1.04,
          "min_displacement": -2.93
        }
      }
    },
    {
      "type": "Feature",
      "geometry": {
        "type": "Point",
        "coordinates": [
          127.033649,
          37.42222
        ]
      },
      "properties": {
        "point_id": "P006",
        "index": 6,
        "velocity": 0.92,
        "timeseries": [
          {
            "date": "2024-01-01",
            "displacement": 0.08,
            "coherence": 0.868
          },
          {
            "date": "2024-01-13",
            "displacement": 0.9,
            "coherence": 0.722
          },
          {
            "date": "2024-01-25",
            "displacement": 1.54,
            "coherence": 0.716
          },
          {
            "date": "2024-02-06",
            "displacement": 1.81,
            "coherence": 0.802
          },
          {
            "date": "2024-02-18",
            "displacement": 1.75,
            "coherence": 0.929
          },
          {
            "date": "2024-03-01",
            "displacement": 1.47,
            "coherence": 0.606
          },
          {
            "date": "2024-03-13",
            "displacement": 2.09,
            "coherence": 0.937
          },
          {
            "date": "2024-03-25",
            "displacement": 2.99,
            "coherence": 0.864
          },
          {
            "date": "2024-04-06",
            "displacement": 2.52,
            "coherence": 0.678
          },
          {
            "date": "2024-04-18",
            "displacement": 2.29,
            "coherence": 0.893
          },
          {
            "date": "2024-04-30",
            "displacement": 2.37,
            "coherence": 0.784
          },
          {
            "date": "2024-05-12",
            "displacement": 2.55,
            "coherence": 0.625
          },
          {
            "date": "2024-05-24",
            "displacement": 2.51,
            "coherence": 0.648
          },
          {
            "date": "2024-06-05",
            "displacement": 2.54,
            "coherence": 0.839
          },
          {
            "date": "2024-06-17",
            "displacement": 2.21,
            "coherence": 0.822
          },
          {
            "date": "2024-06-29",
            "displacement": 3.23,
            "coherence": 0.864
          },
          {
            "date": "2024-07-11",
            "displacement": 2.88,
            "coherence": 0.667
          },
          {
            "date": "2024-07-23",
            "displacement": 2.62,
            "coherence": 0.914
          },
          {
            "date": "2024-08-04",
            "displacement": 1.92,
            "coherence": 0.637
          },
          {
            "date": "2024-08-16",
            "displacement": 1.84,
            "coherence": 0.86
          }
        ],
        "statistics": {
          "mean_displacement": 2.11,
          "std_displacement": 0.72,
          "max_displacement": 3.23,
          "min_displacement": 0.08
        }
      }
    },
    {
      "type": "Feature",
      "geometry": {
        "type": "Point",
        "coordinates": [
          127.03874,
          37.437661
        ]
      },
      "properties": {
        "point_id": "P007",
        "index": 7,
        "velocity": -3.25,
        "timeseries": [
          {
            "date": "2024-01-01",
            "displacement": -0.03,
            "coherence": 0.74
          },
          {
            "date": "2024-01-13",
            "displacement": 0.52,
            "coherence": 0.857
          },
          {
            "date": "2024-01-25",
            "displacement": 0.69,
            "coherence": 0.699
          },
          {
            "date": "2024-02-06",
            "displacement": 0.85,
            "coherence": 0.626
          },
          {
            "date": "2024-02-18",
            "displacement": 1.2,
            "coherence": 0.751
          },
          {
            "date": "2024-03-01",
            "displacement": 0.21,
            "coherence": 0.736
          },
          {
            "date": "2024-03-13",
            "displacement": 0.59,
            "coherence": 0.638
          },
          {
            "date": "2024-03-25",
            "displacement": 0.59,
            "coherence": 0.824
          },
          {
            "date": "2024-04-06",
            "displacement": 0.22,
            "coherence": 0.886
          },
          {
            "date": "2024-04-18",
            "displacement": 0.31,
            "coherence": 0.702
          },
          {
            "date": "2024-04-30",
            "displacement": 1.16,
            "coherence": 0.879
          },
          {
            "date": "2024-05-12",
            "displacement": 0.22,
            "coherence": 0.733
          },
          {
            "date": "2024-05-24",
            "displacement": 0.45,
            "coherence": 0.746
          },
          {
            "date": "2024-06-05",
            "displacement": 0.36,
            "coherence": 0.736
          },
          {
            "date": "2024-06-17",
            "displacement": -0.02,
            "coherence": 0.805
          },
          {
            "date": "2024-06-29",
            "displacement": 0.03,
            "coherence": 0.77
          },
          {
            "date": "2024-07-11",
            "displacement": 0.07,
            "coherence": 0.798
          },
          {
            "date": "2024-07-23",
            "displacement": -0.47,
            "coherence": 0.805
          },
          {
            "date": "2024-08-04",
            "displacement": -0.15,
            "coherence": 0.665
          },
          {
            "date": "2024-08-16",
            "displacement": -0.63,
            "coherence": 0.791
          }
        ],
        "statistics": {
          "mean_displacement": 0.31,
          "std_displacement": 0.46,
          "max_displacement": 1.2,
          "min_displacement": -0.63
        }
      }
    },
    {
      "type": "Feature",
      "geometry": {
        "type": "Point",
        "coordinates": [
          127.050994,
          37.540699
        ]
      },
      "properties": {
        "point_id": "P008",
        "index": 8,
        "velocity": 3.56,
        "timeseries": [
          {
            "date": "2024-01-01",
            "displacement": 0.06,
            "coherence": 0.617
          },
          {
            "date": "2024-01-13",
            "displacement": 0.37,
            "coherence": 0.637
          },
          {
            "date": "2024-01-25",
            "displacement": -0.13,
            "coherence": 0.792
          },
          {
            "date": "2024-02-06",
            "displacement": 0.63,
            "coherence": 0.864
          },
          {
            "date": "2024-02-18",
            "displacement": 0.18,
            "coherence": 0.908
          },
          {
            "date": "2024-03-01",
            "displacement": 0.09,
            "coherence": 0.863
          },
          {
            "date": "2024-03-13",
            "displacement": -0.08,
            "coherence": 0.854
          },
          {
            "date": "2024-03-25",
            "displacement": 0.23,
            "coherence": 0.878
          },
          {
            "date": "2024-04-06",
            "displacement": 1.57,
            "coherence": 0.943
          },
          {
            "date": "2024-04-18",
            "displacement": 2.3,
            "coherence": 0.793
          },
          {
            "date": "2024-04-30",
            "displacement": 2.23,
            "coherence": 0.885
          },
          {
            "date": "2024-05-12",
            "displacement": 2.18,
            "coherence": 0.926
          },
          {
            "date": "2024-05-24",
            "displacement": 2.14,
            "coherence": 0.635
          },
          {
            "date": "2024-06-05",
            "displacement": 1.97,
            "coherence": 0.683
          },
          {
            "date": "2024-06-17",
            "displacement": 1.69,
            "coherence": 0.695
          },
          {
            "date": "2024-06-29",
            "displacement": 2.2,
            "coherence": 0.853
          },
          {
            "date": "2024-07-11",
            "displacement": 2.58,
            "coherence": 0.877
          },
          {
            "date": "2024-07-23",
            "displacement": 2.82,
            "coherence": 0.845
          },
          {
            "date": "2024-08-04",
            "displacement": 2.86,
            "coherence": 0.798
          },
          {
            "date": "2024-08-16",
            "displacement": 3.21,
            "coherence": 0.896
          }
        ],
        "statistics": {
          "mean_displacement": 1.46,
          "std_displacement": 1.12,
          "max_displacement": 3.21,
          "min_displacement": -0.13
        }
      }
    },
    {
      "type": "Feature",
      "geometry": {
        "type": "Point",
        "coordinates": [
          127.088291,
          37.505852
        ]
      },
      "properties": {
        "point_id": "P009",
        "index": 9,
        "velocity": -3.08,
        "timeseries": [
          {
            "date": "2024-01-01",
            "displacement": -0.52,
            "coherence": 0.692
          },
          {
            "date": "2024-01-13",
            "displacement": -1.58,
            "coherence": 0.749
          },
          {
            "date": "2024-01-25",
            "displacement": -2.59,
            "coherence": 0.631
          },
          {
            "date": "2024-02-06",
            "displacement": -3.02,
            "coherence": 0.644
          },
          {
            "date": "2024-02-18",
            "displacement": -2.69,
            "coherence": 0.828
          },
          {
            "date": "2024-03-01",
            "displacement": -1.59,
            "coherence": 0.757
          },
          {
            "date": "2024-03-13",
            "displacement": -1.77,
            "coherence": 0.649
          },
          {
            "date": "2024-03-25",
            "displacement": -1.56,
            "coherence": 0.608
          },
          {
            "date": "2024-04-06",
            "displacement": -1.92,
            "coherence": 0.879
          },
          {
            "date": "2024-04-18",
            "displacement": -2.61,
            "coherence": 0.775
          },
          {
            "date": "2024-04-30",
            "displacement": -2.86,
            "coherence": 0.646
          },
          {
            "date": "2024-05-12",
            "displacement": -2.81,
            "coherence": 0.694
          },
          {
            "date": "2024-05-24",
            "displacement": -3.19,
            "coherence": 0.805
          },
          {
            "date": "2024-06-05",
            "displacement": -4.15,
            "coherence": 0.653
          },
          {
            "date": "2024-06-17",
            "displacement": -4.86,
            "coherence": 0.765
          },
          {
            "date": "2024-06-29",
            "displacement": -5.26,
            "coherence": 0.948
          },
          {
            "date": "2024-07-11",
            "displacement": -5.93,
            "coherence": 0.942
          },
          {
            "date": "2024-07-23",
            "displacement": -5.62,
            "coherence": 0.699
          },
          {
            "date": "2024-08-04",
            "displacement": -5.58,
            "coherence": 0.642
          },
          {
            "date": "2024-08-16",
            "displacement": -5.02,
            "coherence": 0.641
          }
        ],
        "statistics": {
          "mean_displacement": -3.26,
          "std_displacement": 1.58,
          "max_displacement": -0.52,
          "min_displacement": -5.93
        }
      }
    },
    {
      "type": "Feature",
      "geometry": {
        "type": "Point",
        "coordinates": [
          126.993597,
          37.444654
        ]
      },
      "properties": {
        "point_id": "P010",
        "index": 10,
        "velocity": -1.52,
        "timeseries": [
          {
            "date": "2024-01-01",
            "displacement": 0.66,
            "coherence": 0.661
          },
          {
            "date": "2024-01-13",
            "displacement": 0.8,
            "coherence": 0.636
          },
          {
            "date": "2024-01-25",
            "displacement": 0.14,
            "coherence": 0.872
          },
          {
            "date": "2024-02-06",
            "displacement": -0.02,
            "coherence": 0.722
          },
          {
            "date": "2024-02-18",
            "displacement": -0.28,
            "coherence": 0.678
          },
          {
            "date": "2024-03-01",
            "displacement": 0.08,
            "coherence": 0.785
          },
          {
            "date": "2024-03-13",
            "displacement": -0.42,
            "coherence": 0.74
          },
          {
            "date": "2024-03-25",
            "displacement": -0.12,
            "coherence": 0.87
          },
          {
            "date": "2024-04-06",
            "displacement": -0.86,
            "coherence": 0.611
          },
          {
            "date": "2024-04-18",
            "displacement": -0.92,
            "coherence": 0.681
          },
          {
            "date": "2024-04-30",
            "displacement": -0.7,
            "coherence": 0.94
          },
          {
            "date": "2024-05-12",
            "displacement": -0.71,
            "coherence": 0.671
          },
          {
            "date": "2024-05-24",
            "displacement": -0.83,
            "coherence": 0.801
          },
          {
            "date": "2024-06-05",
            "displacement": -0.67,
            "coherence": 0.836
          },
          {
            "date": "2024-06-17",
            "displacement": 0.07,
            "coherence": 0.87
          },
          {
            "date": "2024-06-29",
            "displacement": -0.2,
            "coherence": 0.616
          },
          {
            "date": "2024-07-11",
            "displacement": 0.07,
            "coherence": 0.93
          },
          {
            "date": "2024-07-23",
            "displacement": 0.34,
            "coherence": 0.931
          },
          {
            "date": "2024-08-04",
            "displacement": -0.3,
            "coherence": 0.751
          },
          {
            "date": "2024-08-16",
            "displacement": 0.39,
            "coherence": 0.612
          }
        ],
        "statistics": {
          "mean_displacement": -0.17,
          "std_displacement": 0.49,
          "max_displacement": 0.8,
          "min_displacement": -0.92
        }
      }
    },
    {
      "type": "Feature",
      "geometry": {
        "type": "Point",
        "coordinates": [
          126.954768,
          37.437224
        ]
      },
      "properties": {
        "point_id": "P011",
        "index": 11,
        "velocity": 2.16,
        "timeseries": [
          {
            "date": "2024-01-01",
            "displacement": 0.52,
            "coherence": 0.806
          },
          {
            "date": "2024-01-13",
            "displacement": -0.04,
            "coherence": 0.866
          },
          {
            "date": "2024-01-25",
            "displacement": -0.24,
            "coherence": 0.913
          },
          {
            "date": "2024-02-06",
            "displacement": -0.23,
            "coherence": 0.896
          },
          {
            "date": "2024-02-18",
            "displacement": -0.09,
            "coherence": 0.778
          },
          {
            "date": "2024-03-01",
            "displacement": 0.7,
            "coherence": 0.625
          },
          {
            "date": "2024-03-13",
            "displacement": 1.15,
            "coherence": 0.734
          },
          {
            "date": "2024-03-25",
            "displacement": 1.55,
            "coherence": 0.783
          },
          {
            "date": "2024-04-06",
            "displacement": 1.82,
            "coherence": 0.879
          },
          {
            "date": "2024-04-18",
            "displacement": 2.26,
            "coherence": 0.625
          },
          {
            "date": "2024-04-30",
            "displacement": 3.14,
            "coherence": 0.729
          },
          {
            "date": "2024-05-12",
            "displacement": 3.43,
            "coherence": 0.871
          },
          {
            "date": "2024-05-24",
            "displacement": 4.04,
            "coherence": 0.612
          },
          {
            "date": "2024-06-05",
            "displacement": 4.2,
            "coherence": 0.819
          },
          {
            "date": "2024-06-17",
            "displacement": 4.8,
            "coherence": 0.857
          },
          {
            "date": "2024-06-29",
            "displacement": 4.08,
            "coherence": 0.789
          },
          {
            "date": "2024-07-11",
            "displacement": 3.45,
            "coherence": 0.63
          },
          {
            "date": "2024-07-23",
            "displacement": 3.77,
            "coherence": 0.897
          },
          {
            "date": "2024-08-04",
            "displacement": 3.87,
            "coherence": 0.889
          },
          {
            "date": "2024-08-16",
            "displacement": 4.56,
            "coherence": 0.948
          }
        ],
        "statistics": {
          "mean_displacement": 2.34,
          "std_displacement": 1.75,
          "max_displacement": 4.8,
          "min_displacement": -0.24
        }
      }
    },
    {
      "type": "Feature",
      "geometry": {
        "type": "Point",
        "coordinates": [
          127.083745,
          37.469855
        ]
      },
      "properties": {
        "point_id": "P012",
        "index": 12,
        "velocity": -1.16,
        "timeseries": [
          {
            "date": "2024-01-01",
            "displacement": -0.6,
            "coherence": 0.674
          },
          {
            "date": "2024-01-13",
            "displacement": -0.68,
            "coherence": 0.709
          },
          {
            "date": "2024-01-25",
            "displacement": -0.42,
            "coherence": 0.621
          },
          {
            "date": "2024-02-06",
            "displacement": 0.01,
            "coherence": 0.838
          },
          {
            "date": "2024-02-18",
            "displacement": 0.25,
            "coherence": 0.769
          },
          {
            "date": "2024-03-01",
            "displacement": -0.26,
            "coherence": 0.86
          },
          {
            "date": "2024-03-13",
            "displacement": -0.02,
            "coherence": 0.607
          },
          {
            "date": "2024-03-25",
            "displacement": -0.16,
            "coherence": 0.661
          },
          {
            "date": "2024-04-06",
            "displacement": -0.89,
            "coherence": 0.721
          },
          {
            "date": "2024-04-18",
            "displacement": -1.69,
            "coherence": 0.828
          },
          {
            "date": "2024-04-30",
            "displacement": -2.02,
            "coherence": 0.613
          },
          {
            "date": "2024-05-12",
            "displacement": -3.02,
            "coherence": 0.698
          },
          {
            "date": "2024-05-24",
            "displacement": -3.68,
            "coherence": 0.816
          },
          {
            "date": "2024-06-05",
            "displacement": -3.74,
            "coherence": 0.676
          },
          {
            "date": "2024-06-17",
            "displacement": -4.22,
            "coherence": 0.647
          },
          {
            "date": "2024-06-29",
            "displacement": -3.4,
            "coherence": 0.733
          },
          {
            "date": "2024-07-11",
            "displacement": -3.48,
            "coherence": 0.779
          },
          {
            "date": "2024-07-23",
            "displacement": -3.15,
            "coherence": 0.729
          },
          {
            "date": "2024-08-04",
            "displacement": -4.18,
            "coherence": 0.622
          },
          {
            "date": "2024-08-16",
            "displacement": -4.51,
            "coherence": 0.888
          }
        ],
        "statistics": {
          "mean_displacement": -1.99,
          "std_displacement": 1.66,
          "max_displacement": 0.25,
          "min_displacement": -4.51
        }
      }
    },
    {
      "type": "Feature",
      "geometry": {
        "type": "Point",
        "coordinates": [
          127.002638,
          37.50836
        ]
      },
      "properties": {
        "point_id": "P013",
        "index": 13,
        "velocity": -2.93,
        "timeseries": [
          {
            "date": "2024-01-01",
            "displacement": 0.04,
            "coherence": 0.924
          },
          {
            "date": "2024-01-13",
            "displacement": 0.77,
            "coherence": 0.827
          },
          {
            "date": "2024-01-25",
            "displacement": 0.92,
            "coherence": 0.758
          },
          {
            "date": "2024-02-06",
            "displacement": 0.42,
            "coherence": 0.717
          },
          {
            "date": "2024-02-18",
            "displacement": 0.89,
            "coherence": 0.622
          },
          {
            "date": "2024-03-01",
            "displacement": 0.81,
            "coherence": 0.808
          },
          {
            "date": "2024-03-13",
            "displacement": 1.25,
            "coherence": 0.92
          },
          {
            "date": "2024-03-25",
            "displacement": 0.6,
            "coherence": 0.637
          },
          {
            "date": "2024-04-06",
            "displacement": 0.07,
            "coherence": 0.868
          },
          {
            "date": "2024-04-18",
            "displacement": -0.2,
            "coherence": 0.922
          },
          {
            "date": "2024-04-30",
            "displacement": 0.25,
            "coherence": 0.929
          },
          {
            "date": "2024-05-12",
            "displacement": -0.12,
            "coherence": 0.632
          },
          {
            "date": "2024-05-24",
            "displacement": -0.52,
            "coherence": 0.911
          },
          {
            "date": "2024-06-05",
            "displacement": -0.91,
            "coherence": 0.744
          },
          {
            "date": "2024-06-17",
            "displacement": -0.82,
            "coherence": 0.812
          },
          {
            "date": "2024-06-29",
            "displacement": -1.07,
            "coherence": 0.83
          },
          {
            "date": "2024-07-11",
            "displacement": -1.68,
            "coherence": 0.895
          },
          {
            "date": "2024-07-23",
            "displacement": -1.78,
            "coherence": 0.878
          },
          {
            "date": "2024-08-04",
            "displacement": -2.05,
            "coherence": 0.726
          },
          {
            "date": "2024-08-16",
            "displacement": -2.19,
            "coherence": 0.751
          }
        ],
        "statistics": {
          "mean_displacement": -0.27,
          "std_displacement": 1.04,
          "max_displacement": 1.25,
          "min_displacement": -2.19
        }
      }
    },
    {
      "type": "Feature",
      "geometry": {
        "type": "Point",
        "coordinates": [
          127.042772,
          37.432205
        ]
      },
      "properties": {
        "point_id": "P014",
        "index": 14,
        "velocity": -6.11,
        "timeseries": [
          {
            "date": "2024-01-01",
            "displacement": -0.61,
            "coherence": 0.871
          },
          {
            "date": "2024-01-13",
            "displacement": -1.48,
            "coherence": 0.868
          },
          {
            "date": "2024-01-25",
            "displacement": -1.57,
            "coherence": 0.69
          },
          {
            "date": "2024-02-06",
            "displacement": -2.66,
            "coherence": 0.79
          },
          {
            "date": "2024-02-18",
            "displacement": -3.6,
            "coherence": 0.657
          },
          {
            "date": "2024-03-01",
            "displacement": -3.55,
            "coherence": 0.893
          },
          {
            "date": "2024-03-13",
            "displacement": -2.87,
            "coherence": 0.715
          },
          {
            "date": "2024-03-25",
            "displacement": -3.71,
            "coherence": 0.729
          },
          {
            "date": "2024-04-06",
            "displacement": -4.01,
            "coherence": 0.853
          },
          {
            "date": "2024-04-18",
            "displacement": -4.46,
            "coherence": 0.752
          },
          {
            "date": "2024-04-30",
            "displacement": -3.92,
            "coherence": 0.658
          },
          {
            "date": "2024-05-12",
            "displacement": -4.31,
            "coherence": 0.635
          },
          {
            "date": "2024-05-24",
            "displacement": -4.64,
            "coherence": 0.803
          },
          {
            "date": "2024-06-05",
            "displacement": -4.34,
            "coherence": 0.937
          },
          {
            "date": "2024-06-17",
            "displacement": -4.22,
            "coherence": 0.823
          },
          {
            "date": "2024-06-29",
            "displacement": -4.7,
            "coherence": 0.941
          },
          {
            "date": "2024-07-11",
            "displacement": -5.35,
            "coherence": 0.876
          },
          {
            "date": "2024-07-23",
            "displacement": -6.04,
            "coherence": 0.945
          },
          {
            "date": "2024-08-04",
            "displacement": -6.45,
            "coherence": 0.781
          },
          {
            "date": "2024-08-16",
            "displacement": -6.87,
            "coherence": 0.618
          }
        ],
        "statistics": {
          "mean_displacement": -3.97,
          "std_displacement": 1.56,
          "max_displacement": -0.61,
          "min_displacement": -6.87
        }
      }
    },
    {
      "type": "Feature",
      "geometry": {
        "type": "Point",
        "coordinates": [
          126.901977,
          37.486556
        ]
      },
      "properties": {
        "point_id": "P015",
        "index": 15,
        "velocity": -7.27,
        "timeseries": [
          {
            "date": "2024-01-01",
            "displacement": -0.95,
            "coherence": 0.661
          },
          {
            "date": "2024-01-13",
            "displacement": -1.56,
            "coherence": 0.892
          },
          {
            "date": "2024-01-25",
            "displacement": -1.87,
            "coherence": 0.799
          },
          {
            "date": "2024-02-06",
            "displacement": -1.17,
            "coherence": 0.92
          },
          {
            "date": "2024-02-18",
            "displacement": -0.96,
            "coherence": 0.917
          },
          {
            "date": "2024-03-01",
            "displacement": -1.07,
            "coherence": 0.627
          },
          {
            "date": "2024-03-13",
            "displacement": -1.9,
            "coherence": 0.734
          },
          {
            "date": "2024-03-25",
            "displacement": -1.81,
            "coherence": 0.827
          },
          {
            "date": "2024-04-06",
            "displacement": -2.47,
            "coherence": 0.641
          },
          {
            "date": "2024-04-18",
            "displacement": -2.71,
            "coherence": 0.87
          },
          {
            "date": "2024-04-30",
            "displacement": -2.52,
            "coherence": 0.687
          },
          {
            "date": "2024-05-12",
            "displacement": -3.08,
            "coherence": 0.827
          },
          {
            "date": "2024-05-24",
            "displacement": -3.45,
            "coherence": 0.908
          },
          {
            "date": "2024-06-05",
            "displacement": -3.55,
            "coherence": 0.924
          },
          {
            "date": "2024-06-17",
            "displacement": -3.95,
            "coherence": 0.604
          },
          {
            "date": "2024-06-29",
            "displacement": -3.83,
            "coherence": 0.704
          },
          {
            "date": "2024-07-11",
            "displacement": -3.69,
            "coherence": 0.701
          },
          {
            "date": "2024-07-23",
            "displacement": -3.32,
            "coherence": 0.812
          },
          {
            "date": "2024-08-04",
            "displacement": -3.21,
            "coherence": 0.937
          },
          {
            "date": "2024-08-16",
            "displacement": -3.41,
            "coherence": 0.915
          }
        ],
        "statistics": {
          "mean_displacement": -2.52,
          "std_displacement": 1.01,
          "max_displacement": -0.95,
          "min_displacement": -3.95
        }
      }
    },
    {
      "type": "Feature",
      "geometry": {
        "type": "Point",
        "coordinates": [
          127.03207,
          37.513166
        ]
      },
      "properties": {
        "point_id": "P016",
        "index": 16,
        "velocity": -5.08,
        "timeseries": [
          {
            "date": "2024-01-01",
            "displacement": -0.69,
            "coherence": 0.73
          },
          {
            "date": "2024-01-13",
            "displacement": -1.19,
            "coherence": 0.728
          },
          {
            "date": "2024-01-25",
            "displacement": -0.62,
            "coherence": 0.937
          },
          {
            "date": "2024-02-06",
            "displacement": -0.25,
            "coherence": 0.843
          },
          {
            "date": "2024-02-18",
            "displacement": 0.55,
            "coherence": 0.885
          },
          {
            "date": "2024-03-01",
            "displacement": 1.36,
            "coherence": 0.897
          },
          {
            "date": "2024-03-13",
            "displacement": 1.59,
            "coherence": 0.686
          },
          {
            "date": "2024-03-25",
            "displacement": 1.24,
            "coherence": 0.622
          },
          {
            "date": "2024-04-06",
            "displacement": 0.6,
            "coherence": 0.605
          },
          {
            "date": "2024-04-18",
            "displacement": -0.13,
            "coherence": 0.785
          },
          {
            "date": "2024-04-30",
            "displacement": -0.02,
            "coherence": 0.634
          },
          {
            "date": "2024-05-12",
            "displacement": -1.37,
            "coherence": 0.818
          },
          {
            "date": "2024-05-24",
            "displacement": -1.24,
            "coherence": 0.838
          },
          {
            "date": "2024-06-05",
            "displacement": -1.42,
            "coherence": 0.852
          },
          {
            "date": "2024-06-17",
            "displacement": -1.17,
            "coherence": 0.909
          },
          {
            "date": "2024-06-29",
            "displacement": -0.81,
            "coherence": 0.694
          },
          {
            "date": "2024-07-11",
            "displacement": -1.18,
            "coherence": 0.608
          },
          {
            "date": "2024-07-23",
            "displacement": -0.94,
            "coherence": 0.72
          },
          {
            "date": "2024-08-04",
            "displacement": -0.85,
            "coherence": 0.677
          },
          {
            "date": "2024-08-16",
            "displacement": -0.28,
            "coherence": 0.918
          }
        ],
        "statistics": {
          "mean_displacement": -0.34,
          "std_displacement": 0.93,
          "max_displacement": 1.59,
          "min_displacement": -1.42
        }
      }
    },
    {
      "type": "Feature",
      "geometry": {
        "type": "Point",
        "coordinates": [
          127.067648,
          37.488179
        ]
      },
      "properties": {
        "point_id": "P017",
        "index": 17,
        "velocity": -3.54,
        "timeseries": [
          {
            "date": "2024-01-01",
            "displacement": -0.2,
            "coherence": 0.709
          },
          {
            "date": "2024-01-13",
            "displacement": -0.12,
            "coherence": 0.664
          },
          {
            "date": "2024-01-25",
            "displacement": -0.12,
            "coherence": 0.696
          },
          {
            "date": "2024-02-06",
            "displacement": -0.63,
            "coherence": 0.889
          },
          {
            "date": "2024-02-18",
            "displacement": -0.77,
            "coherence": 0.823
          },
          {
            "date": "2024-03-01",
            "displacement": -1.27,
            "coherence": 0.717
          },
          {
            "date": "2024-03-13",
            "displacement": -0.93,
            "coherence": 0.892
          },
          {
            "date": "2024-03-25",
            "displacement": -0.24,
            "coherence": 0.881
          },
          {
            "date": "2024-04-06",
            "displacement": -0.47,
            "coherence": 0.82
          },
          {
            "date": "2024-04-18",
            "displacement": -0.9,
            "coherence": 0.83
          },
          {
            "date": "2024-04-30",
            "displacement": -1.01,
            "coherence": 0.868
          },
          {
            "date": "2024-05-12",
            "displacement": -1.59,
            "coherence": 0.716
          },
          {
            "date": "2024-05-24",
            "displacement": -2.01,
            "coherence": 0.798
          },
          {
            "date": "2024-06-05",
            "displacement": -1.5,
            "coherence": 0.922
          },
          {
            "date": "2024-06-17",
            "displacement": -1.56,
            "coherence": 0.797
          },
          {
            "date": "2024-06-29",
            "displacement": -1.67,
            "coherence": 0.884
          },
          {
            "date": "2024-07-11",
            "displacement": -0.82,
            "coherence": 0.698
          },
          {
            "date": "2024-07-23",
            "displacement": -1.16,
            "coherence": 0.924
          },
          {
            "date": "2024-08-04",
            "displacement": -1.17,
            "coherence": 0.755
          },
          {
            "date": "2024-08-16",
            "displacement": -0.67,
            "coherence": 0.885
          }
        ],
        "statistics": {
          "mean_displacement": -0.94,
          "std_displacement": 0.54,
          "max_displacement": -0.12,
          "min_displacement": -2.01
        }
      }
    },
    {
      "type": "Feature",
      "geometry": {
        "type": "Point",
        "coordinates": [
          126.980672,
          37.448913
        ]
      },
      "properties": {
        "point_id": "P018",
        "index": 18,
        "velocity": -6.75,
        "timeseries": [
          {
            "date": "2024-01-01",
            "displacement": 0.06,
            "coherence": 0.806
          },
          {
            "date": "2024-01-13",
            "displacement": -0.46,
            "coherence": 0.777
          },
          {
            "date": "2024-01-25",
            "displacement": -0.44,
            "coherence": 0.829
          },
          {
            "date": "2024-02-06",
            "displacement": -0.79,
            "coherence": 0.856
          },
          {
            "date": "2024-02-18",
            "displacement": -1.22,
            "coherence": 0.607
          },
          {
            "date": "2024-03-01",
            "displacement": -2.61,
            "coherence": 0.655
          },
          {
            "date": "2024-03-13",
            "displacement": -2.9,
            "coherence": 0.634
          },
          {
            "date": "2024-03-25",
            "displacement": -3.25,
            "coherence": 0.77
          },
          {
            "date": "2024-04-06",
            "displacement": -3.03,
            "coherence": 0.669
          },
          {
            "date": "2024-04-18",
            "displacement": -3.09,
            "coherence": 0.606
          },
          {
            "date": "2024-04-30",
            "displacement": -4.02,
            "coherence": 0.932
          },
          {
            "date": "2024-05-12",
            "displacement": -4.32,
            "coherence": 0.751
          },
          {
            "date": "2024-05-24",
            "displacement": -4.21,
            "coherence": 0.656
          },
          {
            "date": "2024-06-05",
            "displacement": -4.79,
            "coherence": 0.729
          },
          {
            "date": "2024-06-17",
            "displacement": -4.76,
            "coherence": 0.805
          },
          {
            "date": "2024-06-29",
            "displacement": -4.89,
            "coherence": 0.684
          },
          {
            "date": "2024-07-11",
            "displacement": -4.59,
            "coherence": 0.813
          },
          {
            "date": "2024-07-23",
            "displacement": -5.49,
            "coherence": 0.745
          },
          {
            "date": "2024-08-04",
            "displacement": -5.5,
            "coherence": 0.813
          },
          {
            "date": "2024-08-16",
            "displacement": -6.06,
            "coherence": 0.861
          }
        ],
        "statistics": {
          "mean_displacement": -3.32,
          "std_displacement": 1.83,
          "max_displacement": 0.06,
          "min_displacement": -6.06
        }
      }
    },
    {
      "type": "Feature",
      "geometry": {
        "type": "Point",
        "coordinates": [
          127.067564,
          37.436364
        ]
      },
      "properties": {
        "point_id": "P019",
        "index": 19,
        "velocity": -4.93,
        "timeseries": [
          {
            "date": "2024-01-01",
            "displacement": -0.32,
            "coherence": 0.628
          },
          {
            "date": "2024-01-13",
            "displacement": -0.37,
            "coherence": 0.772
          },
          {
            "date": "2024-01-25",
            "displacement": -0.94,
            "coherence": 0.858
          },
          {
            "date": "2024-02-06",
            "displacement": -0.66,
            "coherence": 0.625
          },
          {
            "date": "2024-02-18",
            "displacement": -0.32,
            "coherence": 0.798
          },
          {
            "date": "2024-03-01",
            "displacement": -0.78,
            "coherence": 0.859
          },
          {
            "date": "2024-03-13",
            "displacement": -0.86,
            "coherence": 0.61
          },
          {
            "date": "2024-03-25",
            "displacement": -1.29,
            "coherence": 0.943
          },
          {
            "date": "2024-04-06",
            "displacement": -1.39,
            "coherence": 0.825
          },
          {
            "date": "2024-04-18",
            "displacement": -1.23,
            "coherence": 0.672
          },
          {
            "date": "2024-04-30",
            "displacement": -1.27,
            "coherence": 0.833
          },
          {
            "date": "2024-05-12",
            "displacement": -1.1,
            "coherence": 0.916
          },
          {
            "date": "2024-05-24",
            "displacement": -0.86,
            "coherence": 0.676
          },
          {
            "date": "2024-06-05",
            "displacement": -0.22,
            "coherence": 0.722
          },
          {
            "date": "2024-06-17",
            "displacement": 0.74,
            "coherence": 0.924
          },
          {
            "date": "2024-06-29",
            "displacement": 0.95,
            "coherence": 0.702
          },
          {
            "date": "2024-07-11",
            "displacement": 0.93,
            "coherence": 0.732
          },
          {
            "date": "2024-07-23",
            "displacement": -0.81,
            "coherence": 0.665
          },
          {
            "date": "2024-08-04",
            "displacement": 0.01,
            "coherence": 0.686
          },
          {
            "date": "2024-08-16",
            "displacement": -0.25,
            "coherence": 0.828
          }
        ],
        "statistics": {
          "mean_displacement": -0.5,
          "std_displacement": 0.7,
          "max_displacement": 0.95,
          "min_displacement": -1.39
        }
      }
    },
    {
      "type": "Feature",
      "geometry": {
        "type": "Point",
        "coordinates": [
          127.051025,
          37.593869
        ]
      },
      "properties": {
        "point_id": "P020",
        "index": 20,
        "velocity": -5.23,
        "timeseries": [
          {
            "date": "2024-01-01",
            "displacement": -1.31,
            "coherence": 0.676
          },
          {
            "date": "2024-01-13",
            "displacement": -2.25,
            "coherence": 0.666
          },
          {
            "date": "2024-01-25",
            "displacement": -2.84,
            "coherence": 0.688
          },
          {
            "date": "2024-02-06",
            "displacement": -3.5,
            "coherence": 0.672
          },
          {
            "date": "2024-02-18",
            "displacement": -3.14,
            "coherence": 0.729
          },
          {
            "date": "2024-03-01",
            "displacement": -3.27,
            "coherence": 0.647
          },
          {
            "date": "2024-03-13",
            "displacement": -3.12,
            "coherence": 0.938
          },
          {
            "date": "2024-03-25",
            "displacement": -3.4,
            "coherence": 0.789
          },
          {
            "date": "2024-04-06",
            "displacement": -3.68,
            "coherence": 0.939
          },
          {
            "date": "2024-04-18",
            "displacement": -3.68,
            "coherence": 0.902
          },
          {
            "date": "2024-04-30",
            "displacement": -3.77,
            "coherence": 0.911
          },
          {
            "date": "2024-05-12",
            "displacement": -4.78,
            "coherence": 0.626
          },
          {
            "date": "2024-05-24",
            "displacement": -5.34,
            "coherence": 0.844
          },
          {
            "date": "2024-06-05",
            "displacement": -4.96,
            "coherence": 0.864
          },
          {
            "date": "2024-06-17",
            "displacement": -4.88,
            "coherence": 0.705
          },
          {
            "date": "2024-06-29",
            "displacement": -4.78,
            "coherence": 0.828
          },
          {
            "date": "2024-07-11",
            "displacement": -4.66,
            "coherence": 0.665
          },
          {
            "date": "2024-07-23",
            "displacement": -4.67,
            "coherence": 0.855
          },
          {
            "date": "2024-08-04",
            "displacement": -4.04,
            "coherence": 0.621
          },
          {
            "date": "2024-08-16",
            "displacement": -4.1,
            "coherence": 0.766
          }
        ],
        "statistics": {
          "mean_displacement": -3.81,
          "std_displacement": 0.99,
          "max_displacement": -1.31,
          "min_displacement": -5.34
        }
      }
    },
    {
      "type": "Feature",
      "geometry": {
        "type": "Point",
        "coordinates": [
          126.917409,
          37.537121
        ]
      },
      "properties": {
        "point_id": "P021",
        "index": 21,
        "velocity": -6.17,
        "timeseries": [
          {
            "date": "2024-01-01",
            "displacement": -0.1,
            "coherence": 0.903
          },
          {
            "date": "2024-01-13",
            "displacement": -0.02,
            "coherence": 0.853
          },
          {
            "date": "2024-01-25",
            "displacement": -0.42,
            "coherence": 0.605
          },
          {
            "date": "2024-02-06",
            "displacement": -0.69,
            "coherence": 0.886
          },
          {
            "date": "2024-02-18",
            "displacement": -1.13,
            "coherence": 0.79
          },
          {
            "date": "2024-03-01",
            "displacement": -2.12,
            "coherence": 0.615
          },
          {
            "date": "2024-03-13",
            "displacement": -2.47,
            "coherence": 0.846
          },
          {
            "date": "2024-03-25",
            "displacement": -1.89,
            "coherence": 0.829
          },
          {
            "date": "2024-04-06",
            "displacement": -1.38,
            "coherence": 0.804
          },
          {
            "date": "2024-04-18",
            "displacement": -1.44,
            "coherence": 0.793
          },
          {
            "date": "2024-04-30",
            "displacement": -1.42,
            "coherence": 0.833
          },
          {
            "date": "2024-05-12",
            "displacement": -1.61,
            "coherence": 0.807
          },
          {
            "date": "2024-05-24",
            "displacement": -1.24,
            "coherence": 0.716
          },
          {
            "date": "2024-06-05",
            "displacement": -0.97,
            "coherence": 0.69
          },
          {
            "date": "2024-06-17",
            "displacement": -0.97,
            "coherence": 0.778
          },
          {
            "date": "2024-06-29",
            "displacement": -0.64,
            "coherence": 0.827
          },
          {
            "date": "2024-07-11",
            "displacement": -0.98,
            "coherence": 0.935
          },
          {
            "date": "2024-07-23",
            "displacement": -1.35,
            "coherence": 0.933
          },
          {
            "date": "2024-08-04",
            "displacement": -1.76,
            "coherence": 0.829
          },
          {
            "date": "2024-08-16",
            "displacement": -1.86,
            "coherence": 0.921
          }
        ],
        "statistics": {
          "mean_displacement": -1.22,
          "std_displacement": 0.63,
          "max_displacement": -0.02,
          "min_displacement": -2.47
        }
      }
    },
    {
      "type": "Feature",
      "geometry": {
        "type": "Point",
        "coordinates": [
          126.934444,
          37.507325
        ]
      },
      "properties": {
        "point_id": "P022",
        "index": 22,
        "velocity": 3.74,
        "timeseries": [
          {
            "date": "2024-01-01",
            "displacement": -0.39,
            "coherence": 0.644
          },
          {
            "date": "2024-01-13",
            "displacement": 0.0,
            "coherence": 0.812
          },
          {
            "date": "2024-01-25",
            "displacement": -0.55,
            "coherence": 0.634
          },
          {
            "date": "2024-02-06",
            "displacement": 0.05,
            "coherence": 0.689
          },
          {
            "date": "2024-02-18",
            "displacement": -0.7,
            "coherence": 0.662
          },
          {
            "date": "2024-03-01",
            "displacement": 0.11,
            "coherence": 0.908
          },
          {
            "date": "2024-03-13",
            "displacement": 0.73,
            "coherence": 0.601
          },
          {
            "date": "2024-03-25",
            "displacement": 1.56,
            "coherence": 0.702
          },
          {
            "date": "2024-04-06",
            "displacement": 1.42,
            "coherence": 0.867
          },
          {
            "date": "2024-04-18",
            "displacement": 1.0,
            "coherence": 0.922
          },
          {
            "date": "2024-04-30",
            "displacement": 1.94,
            "coherence": 0.794
          },
          {
            "date": "2024-05-12",
            "displacement": 2.74,
            "coherence": 0.756
          },
          {
            "date": "2024-05-24",
            "displacement": 3.04,
            "coherence": 0.886
          },
          {
            "date": "2024-06-05",
            "displacement": 3.4,
            "coherence": 0.825
          },
          {
            "date": "2024-06-17",
            "displacement": 3.45,
            "coherence": 0.926
          },
          {
            "date": "2024-06-29",
            "displacement": 3.7,
            "coherence": 0.685
          },
          {
            "date": "2024-07-11",
            "displacement": 3.73,
            "coherence": 0.708
          },
          {
            "date": "2024-07-23",
            "displacement": 3.32,
            "coherence": 0.713
          },
          {
            "date": "2024-08-04",
            "displacement": 3.5,
            "coherence": 0.87
          },
          {
            "date": "2024-08-16",
            "displacement": 3.19,
            "coherence": 0.717
          }
        ],
        "statistics": {
          "mean_displacement": 1.76,
          "std_displacement": 1.58,
          "max_displacement": 3.73,
          "min_displacement": -0.7
        }
      }
    },
    {
      "type": "Feature",
      "geometry": {
        "type": "Point",
        "coordinates": [
          127.060862,
          37.411121
        ]
      },
      "properties": {
        "point_id": "P023",
        "index": 23,
        "velocity": -1.75,
        "timeseries": [
          {
            "date": "2024-01-01",
            "displacement": -0.3,
            "coherence": 0.917
          },
          {
            "date": "2024-01-13",
            "displacement": -0.03,
            "coherence": 0.67
          },
          {
            "date": "2024-01-25",
            "displacement": 0.36,
            "coherence": 0.88
          },
          {
            "date": "2024-02-06",
            "displacement": 0.54,
            "coherence": 0.751
          },
          {
            "date": "2024-02-18",
            "displacement": 0.59,
            "coherence": 0.76
          },
          {
            "date": "2024-03-01",
            "displacement": 0.92,
            "coherence": 0.929
          },
          {
            "date": "2024-03-13",
            "displacement": 0.75,
            "coherence": 0.81
          },
          {
            "date": "2024-03-25",
            "displacement": 1.01,
            "coherence": 0.909
          },
          {
            "date": "2024-04-06",
            "displacement": 1.54,
            "coherence": 0.609
          },
          {
            "date": "2024-04-18",
            "displacement": 1.49,
            "coherence": 0.668
          },
          {
            "date": "2024-04-30",
            "displacement": 0.87,
            "coherence": 0.826
          },
          {
            "date": "2024-05-12",
            "displacement": 0.52,
            "coherence": 0.887
          },
          {
            "date": "2024-05-24",
            "displacement": 0.19,
            "coherence": 0.763
          },
          {
            "date": "2024-06-05",
            "displacement": -0.03,
            "coherence": 0.631
          },
          {
            "date": "2024-06-17",
            "displacement": 0.17,
            "coherence": 0.884
          },
          {
            "date": "2024-06-29",
            "displacement": -0.29,
            "coherence": 0.675
          },
          {
            "date": "2024-07-11",
            "displacement": -0.8,
            "coherence": 0.657
          },
          {
            "date": "2024-07-23",
            "displacement": -0.33,
            "coherence": 0.788
          },
          {
            "date": "2024-08-04",
            "displacement": 0.07,
            "coherence": 0.605
          },
          {
            "date": "2024-08-16",
            "displacement": 0.11,
            "coherence": 0.728
          }
        ],
        "statistics": {
          "mean_displacement": 0.37,
          "std_displacement": 0.6,
          "max_displacement": 1.54,
          "min_displacement": -0.8
        }
      }
    },
    {
      "type": "Feature",
      "geometry": {
        "type": "Point",
        "coordinates": [
          127.036792,
          37.473508
        ]
      },
      "properties": {
        "point_id": "P024",
        "index": 24,
        "velocity": -6.89,
        "timeseries": [
          {
            "date": "2024-01-01",
            "displacement": 0.06,
            "coherence": 0.846
          },
          {
            "date": "2024-01-13",
            "displacement": -0.23,
            "coherence": 0.934
          },
          {
            "date": "2024-01-25",
            "displacement": -1.04,
            "coherence": 0.618
          },
          {
            "date": "2024-02-06",
            "displacement": -1.34,
            "coherence": 0.927
          },
          {
            "date": "2024-02-18",
            "displacement": -0.78,
            "coherence": 0.776
          },
          {
            "date": "2024-03-01",
            "displacement": -1.0,
            "coherence": 0.941
          },
          {
            "date": "2024-03-13",
            "displacement": -1.07,
            "coherence": 0.816
          },
          {
            "date": "2024-03-25",
            "displacement": -0.72,
            "coherence": 0.896
          },
          {
            "date": "2024-04-06",
            "displacement": -0.18,
            "coherence": 0.814
          },
          {
            "date": "2024-04-18",
            "displacement": -0.34,
            "coherence": 0.877
          },
          {
            "date": "2024-04-30",
            "displacement": -0.58,
            "coherence": 0.87
          },
          {
            "date": "2024-05-12",
            "displacement": -0.99,
            "coherence": 0.748
          },
          {
            "date": "2024-05-24",
            "displacement": -0.72,
            "coherence": 0.889
          },
          {
            "date": "2024-06-05",
            "displacement": -0.85,
            "coherence": 0.694
          },
          {
            "date": "2024-06-17",
            "displacement": -1.17,
            "coherence": 0.915
          },
          {
            "date": "2024-06-29",
            "displacement": -1.24,
            "coherence": 0.641
          },
          {
            "date": "2024-07-11",
            "displacement": -0.91,
            "coherence": 0.669
          },
          {
            "date": "2024-07-23",
            "displacement": -0.91,
            "coherence": 0.743
          },
          {
            "date": "2024-08-04",
            "displacement": -0.97,
            "coherence": 0.928
          },
          {
            "date": "2024-08-16",
            "displacement": -1.76,
            "coherence": 0.751
          }
        ],
        "statistics": {
          "mean_displacement": -0.84,
          "std_displacement": 0.42,
          "max_displacement": 0.06,
          "min_displacement": -1.76
        }
      }
    },
    {
      "type": "Feature",
      "geometry": {
        "type": "Point",
        "coordinates": [
          126.940203,
          37.489477
        ]
      },
      "properties": {
        "point_id": "P025",
        "index": 25,
        "velocity": -2.08,
        "timeseries": [
          {
            "date": "2024-01-01",
            "displacement": -0.51,
            "coherence": 0.742
          },
          {
            "date": "2024-01-13",
            "displacement": 0.16,
            "coherence": 0.622
          },
          {
            "date": "2024-01-25",
            "displacement": -0.28,
            "coherence": 0.88
          },
          {
            "date": "2024-02-06",
            "displacement": -0.43,
            "coherence": 0.684
          },
          {
            "date": "2024-02-18",
            "displacement": -0.26,
            "coherence": 0.805
          },
          {
            "date": "2024-03-01",
            "displacement": 0.0,
            "coherence": 0.626
          },
          {
            "date": "2024-03-13",
            "displacement": -0.03,
            "coherence": 0.612
          },
          {
            "date": "2024-03-25",
            "displacement": -0.3,
            "coherence": 0.777
          },
          {
            "date": "2024-04-06",
            "displacement": -0.9,
            "coherence": 0.817
          },
          {
            "date": "2024-04-18",
            "displacement": -1.16,
            "coherence": 0.673
          },
          {
            "date": "2024-04-30",
            "displacement": -0.37,
            "coherence": 0.877
          },
          {
            "date": "2024-05-12",
            "displacement": -0.72,
            "coherence": 0.624
          },
          {
            "date": "2024-05-24",
            "displacement": -1.11,
            "coherence": 0.837
          },
          {
            "date": "2024-06-05",
            "displacement": -1.79,
            "coherence": 0.613
          },
          {
            "date": "2024-06-17",
            "displacement": -2.48,
            "coherence": 0.813
          },
          {
            "date": "2024-06-29",
            "displacement": -2.76,
            "coherence": 0.706
          },
          {
            "date": "2024-07-11",
            "displacement": -2.99,
            "coherence": 0.866
          },
          {
            "date": "2024-07-23",
            "displacement": -2.74,
            "coherence": 0.909
          },
          {
            "date": "2024-08-04",
            "displacement": -2.7,
            "coherence": 0.924
          },
          {
            "date": "2024-08-16",
            "displacement": -3.47,
            "coherence": 0.929
          }
        ],
        "statistics": {
          "mean_displacement": -1.24,
          "std_displacement": 1.15,
          "max_displacement": 0.16,
          "min_displacement": -3.47
        }
      }
    },
    {
      "type": "Feature",
      "geometry": {
        "type": "Point",
        "coordinates": [
          126.958429,
          37.45937
        ]
      },
      "properties": {
        "point_id": "P026",
        "index": 26,
        "velocity": -0.93,
        "timeseries": [
          {
            "date": "2024-01-01",
            "displacement": 0.25,
            "coherence": 0.871
          },
          {
            "date": "2024-01-13",
            "displacement": 0.61,
            "coherence": 0.756
          },
          {
            "date": "2024-01-25",
            "displacement": -0.58,
            "coherence": 0.755
          },
          {
            "date": "2024-02-06",
            "displacement": -0.72,
            "coherence": 0.93
          },
          {
            "date": "2024-02-18",
            "displacement": -0.46,
            "coherence": 0.68
          },
          {
            "date": "2024-03-01",
            "displacement": 0.11,
            "coherence": 0.867
          },
          {
            "date": "2024-03-13",
            "displacement": -0.87,
            "coherence": 0.816
          },
          {
            "date": "2024-03-25",
            "displacement": -1.27,
            "coherence": 0.626
          },
          {
            "date": "2024-04-06",
            "displacement": -1.65,
            "coherence": 0.848
          },
          {
            "date": "2024-04-18",
            "displacement": -2.18,
            "coherence": 0.627
          },
          {
            "date": "2024-04-30",
            "displacement": -2.47,
            "coherence": 0.795
          },
          {
            "date": "2024-05-12",
            "displacement": -2.3,
            "coherence": 0.671
          },
          {
            "date": "2024-05-24",
            "displacement": -1.71,
            "coherence": 0.748
          },
          {
            "date": "2024-06-05",
            "displacement": -1.62,
            "coherence": 0.854
          },
          {
            "date": "2024-06-17",
            "displacement": -1.35,
            "coherence": 0.929
          },
          {
            "date": "2024-06-29",
            "displacement": -2.04,
            "coherence": 0.762
          },
          {
            "date": "2024-07-11",
            "displacement": -2.13,
            "coherence": 0.821
          },
          {
            "date": "2024-07-23",
            "displacement": -2.53,
            "coherence": 0.851
          },
          {
            "date": "2024-08-04",
            "displacement": -2.18,
            "coherence": 0.735
          },
          {
            "date": "2024-08-16",
            "displacement": -1.81,
            "coherence": 0.907
          }
        ],
        "statistics": {
          "mean_displacement": -1.35,
          "std_displacement": 0.92,
          "max_displacement": 0.61,
          "min_displacement": -2.53
        }
      }
    },
    {
      "type": "Feature",
      "geometry": {
        "type": "Point",
        "coordinates": [
          126.902159,
          37.461833
        ]
      },
      "properties": {
        "point_id": "P027",
        "index": 27,
        "velocity": -3.14,
        "timeseries": [
          {
            "date": "2024-01-01",
            "displacement": 0.78,
            "coherence": 0.794
          },
          {
            "date": "2024-01-13",
            "displacement": 0.39,
            "coherence": 0.855
          },
          {
            "date": "2024-01-25",
            "displacement": 0.19,
            "coherence": 0.874
          },
          {
            "date": "2024-02-06",
            "displacement": 0.03,
            "coherence": 0.84
          },
          {
            "date": "2024-02-18",
            "displacement": -0.18,
            "coherence": 0.772
          },
          {
            "date": "2024-03-01",
            "displacement": -0.1,
            "coherence": 0.808
          },
          {
            "date": "2024-03-13",
            "displacement": 0.15,
            "coherence": 0.689
          },
          {
            "date": "2024-03-25",
            "displacement": -0.13,
            "coherence": 0.898
          },
          {
            "date": "2024-04-06",
            "displacement": 0.39,
            "coherence": 0.882
          },
          {
            "date": "2024-04-18",
            "displacement": -0.37,
            "coherence": 0.896
          },
          {
            "date": "2024-04-30",
            "displacement": -0.4,
            "coherence": 0.792
          },
          {
            "date": "2024-05-12",
            "displacement": -0.29,
            "coherence": 0.917
          },
          {
            "date": "2024-05-24",
            "displacement": -0.29,
            "coherence": 0.882
          },
          {
            "date": "2024-06-05",
            "displacement": 0.28,
            "coherence": 0.714
          },
          {
            "date": "2024-06-17",
            "displacement": 0.75,
            "coherence": 0.781
          },
          {
            "date": "2024-06-29",
            "displacement": 0.96,
            "coherence": 0.75
          },
          {
            "date": "2024-07-11",
            "displacement": -0.16,
            "coherence": 0.616
          },
          {
            "date": "2024-07-23",
            "displacement": 0.53,
            "coherence": 0.803
          },
          {
            "date": "2024-08-04",
            "displacement": 0.33,
            "coherence": 0.872
          },
          {
            "date": "2024-08-16",
            "displacement": 0.01,
            "coherence": 0.622
          }
        ],
        "statistics": {
          "mean_displacement": 0.14,
          "std_displacement": 0.39,
          "max_displacement": 0.96,
          "min_displacement": -0.4
        }
      }
    },
    {
      "type": "Feature",
      "geometry": {
        "type": "Point",
        "coordinates": [
          126.994586,
          37.420797
        ]
      },
      "properties": {
        "point_id": "P028",
        "index": 28,
        "velocity": -4.03,
        "timeseries": [
          {
            "date": "2024-01-01",
            "displacement": 0.24,
            "coherence": 0.668
          },
          {
            "date": "2024-01-13",
            "displacement": 0.08,
            "coherence": 0.851
          },
          {
            "date": "2024-01-25",
            "displacement": 0.36,
            "coherence": 0.7
          },
          {
            "date": "2024-02-06",
            "displacement": 0.26,
            "coherence": 0.931
          },
          {
            "date": "2024-02-18",
            "displacement": -0.14,
            "coherence": 0.933
          },
          {
            "date": "2024-03-01",
            "displacement": 0.58,
            "coherence": 0.671
          },
          {
            "date": "2024-03-13",
            "displacement": 0.62,
            "coherence": 0.903
          },
          {
            "date": "2024-03-25",
            "displacement": 0.9,
            "coherence": 0.711
          },
          {
            "date": "2024-04-06",
            "displacement": 0.57,
            "coherence": 0.778
          },
          {
            "date": "2024-04-18",
            "displacement": 0.7,
            "coherence": 0.668
          },
          {
            "date": "2024-04-30",
            "displacement": 0.39,
            "coherence": 0.607
          },
          {
            "date": "2024-05-12",
            "displacement": 0.81,
            "coherence": 0.667
          },
          {
            "date": "2024-05-24",
            "displacement": 0.65,
            "coherence": 0.92
          },
          {
            "date": "2024-06-05",
            "displacement": 1.01,
            "coherence": 0.773
          },
          {
            "date": "2024-06-17",
            "displacement": 0.96,
            "coherence": 0.908
          },
          {
            "date": "2024-06-29",
            "displacement": 1.42,
            "coherence": 0.892
          },
          {
            "date": "2024-07-11",
            "displacement": 1.18,
            "coherence": 0.896
          },
          {
            "date": "2024-07-23",
            "displacement": 0.58,
            "coherence": 0.61
          },
          {
            "date": "2024-08-04",
            "displacement": 0.27,
            "coherence": 0.715
          },
          {
            "date": "2024-08-16",
            "displacement": 0.19,
            "coherence": 0.824
          }
        ],
        "statistics": {
          "mean_displacement": 0.58,
          "std_displacement": 0.38,
          "max_displacement": 1.42,
          "min_displacement": -0.14
        }
      }
    },
    {
      "type": "Feature",
      "geometry": {
        "type": "Point",
        "coordinates": [
          126.957271,
          37.547315
        ]
      },
      "properties": {
        "point_id": "P029",
        "index": 29,
        "velocity": -0.73,
        "timeseries": [
          {
            "date": "2024-01-01",
            "displacement": 0.22,
            "coherence": 0.679
          },
          {
            "date": "2024-01-13",
            "displacement": -0.34,
            "coherence": 0.697
          },
          {
            "date": "2024-01-25",
            "displacement": -1.42,
            "coherence": 0.709
          },
          {
            "date": "2024-02-06",
            "displacement": -2.74,
            "coherence": 0.771
          },
          {
            "date": "2024-02-18",
            "displacement": -3.88,
            "coherence": 0.873
          },
          {
            "date": "2024-03-01",
            "displacement": -3.63,
            "coherence": 0.755
          },
          {
            "date": "2024-03-13",
            "displacement": -4.38,
            "coherence": 0.726
          },
          {
            "date": "2024-03-25",
            "displacement": -5.08,
            "coherence": 0.81
          },
          {
            "date": "2024-04-06",
            "displacement": -4.81,
            "coherence": 0.846
          },
          {
            "date": "2024-04-18",
            "displacement": -4.71,
            "coherence": 0.679
          },
          {
            "date": "2024-04-30",
            "displacement": -4.83,
            "coherence": 0.86
          },
          {
            "date": "2024-05-12",
            "displacement": -4.95,
            "coherence": 0.667
          },
          {
            "date": "2024-05-24",
            "displacement": -5.17,
            "coherence": 0.856
          },
          {
            "date": "2024-06-05",
            "displacement": -5.53,
            "coherence": 0.65
          },
          {
            "date": "2024-06-17",
            "displacement": -5.57,
            "coherence": 0.637
          },
          {
            "date": "2024-06-29",
            "displacement": -5.38,
            "coherence": 0.887
          },
          {
            "date": "2024-07-11",
            "displacement": -4.16,
            "coherence": 0.939
          },
          {
            "date": "2024-07-23",
            "displacement": -4.61,
            "coherence": 0.948
          },
          {
            "date": "2024-08-04",
            "displacement": -4.76,
            "coherence": 0.606
          },
          {
            "date": "2024-08-16",
            "displacement": -4.07,
            "coherence": 0.921
          }
        ],
        "statistics": {
          "mean_displacement": -3.99,
          "std_displacement": 1.62,
          "max_displacement": 0.22,
          "min_displacement": -5.57
        }
      }
    },
    {
      "type": "Feature",
      "geometry": {
        "type": "Point",
        "coordinates": [
          127.057617,
          37.440834
        ]
      },
      "properties": {
        "point_id": "P030",
        "index": 30,
        "velocity": -2.27,
        "timeseries": [
          {
            "date": "2024-01-01",
            "displacement": 0.19,
            "coherence": 0.778
          },
          {
            "date": "2024-01-13",
            "displacement": -0.11,
            "coherence": 0.608
          },
          {
            "date": "2024-01-25",
            "displacement": -0.02,
            "coherence": 0.836
          },
          {
            "date": "2024-02-06",
            "displacement": -0.27,
            "coherence": 0.81
          },
          {
            "date": "2024-02-18",
            "displacement": -0.91,
            "coherence": 0.747
          },
          {
            "date": "2024-03-01",
            "displacement": -0.2,
            "coherence": 0.785
          },
          {
            "date": "2024-03-13",
            "displacement": 0.11,
            "coherence": 0.925
          },
          {
            "date": "2024-03-25",
            "displacement": -0.21,
            "coherence": 0.903
          },
          {
            "date": "2024-04-06",
            "displacement": -0.7,
            "coherence": 0.683
          },
          {
            "date": "2024-04-18",
            "displacement": -0.43,
            "coherence": 0.865
          },
          {
            "date": "2024-04-30",
            "displacement": -0.47,
            "coherence": 0.7
          },
          {
            "date": "2024-05-12",
            "displacement": -1.43,
            "coherence": 0.865
          },
          {
            "date": "2024-05-24",
            "displacement": -1.14,
            "coherence": 0.816
          },
          {
            "date": "2024-06-05",
            "displacement": -0.99,
            "coherence": 0.817
          },
          {
            "date": "2024-06-17",
            "displacement": -1.35,
            "coherence": 0.778
          },
          {
            "date": "2024-06-29",
            "displacement": -1.85,
            "coherence": 0.949
          },
          {
            "date": "2024-07-11",
            "displacement": -1.82,
            "coherence": 0.825
          },
          {
            "date": "2024-07-23",
            "displacement": -1.83,
            "coherence": 0.705
          },
          {
            "date": "2024-08-04",
            "displacement": -1.38,
            "coherence": 0.921
          },
          {
            "date": "2024-08-16",
            "displacement": -1.55,
            "coherence": 0.768
          }
        ],
        "statistics": {
          "mean_displacement": -0.82,
          "std_displacement": 0.67,
          "max_displacement": 0.19,
          "min_displacement": -1.85
        }
      }
    },
    {
      "type": "Feature",
      "geometry": {
        "type": "Point",
        "coordinates": [
          126.983266,
          37.575166
        ]
      },
      "properties": {
        "point_id": "P031",
        "index": 31,
        "velocity": -3.8,
        "timeseries": [
          {
            "date": "2024-01-01",
            "displacement": 0.18,
            "coherence": 0.619
          },
          {
            "date": "2024-01-13",
            "displacement": -0.21,
            "coherence": 0.861
          },
          {
            "date": "2024-01-25",
            "displacement": -0.52,
            "coherence": 0.877
          },
          {
            "date": "2024-02-06",
            "displacement": 0.08,
            "coherence": 0.644
          },
          {
            "date": "2024-02-18",
            "displacement": 0.32,
            "coherence": 0.772
          },
          {
            "date": "2024-03-01",
            "displacement": -0.52,
            "coherence": 0.832
          },
          {
            "date": "2024-03-13",
            "displacement": -1.07,
            "coherence": 0.762
          },
          {
            "date": "2024-03-25",
            "displacement": -0.41,
            "coherence": 0.721
          },
          {
            "date": "2024-04-06",
            "displacement": -0.39,
            "coherence": 0.935
          },
          {
            "date": "2024-04-18",
            "displacement": 0.11,
            "coherence": 0.641
          },
          {
            "date": "2024-04-30",
            "displacement": 0.48,
            "coherence": 0.685
          },
          {
            "date": "2024-05-12",
            "displacement": 0.44,
            "coherence": 0.631
          },
          {
            "date": "2024-05-24",
            "displacement": 0.01,
            "coherence": 0.823
          },
          {
            "date": "2024-06-05",
            "displacement": 0.22,
            "coherence": 0.858
          },
          {
            "date": "2024-06-17",
            "displacement": 1.0,
            "coherence": 0.928
          },
          {
            "date": "2024-06-29",
            "displacement": 1.21,
            "coherence": 0.626
          },
          {
            "date": "2024-07-11",
            "displacement": 1.56,
            "coherence": 0.894
          },
          {
            "date": "2024-07-23",
            "displacement": 0.56,
            "coherence": 0.601
          },
          {
            "date": "2024-08-04",
            "displacement": 0.3,
            "coherence": 0.653
          },
          {
            "date": "2024-08-16",
            "displacement": 0.21,
            "coherence": 0.806
          }
        ],
        "statistics": {
          "mean_displacement": 0.18,
          "std_displacement": 0.61,
          "max_displacement": 1.56,
          "min_displacement": -1.07
        }
      }
    },
    {
      "type": "Feature",
      "geometry": {
        "type": "Point",
        "coordinates": [
          126.948447,
          37.545262
        ]
      },
      "properties": {
        "point_id": "P032",
        "index": 32,
        "velocity": 2.18,
        "timeseries": [
          {
            "date": "2024-01-01",
            "displacement": 1.11,
            "coherence": 0.694
          },
          {
            "date": "2024-01-13",
            "displacement": 1.45,
            "coherence": 0.882
          },
          {
            "date": "2024-01-25",
            "displacement": 1.88,
            "coherence": 0.653
          },
          {
            "date": "2024-02-06",
            "displacement": 2.56,
            "coherence": 0.943
          },
          {
            "date": "2024-02-18",
            "displacement": 2.57,
            "coherence": 0.729
          },
          {
            "date": "2024-03-01",
            "displacement": 3.15,
            "coherence": 0.918
          },
          {
            "date": "2024-03-13",
            "displacement": 4.31,
            "coherence": 0.833
          },
          {
            "date": "2024-03-25",
            "displacement": 4.61,
            "coherence": 0.773
          },
          {
            "date": "2024-04-06",
            "displacement": 4.59,
            "coherence": 0.885
          },
          {
            "date": "2024-04-18",
            "displacement": 4.05,
            "coherence": 0.798
          },
          {
            "date": "2024-04-30",
            "displacement": 4.71,
            "coherence": 0.842
          },
          {
            "date": "2024-05-12",
            "displacement": 4.91,
            "coherence": 0.62
          },
          {
            "date": "2024-05-24",
            "displacement": 5.11,
            "coherence": 0.615
          },
          {
            "date": "2024-06-05",
            "displacement": 5.36,
            "coherence": 0.865
          },
          {
            "date": "2024-06-17",
            "displacement": 6.2,
            "coherence": 0.756
          },
          {
            "date": "2024-06-29",
            "displacement": 6.65,
            "coherence": 0.856
          },
          {
            "date": "2024-07-11",
            "displacement": 7.75,
            "coherence": 0.802
          },
          {
            "date": "2024-07-23",
            "displacement": 8.06,
            "coherence": 0.628
          },
          {
            "date": "2024-08-04",
            "displacement": 7.75,
            "coherence": 0.689
          },
          {
            "date": "2024-08-16",
            "displacement": 6.49,
            "coherence": 0.611
          }
        ],
        "statistics": {
          "mean_displacement": 4.66,
          "std_displacement": 2.04,
          "max_displacement": 8.06,
          "min_displacement": 1.11
        }
      }
    },
    {
      "type": "Feature",
      "geometry": {
        "type": "Point",
        "coordinates": [
          126.927538,
          37.492046
        ]
      },
      "properties": {
        "point_id": "P033",
        "index": 33,
        "velocity": -7.85,
        "timeseries": [
          {
            "date": "2024-01-01",
            "displacement": 0.03,
            "coherence": 0.814
          },
          {
            "date": "2024-01-13",
            "displacement": -0.48,
            "coherence": 0.946
          },
          {
            "date": "2024-01-25",
            "displacement": -0.52,
            "coherence": 0.688
          },
          {
            "date": "2024-02-06",
            "displacement": -1.02,
            "coherence": 0.67
          },
          {
            "date": "2024-02-18",
            "displacement": -0.87,
            "coherence": 0.79
          },
          {
            "date": "2024-03-01",
            "displacement": -2.03,
            "coherence": 0.886
          },
          {
            "date": "2024-03-13",
            "displacement": -2.03,
            "coherence": 0.898
          },
          {
            "date": "2024-03-25",
            "displacement": -2.26,
            "coherence": 0.631
          },
          {
            "date": "2024-04-06",
            "displacement": -2.61,
            "coherence": 0.702
          },
          {
            "date": "2024-04-18",
            "displacement": -2.68,
            "coherence": 0.86
          },
          {
            "date": "2024-04-30",
            "displacement": -2.38,
            "coherence": 0.615
          },
          {
            "date": "2024-05-12",
            "displacement": -3.46,
            "coherence": 0.815
          },
          {
            "date": "2024-05-24",
            "displacement": -4.23,
            "coherence": 0.943
          },
          {
            "date": "2024-06-05",
            "displacement": -3.8,
            "coherence": 0.821
          },
          {
            "date": "2024-06-17",
            "displacement": -3.72,
            "coherence": 0.813
          },
          {
            "date": "2024-06-29",
            "displacement": -3.52,
            "coherence": 0.866
          },
          {
            "date": "2024-07-11",
            "displacement": -3.61,
            "coherence": 0.629
          },
          {
            "date": "2024-07-23",
            "displacement": -3.66,
            "coherence": 0.935
          },
          {
            "date": "2024-08-04",
            "displacement": -2.4,
            "coherence": 0.883
          },
          {
            "date": "2024-08-16",
            "displacement": -4.27,
            "coherence": 0.637
          }
        ],
        "statistics": {
          "mean_displacement": -2.48,
          "std_displacement": 1.3,
          "max_displacement": 0.03,
          "min_displacement": -4.27
        }
      }
    },
    {
      "type": "Feature",
      "geometry": {
        "type": "Point",
        "coordinates": [
          127.045479,
          37.541238
        ]
      },
      "properties": {
        "point_id": "P034",
        "index": 34,
        "velocity": 1.22,
        "timeseries": [
          {
            "date": "2024-01-01",
            "displacement": -0.33,
            "coherence": 0.789
          },
          {
            "date": "2024-01-13",
            "displacement": -0.68,
            "coherence": 0.635
          },
          {
            "date": "2024-01-25",
            "displacement": -0.83,
            "coherence": 0.905
          },
          {
            "date": "2024-02-06",
            "displacement": -1.65,
            "coherence": 0.728
          },
          {
            "date": "2024-02-18",
            "displacement": -1.25,
            "coherence": 0.776
          },
          {
            "date": "2024-03-01",
            "displacement": -1.13,
            "coherence": 0.661
          },
          {
            "date": "2024-03-13",
            "displacement": -1.85,
            "coherence": 0.72
          },
          {
            "date": "2024-03-25",
            "displacement": -2.17,
            "coherence": 0.93
          },
          {
            "date": "2024-04-06",
            "displacement": -1.99,
            "coherence": 0.639
          },
          {
            "date": "2024-04-18",
            "displacement": -1.88,
            "coherence": 0.803
          },
          {
            "date": "2024-04-30",
            "displacement": -1.54,
            "coherence": 0.679
          },
          {
            "date": "2024-05-12",
            "displacement": -0.78,
            "coherence": 0.607
          },
          {
            "date": "2024-05-24",
            "displacement": -0.35,
            "coherence": 0.644
          },
          {
            "date": "2024-06-05",
            "displacement": -0.18,
            "coherence": 0.864
          },
          {
            "date": "2024-06-17",
            "displacement": -0.76,
            "coherence": 0.923
          },
          {
            "date": "2024-06-29",
            "displacement": -0.57,
            "coherence": 0.637
          },
          {
            "date": "2024-07-11",
            "displacement": -0.43,
            "coherence": 0.827
          },
          {
            "date": "2024-07-23",
            "displacement": -1.37,
            "coherence": 0.637
          },
          {
            "date": "2024-08-04",
            "displacement": -0.84,
            "coherence": 0.705
          },
          {
            "date": "2024-08-16",
            "displacement": -1.58,
            "coherence": 0.611
          }
        ],
        "statistics": {
          "mean_displacement": -1.11,
          "std_displacement": 0.6,
          "max_displacement": -0.18,
          "min_displacement": -2.17
        }
      }
    },
    {
      "type": "Feature",
      "geometry": {
        "type": "Point",
        "coordinates": [
          127.0021,
          37.40343
        ]
      },
      "properties": {
        "point_id": "P035",
        "index": 35,
        "velocity": 3.14,
        "timeseries": [
          {
            "date": "2024-01-01",
            "displacement": 0.9,
            "coherence": 0.947
          },
          {
            "date": "2024-01-13",
            "displacement": 1.53,
            "coherence": 0.926
          },
          {
            "date": "2024-01-25",
            "displacement": 1.51,
            "coherence": 0.9
          },
          {
            "date": "2024-02-06",
            "displacement": 1.51,
            "coherence": 0.651
          },
          {
            "date": "2024-02-18",
            "displacement": 1.32,
            "coherence": 0.775
          },
          {
            "date": "2024-03-01",
            "displacement": 2.02,
            "coherence": 0.942
          },
          {
            "date": "2024-03-13",
            "displacement": 1.46,
            "coherence": 0.714
          },
          {
            "date": "2024-03-25",
            "displacement": 1.35,
            "coherence": 0.838
          },
          {
            "date": "2024-04-06",
            "displacement": 1.77,
            "coherence": 0.795
          },
          {
            "date": "2024-04-18",
            "displacement": 2.05,
            "coherence": 0.804
          },
          {
            "date": "2024-04-30",
            "displacement": 1.62,
            "coherence": 0.937
          },
          {
            "date": "2024-05-12",
            "displacement": 1.86,
            "coherence": 0.835
          },
          {
            "date": "2024-05-24",
            "displacement": 2.16,
            "coherence": 0.945
          },
          {
            "date": "2024-06-05",
            "displacement": 2.33,
            "coherence": 0.882
          },
          {
            "date": "2024-06-17",
            "displacement": 1.52,
            "coherence": 0.69
          },
          {
            "date": "2024-06-29",
            "displacement": 2.28,
            "coherence": 0.929
          },
          {
            "date": "2024-07-11",
            "displacement": 2.91,
            "coherence": 0.725
          },
          {
            "date": "2024-07-23",
            "displacement": 3.16,
            "coherence": 0.819
          },
          {
            "date": "2024-08-04",
            "displacement": 3.69,
            "coherence": 0.804
          },
          {
            "date": "2024-08-16",
            "displacement": 3.11,
            "coherence": 0.828
          }
        ],
        "statistics": {
          "mean_displacement": 2.0,
          "std_displacement": 0.71,
          "max_displacement": 3.69,
          "min_displacement": 0.9
        }
      }
    },
    {
      "type": "Feature",
      "geometry": {
        "type": "Point",
        "coordinates": [
          126.907156,
          37.542274
        ]
      },
      "properties": {
        "point_id": "P036",
        "index": 36,
        "velocity": -12.41,
        "timeseries": [
          {
            "date": "2024-01-01",
            "displacement": 0.13,
            "coherence": 0.861
          },
          {
            "date": "2024-01-13",
            "displacement": 0.17,
            "coherence": 0.749
          },
          {
            "date": "2024-01-25",
            "displacement": -0.06,
            "coherence": 0.851
          },
          {
            "date": "2024-02-06",
            "displacement": -1.02,
            "coherence": 0.923
          },
          {
            "date": "2024-02-18",
            "displacement": -1.77,
            "coherence": 0.678
          },
          {
            "date": "2024-03-01",
            "displacement": -1.66,
            "coherence": 0.605
          },
          {
            "date": "2024-03-13",
            "displacement": -3.23,
            "coherence": 0.8
          },
          {
            "date": "2024-03-25",
            "displacement": -3.65,
            "coherence": 0.81
          },
          {
            "date": "2024-04-06",
            "displacement": -3.95,
            "coherence": 0.86
          },
          {
            "date": "2024-04-18",
            "displacement": -4.16,
            "coherence": 0.718
          },
          {
            "date": "2024-04-30",
            "displacement": -4.93,
            "coherence": 0.637
          },
          {
            "date": "2024-05-12",
            "displacement": -5.95,
            "coherence": 0.718
          },
          {
            "date": "2024-05-24",
            "displacement": -6.38,
            "coherence": 0.91
          },
          {
            "date": "2024-06-05",
            "displacement": -7.6,
            "coherence": 0.92
          },
          {
            "date": "2024-06-17",
            "displacement": -8.56,
            "coherence": 0.804
          },
          {
            "date": "2024-06-29",
            "displacement": -9.18,
            "coherence": 0.927
          },
          {
            "date": "2024-07-11",
            "displacement": -10.05,
            "coherence": 0.737
          },
          {
            "date": "2024-07-23",
            "displacement": -10.77,
            "coherence": 0.831
          },
          {
            "date": "2024-08-04",
            "displacement": -10.91,
            "coherence": 0.747
          },
          {
            "date": "2024-08-16",
            "displacement": -11.09,
            "coherence": 0.687
          }
        ],
        "statistics": {
          "mean_displacement": -5.23,
          "std_displacement": 3.82,
          "max_displacement": 0.17,
          "min_displacement": -11.09
        }
      }
    },
    {
      "type": "Feature",
      "geometry": {
        "type": "Point",
        "coordinates": [
          126.97913,
          37.588964
        ]
      },
      "properties": {
        "point_id": "P037",
        "index": 37,
        "velocity": 2.02,
        "timeseries": [
          {
            "date": "2024-01-01",
            "displacement": 0.64,
            "coherence": 0.764
          },
          {
            "date": "2024-01-13",
            "displacement": 0.34,
            "coherence": 0.721
          },
          {
            "date": "2024-01-25",
            "displacement": -0.23,
            "coherence": 0.65
          },
          {
            "date": "2024-02-06",
            "displacement": -0.33,
            "coherence": 0.766
          },
          {
            "date": "2024-02-18",
            "displacement": -0.49,
            "coherence": 0.737
          },
          {
            "date": "2024-03-01",
            "displacement": -0.59,
            "coherence": 0.684
          },
          {
            "date": "2024-03-13",
            "displacement": -0.29,
            "coherence": 0.751
          },
          {
            "date": "2024-03-25",
            "displacement": -0.0,
            "coherence": 0.75
          },
          {
            "date": "2024-04-06",
            "displacement": -0.05,
            "coherence": 0.708
          },
          {
            "date": "2024-04-18",
            "displacement": 0.1,
            "coherence": 0.624
          },
          {
            "date": "2024-04-30",
            "displacement": 0.1,
            "coherence": 0.939
          },
          {
            "date": "2024-05-12",
            "displacement": -0.37,
            "coherence": 0.799
          },
          {
            "date": "2024-05-24",
            "displacement": -0.19,
            "coherence": 0.602
          },
          {
            "date": "2024-06-05",
            "displacement": 0.06,
            "coherence": 0.694
          },
          {
            "date": "2024-06-17",
            "displacement": 0.55,
            "coherence": 0.88
          },
          {
            "date": "2024-06-29",
            "displacement": 0.28,
            "coherence": 0.906
          },
          {
            "date": "2024-07-11",
            "displacement": -0.23,
            "coherence": 0.841
          },
          {
            "date": "2024-07-23",
            "displacement": -0.65,
            "coherence": 0.833
          },
          {
            "date": "2024-08-04",
            "displacement": -0.43,
            "coherence": 0.812
          },
          {
            "date": "2024-08-16",
            "displacement": -0.21,
            "coherence": 0.742
          }
        ],
        "statistics": {
          "mean_displacement": -0.1,
          "std_displacement": 0.35,
          "max_displacement": 0.64,
          "min_displacement": -0.65
        }
      }
    },
    {
      "type": "Feature",
      "geometry": {
        "type": "Point",
        "coordinates": [
          126.99549,
          37.580468
        ]
      },
      "properties": {
        "point_id": "P038",
        "index": 38,
        "velocity": -7.56,
        "timeseries": [
          {
            "date": "2024-01-01",
            "displacement": -0.92,
            "coherence": 0.681
          },
          {
            "date": "2024-01-13",
            "displacement": -0.54,
            "coherence": 0.75
          },
          {
            "date": "2024-01-25",
            "displacement": -0.2,
            "coherence": 0.768
          },
          {
            "date": "2024-02-06",
            "displacement": -1.44,
            "coherence": 0.79
          },
          {
            "date": "2024-02-18",
            "displacement": -1.72,
            "coherence": 0.731
          },
          {
            "date": "2024-03-01",
            "displacement": -2.03,
            "coherence": 0.794
          },
          {
            "date": "2024-03-13",
            "displacement": -1.8,
            "coherence": 0.735
          },
          {
            "date": "2024-03-25",
            "displacement": -1.76,
            "coherence": 0.783
          },
          {
            "date": "2024-04-06",
            "displacement": -2.49,
            "coherence": 0.735
          },
          {
            "date": "2024-04-18",
            "displacement": -2.34,
            "coherence": 0.776
          },
          {
            "date": "2024-04-30",
            "displacement": -2.86,
            "coherence": 0.768
          },
          {
            "date": "2024-05-12",
            "displacement": -2.65,
            "coherence": 0.859
          },
          {
            "date": "2024-05-24",
            "displacement": -2.55,
            "coherence": 0.721
          },
          {
            "date": "2024-06-05",
            "displacement": -2.47,
            "coherence": 0.683
          },
          {
            "date": "2024-06-17",
            "displacement": -1.96,
            "coherence": 0.83
          },
          {
            "date": "2024-06-29",
            "displacement": -3.06,
            "coherence": 0.611
          },
          {
            "date": "2024-07-11",
            "displacement": -3.46,
            "coherence": 0.758
          },
          {
            "date": "2024-07-23",
            "displacement": -3.97,
            "coherence": 0.627
          },
          {
            "date": "2024-08-04",
            "displacement": -4.19,
            "coherence": 0.794
          },
          {
            "date": "2024-08-16",
            "displacement": -4.52,
            "coherence": 0.756
          }
        ],
        "statistics": {
          "mean_displacement": -2.35,
          "std_displacement": 1.12,
          "max_displacement": -0.2,
          "min_displacement": -4.52
        }
      }
    },
    {
      "type": "Feature",
      "geometry": {
        "type": "Point",
        "coordinates": [
          127.082739,
          37.497716
        ]
      },
      "properties": {
        "point_id": "P039",
        "index": 39,
        "velocity": -3.2,
        "timeseries": [
          {
            "date": "2024-01-01",
            "displacement": 0.73,
            "coherence": 0.665
          },
          {
            "date": "2024-01-13",
            "displacement": 1.76,
            "coherence": 0.839
          },
          {
            "date": "2024-01-25",
            "displacement": 2.01,
            "coherence": 0.892
          },
          {
            "date": "2024-02-06",
            "displacement": 1.51,
            "coherence": 0.693
          },
          {
            "date": "2024-02-18",
            "displacement": 1.81,
            "coherence": 0.716
          },
          {
            "date": "2024-03-01",
            "displacement": 1.86,
            "coherence": 0.811
          },
          {
            "date": "2024-03-13",
            "displacement": 2.2,
            "coherence": 0.737
          },
          {
            "date": "2024-03-25",
            "displacement": 1.21,
            "coherence": 0.93
          },
          {
            "date": "2024-04-06",
            "displacement": 1.25,
            "coherence": 0.71
          },
          {
            "date": "2024-04-18",
            "displacement": 0.66,
            "coherence": 0.6
          },
          {
            "date": "2024-04-30",
            "displacement": 0.49,
            "coherence": 0.757
          },
          {
            "date": "2024-05-12",
            "displacement": 0.46,
            "coherence": 0.817
          },
          {
            "date": "2024-05-24",
            "displacement": 0.08,
            "coherence": 0.87
          },
          {
            "date": "2024-06-05",
            "displacement": -0.24,
            "coherence": 0.913
          },
          {
            "date": "2024-06-17",
            "displacement": -0.39,
            "coherence": 0.635
          },
          {
            "date": "2024-06-29",
            "displacement": 0.04,
            "coherence": 0.915
          },
          {
            "date": "2024-07-11",
            "displacement": -0.04,
            "coherence": 0.914
          },
          {
            "date": "2024-07-23",
            "displacement": 0.41,
            "coherence": 0.783
          },
          {
            "date": "2024-08-04",
            "displacement": 0.1,
            "coherence": 0.917
          },
          {
            "date": "2024-08-16",
            "displacement": -0.29,
            "coherence": 0.917
          }
        ],
        "statistics": {
          "mean_displacement": 0.78,
          "std_displacement": 0.83,
          "max_displacement": 2.2,
          "min_displacement": -0.39
        }
      }
    },
    {
      "type": "Feature",
      "geometry": {
        "type": "Point",
        "coordinates": [
          127.072865,
          37.516102
        ]
      },
      "properties": {
        "point_id": "P040",
        "index": 40,
        "velocity": 1.08,
        "timeseries": [
          {
            "date": "2024-01-01",
            "displacement": 0.46,
            "coherence": 0.604
          },
          {
            "date": "2024-01-13",
            "displacement": 1.15,
            "coherence": 0.686
          },
          {
            "date": "2024-01-25",
            "displacement": 1.2,
            "coherence": 0.887
          },
          {
            "date": "2024-02-06",
            "displacement": 1.98,
            "coherence": 0.756
          },
          {
            "date": "2024-02-18",
            "displacement": 2.35,
            "coherence": 0.785
          },
          {
            "date": "2024-03-01",
            "displacement": 1.84,
            "coherence": 0.703
          },
          {
            "date": "2024-03-13",
            "displacement": 1.41,
            "coherence": 0.734
          },
          {
            "date": "2024-03-25",
            "displacement": 0.09,
            "coherence": 0.716
          },
          {
            "date": "2024-04-06",
            "displacement": 0.73,
            "coherence": 0.824
          },
          {
            "date": "2024-04-18",
            "displacement": 0.13,
            "coherence": 0.617
          },
          {
            "date": "2024-04-30",
            "displacement": 0.54,
            "coherence": 0.875
          },
          {
            "date": "2024-05-12",
            "displacement": 1.41,
            "coherence": 0.812
          },
          {
            "date": "2024-05-24",
            "displacement": 0.76,
            "coherence": 0.906
          },
          {
            "date": "2024-06-05",
            "displacement": 1.41,
            "coherence": 0.693
          },
          {
            "date": "2024-06-17",
            "displacement": 1.61,
            "coherence": 0.827
          },
          {
            "date": "2024-06-29",
            "displacement": 1.09,
            "coherence": 0.873
          },
          {
            "date": "2024-07-11",
            "displacement": 1.94,
            "coherence": 0.849
          },
          {
            "date": "2024-07-23",
            "displacement": 1.54,
            "coherence": 0.875
          },
          {
            "date": "2024-08-04",
            "displacement": 0.28,
            "coherence": 0.667
          },
          {
            "date": "2024-08-16",
            "displacement": 0.54,
            "coherence": 0.655
          }
        ],
        "statistics": {
          "mean_displacement": 1.12,
          "std_displacement": 0.64,
          "max_displacement": 2.35,
          "min_displacement": 0.09
        }
      }
    },
    {
      "type": "Feature",
      "geometry": {
        "type": "Point",
        "coordinates": [
          127.090226,
          37.525686
        ]
      },
      "properties": {
        "point_id": "P041",
        "index": 41,
        "velocity": -0.25,
        "timeseries": [
          {
            "date": "2024-01-01",
            "displacement": 0.19,
            "coherence": 0.784
          },
          {
            "date": "2024-01-13",
            "displacement": 0.67,
            "coherence": 0.74
          },
          {
            "date": "2024-01-25",
            "displacement": 0.29,
            "coherence": 0.917
          },
          {
            "date": "2024-02-06",
            "displacement": 0.04,
            "coherence": 0.887
          },
          {
            "date": "2024-02-18",
            "displacement": 0.68,
            "coherence": 0.815
          },
          {
            "date": "2024-03-01",
            "displacement": 0.86,
            "coherence": 0.762
          },
          {
            "date": "2024-03-13",
            "displacement": 0.91,
            "coherence": 0.613
          },
          {
            "date": "2024-03-25",
            "displacement": 1.01,
            "coherence": 0.867
          },
          {
            "date": "2024-04-06",
            "displacement": 1.47,
            "coherence": 0.653
          },
          {
            "date": "2024-04-18",
            "displacement": 1.69,
            "coherence": 0.737
          },
          {
            "date": "2024-04-30",
            "displacement": 1.68,
            "coherence": 0.936
          },
          {
            "date": "2024-05-12",
            "displacement": 1.75,
            "coherence": 0.766
          },
          {
            "date": "2024-05-24",
            "displacement": 1.75,
            "coherence": 0.872
          },
          {
            "date": "2024-06-05",
            "displacement": 2.14,
            "coherence": 0.662
          },
          {
            "date": "2024-06-17",
            "displacement": 2.38,
            "coherence": 0.928
          },
          {
            "date": "2024-06-29",
            "displacement": 2.17,
            "coherence": 0.764
          },
          {
            "date": "2024-07-11",
            "displacement": 1.34,
            "coherence": 0.606
          },
          {
            "date": "2024-07-23",
            "displacement": 0.85,
            "coherence": 0.813
          },
          {
            "date": "2024-08-04",
            "displacement": 1.3,
            "coherence": 0.659
          },
          {
            "date": "2024-08-16",
            "displacement": 1.88,
            "coherence": 0.703
          }
        ],
        "statistics": {
          "mean_displacement": 1.25,
          "std_displacement": 0.67,
          "max_displacement": 2.38,
          "min_displacement": 0.04
        }
      }
    },
    {
      "type": "Feature",
      "geometry": {
        "type": "Point",
        "coordinates": [
          127.089322,
          37.504544
        ]
      },
      "properties": {
        "point_id": "P042",
        "index": 42,
        "velocity": -2.82,
        "timeseries": [
          {
            "date": "2024-01-01",
            "displacement": -0.48,
            "coherence": 0.678
          },
          {
            "date": "2024-01-13",
            "displacement": -0.46,
            "coherence": 0.922
          },
          {
            "date": "2024-01-25",
            "displacement": 0.56,
            "coherence": 0.905
          },
          {
            "date": "2024-02-06",
            "displacement": 0.28,
            "coherence": 0.714
          },
          {
            "date": "2024-02-18",
            "displacement": 0.2,
            "coherence": 0.647
          },
          {
            "date": "2024-03-01",
            "displacement": 0.09,
            "coherence": 0.868
          },
          {
            "date": "2024-03-13",
            "displacement": 0.12,
            "coherence": 0.91
          },
          {
            "date": "2024-03-25",
            "displacement": -0.41,
            "coherence": 0.846
          },
          {
            "date": "2024-04-06",
            "displacement": -0.5,
            "coherence": 0.781
          },
          {
            "date": "2024-04-18",
            "displacement": -0.85,
            "coherence": 0.887
          },
          {
            "date": "2024-04-30",
            "displacement": -1.12,
            "coherence": 0.633
          },
          {
            "date": "2024-05-12",
            "displacement": -0.5,
            "coherence": 0.847
          },
          {
            "date": "2024-05-24",
            "displacement": -0.62,
            "coherence": 0.825
          },
          {
            "date": "2024-06-05",
            "displacement": -0.07,
            "coherence": 0.823
          },
          {
            "date": "2024-06-17",
            "displacement": -0.69,
            "coherence": 0.626
          },
          {
            "date": "2024-06-29",
            "displacement": -1.83,
            "coherence": 0.648
          },
          {
            "date": "2024-07-11",
            "displacement": -1.64,
            "coherence": 0.916
          },
          {
            "date": "2024-07-23",
            "displacement": -2.09,
            "coherence": 0.789
          },
          {
            "date": "2024-08-04",
            "displacement": -2.03,
            "coherence": 0.671
          },
          {
            "date": "2024-08-16",
            "displacement": -2.15,
            "coherence": 0.874
          }
        ],
        "statistics": {
          "mean_displacement": -0.71,
          "std_displacement": 0.82,
          "max_displacement": 0.56,
          "min_displacement": -2.15
        }
      }
    },
    {
      "type": "Feature",
      "geometry": {
        "type": "Point",
        "coordinates": [
          126.947137,
          37.431949
        ]
      },
      "properties": {
        "point_id": "P043",
        "index": 43,
        "velocity": 3.35,
        "timeseries": [
          {
            "date": "2024-01-01",
            "displacement": -1.52,
            "coherence": 0.763
          },
          {
            "date": "2024-01-13",
            "displacement": -1.6,
            "coherence": 0.905
          },
          {
            "date": "2024-01-25",
            "displacement": -1.98,
            "coherence": 0.744
          },
          {
            "date": "2024-02-06",
            "displacement": -1.51,
            "coherence": 0.694
          },
          {
            "date": "2024-02-18",
            "displacement": -1.12,
            "coherence": 0.84
          },
          {
            "date": "2024-03-01",
            "displacement": 0.09,
            "coherence": 0.904
          },
          {
            "date": "2024-03-13",
            "displacement": 0.49,
            "coherence": 0.948
          },
          {
            "date": "2024-03-25",
            "displacement": 1.18,
            "coherence": 0.922
          },
          {
            "date": "2024-04-06",
            "displacement": 2.21,
            "coherence": 0.711
          },
          {
            "date": "2024-04-18",
            "displacement": 2.76,
            "coherence": 0.729
          },
          {
            "date": "2024-04-30",
            "displacement": 3.06,
            "coherence": 0.628
          },
          {
            "date": "2024-05-12",
            "displacement": 3.46,
            "coherence": 0.732
          },
          {
            "date": "2024-05-24",
            "displacement": 3.61,
            "coherence": 0.703
          },
          {
            "date": "2024-06-05",
            "displacement": 4.69,
            "coherence": 0.695
          },
          {
            "date": "2024-06-17",
            "displacement": 3.96,
            "coherence": 0.783
          },
          {
            "date": "2024-06-29",
            "displacement": 4.82,
            "coherence": 0.642
          },
          {
            "date": "2024-07-11",
            "displacement": 4.62,
            "coherence": 0.92
          },
          {
            "date": "2024-07-23",
            "displacement": 4.33,
            "coherence": 0.674
          },
          {
            "date": "2024-08-04",
            "displacement": 4.49,
            "coherence": 0.864
          },
          {
            "date": "2024-08-16",
            "displacement": 5.2,
            "coherence": 0.879
          }
        ],
        "statistics": {
          "mean_displacement": 2.06,
          "std_displacement": 2.49,
          "max_displacement": 5.2,
          "min_displacement": -1.98
        }
      }
    },
    {
      "type": "Feature",
      "geometry": {
        "type": "Point",
        "coordinates": [
          126.920726,
          37.56249
        ]
      },
      "properties": {
        "point_id": "P044",
        "index": 44,
        "velocity": -14.88,
        "timeseries": [
          {
            "date": "2024-01-01",
            "displacement": -0.45,
            "coherence": 0.813
          },
          {
            "date": "2024-01-13",
            "displacement": -0.39,
            "coherence": 0.71
          },
          {
            "date": "2024-01-25",
            "displacement": -1.14,
            "coherence": 0.728
          },
          {
            "date": "2024-02-06",
            "displacement": -1.13,
            "coherence": 0.857
          },
          {
            "date": "2024-02-18",
            "displacement": -1.94,
            "coherence": 0.662
          },
          {
            "date": "2024-03-01",
            "displacement": -1.91,
            "coherence": 0.884
          },
          {
            "date": "2024-03-13",
            "displacement": -2.48,
            "coherence": 0.943
          },
          {
            "date": "2024-03-25",
            "displacement": -3.2,
            "coherence": 0.716
          },
          {
            "date": "2024-04-06",
            "displacement": -3.19,
            "coherence": 0.821
          },
          {
            "date": "2024-04-18",
            "displacement": -3.6,
            "coherence": 0.723
          },
          {
            "date": "2024-04-30",
            "displacement": -3.51,
            "coherence": 0.92
          },
          {
            "date": "2024-05-12",
            "displacement": -3.51,
            "coherence": 0.72
          },
          {
            "date": "2024-05-24",
            "displacement": -3.79,
            "coherence": 0.63
          },
          {
            "date": "2024-06-05",
            "displacement": -5.4,
            "coherence": 0.686
          },
          {
            "date": "2024-06-17",
            "displacement": -6.26,
            "coherence": 0.939
          },
          {
            "date": "2024-06-29",
            "displacement": -6.44,
            "coherence": 0.679
          },
          {
            "date": "2024-07-11",
            "displacement": -6.59,
            "coherence": 0.617
          },
          {
            "date": "2024-07-23",
            "displacement": -6.72,
            "coherence": 0.886
          },
          {
            "date": "2024-08-04",
            "displacement": -7.3,
            "coherence": 0.756
          },
          {
            "date": "2024-08-16",
            "displacement": -7.85,
            "coherence": 0.738
          }
        ],
        "statistics": {
          "mean_displacement": -3.84,
          "std_displacement": 2.32,
          "max_displacement": -0.39,
          "min_displacement": -7.85
        }
      }
    },
    {
      "type": "Feature",
      "geometry": {
        "type": "Point",
        "coordinates": [
          127.086713,
          37.437879
        ]
      },
      "properties": {
        "point_id": "P045",
        "index": 45,
        "velocity": -3.97,
        "timeseries": [
          {
            "date": "2024-01-01",
            "displacement": -1.02,
            "coherence": 0.94
          },
          {
            "date": "2024-01-13",
            "displacement": -1.29,
            "coherence": 0.734
          },
          {
            "date": "2024-01-25",
            "displacement": -2.16,
            "coherence": 0.682
          },
          {
            "date": "2024-02-06",
            "displacement": -1.84,
            "coherence": 0.911
          },
          {
            "date": "2024-02-18",
            "displacement": -2.08,
            "coherence": 0.724
          },
          {
            "date": "2024-03-01",
            "displacement": -3.09,
            "coherence": 0.76
          },
          {
            "date": "2024-03-13",
            "displacement": -3.6,
            "coherence": 0.871
          },
          {
            "date": "2024-03-25",
            "displacement": -3.7,
            "coherence": 0.893
          },
          {
            "date": "2024-04-06",
            "displacement": -3.15,
            "coherence": 0.757
          },
          {
            "date": "2024-04-18",
            "displacement": -2.74,
            "coherence": 0.734
          },
          {
            "date": "2024-04-30",
            "displacement": -3.39,
            "coherence": 0.708
          },
          {
            "date": "2024-05-12",
            "displacement": -4.23,
            "coherence": 0.708
          },
          {
            "date": "2024-05-24",
            "displacement": -3.93,
            "coherence": 0.919
          },
          {
            "date": "2024-06-05",
            "displacement": -4.81,
            "coherence": 0.811
          },
          {
            "date": "2024-06-17",
            "displacement": -6.09,
            "coherence": 0.645
          },
          {
            "date": "2024-06-29",
            "displacement": -6.04,
            "coherence": 0.899
          },
          {
            "date": "2024-07-11",
            "displacement": -5.96,
            "coherence": 0.795
          },
          {
            "date": "2024-07-23",
            "displacement": -6.27,
            "coherence": 0.849
          },
          {
            "date": "2024-08-04",
            "displacement": -6.41,
            "coherence": 0.615
          },
          {
            "date": "2024-08-16",
            "displacement": -5.83,
            "coherence": 0.895
          }
        ],
        "statistics": {
          "mean_displacement": -3.88,
          "std_displacement": 1.72,
          "max_displacement": -1.02,
          "min_displacement": -6.41
        }
      }
    },
    {
      "type": "Feature",
      "geometry": {
        "type": "Point",
        "coordinates": [
          127.031594,
          37.573589
        ]
      },
      "properties": {
        "point_id": "P046",
        "index": 46,
        "velocity": 4.98,
        "timeseries": [
          {
            "date": "2024-01-01",
            "displacement": 0.61,
            "coherence": 0.914
          },
          {
            "date": "2024-01-13",
            "displacement": 1.49,
            "coherence": 0.731
          },
          {
            "date": "2024-01-25",
            "displacement": 2.03,
            "coherence": 0.644
          },
          {
            "date": "2024-02-06",
            "displacement": 2.44,
            "coherence": 0.658
          },
          {
            "date": "2024-02-18",
            "displacement": 1.93,
            "coherence": 0.829
          },
          {
            "date": "2024-03-01",
            "displacement": 2.15,
            "coherence": 0.797
          },
          {
            "date": "2024-03-13",
            "displacement": 2.17,
            "coherence": 0.712
          },
          {
            "date": "2024-03-25",
            "displacement": 2.69,
            "coherence": 0.713
          },
          {
            "date": "2024-04-06",
            "displacement": 2.55,
            "coherence": 0.711
          },
          {
            "date": "2024-04-18",
            "displacement": 3.0,
            "coherence": 0.704
          },
          {
            "date": "2024-04-30",
            "displacement": 2.52,
            "coherence": 0.628
          },
          {
            "date": "2024-05-12",
            "displacement": 2.9,
            "coherence": 0.878
          },
          {
            "date": "2024-05-24",
            "displacement": 2.74,
            "coherence": 0.89
          },
          {
            "date": "2024-06-05",
            "displacement": 2.83,
            "coherence": 0.855
          },
          {
            "date": "2024-06-17",
            "displacement": 3.15,
            "coherence": 0.618
          },
          {
            "date": "2024-06-29",
            "displacement": 3.7,
            "coherence": 0.653
          },
          {
            "date": "2024-07-11",
            "displacement": 3.13,
            "coherence": 0.631
          },
          {
            "date": "2024-07-23",
            "displacement": 2.75,
            "coherence": 0.604
          },
          {
            "date": "2024-08-04",
            "displacement": 3.18,
            "coherence": 0.826
          },
          {
            "date": "2024-08-16",
            "displacement": 3.89,
            "coherence": 0.937
          }
        ],
        "statistics": {
          "mean_displacement": 2.59,
          "std_displacement": 0.73,
          "max_displacement": 3.89,
          "min_displacement": 0.61
        }
      }
    },
    {
      "type": "Feature",
      "geometry": {
        "type": "Point",
        "coordinates": [
          127.018085,
          37.450886
        ]
      },
      "properties": {
        "point_id": "P047",
        "index": 47,
        "velocity": -6.09,
        "timeseries": [
          {
            "date": "2024-01-01",
            "displacement": -0.37,
            "coherence": 0.76
          },
          {
            "date": "2024-01-13",
            "displacement": -0.95,
            "coherence": 0.617
          },
          {
            "date": "2024-01-25",
            "displacement": -1.87,
            "coherence": 0.778
          },
          {
            "date": "2024-02-06",
            "displacement": -2.16,
            "coherence": 0.903
          },
          {
            "date": "2024-02-18",
            "displacement": -2.42,
            "coherence": 0.718
          },
          {
            "date": "2024-03-01",
            "displacement": -2.08,
            "coherence": 0.871
          },
          {
            "date": "2024-03-13",
            "displacement": -2.67,
            "coherence": 0.771
          },
          {
            "date": "2024-03-25",
            "displacement": -2.32,
            "coherence": 0.657
          },
          {
            "date": "2024-04-06",
            "displacement": -2.55,
            "coherence": 0.865
          },
          {
            "date": "2024-04-18",
            "displacement": -2.62,
            "coherence": 0.831
          },
          {
            "date": "2024-04-30",
            "displacement": -2.24,
            "coherence": 0.662
          },
          {
            "date": "2024-05-12",
            "displacement": -1.74,
            "coherence": 0.942
          },
          {
            "date": "2024-05-24",
            "displacement": -1.83,
            "coherence": 0.792
          },
          {
            "date": "2024-06-05",
            "displacement": -1.93,
            "coherence": 0.915
          },
          {
            "date": "2024-06-17",
            "displacement": -1.99,
            "coherence": 0.74
          },
          {
            "date": "2024-06-29",
            "displacement": -2.26,
            "coherence": 0.929
          },
          {
            "date": "2024-07-11",
            "displacement": -2.53,
            "coherence": 0.751
          },
          {
            "date": "2024-07-23",
            "displacement": -2.72,
            "coherence": 0.796
          },
          {
            "date": "2024-08-04",
            "displacement": -2.73,
            "coherence": 0.648
          },
          {
            "date": "2024-08-16",
            "displacement": -3.47,
            "coherence": 0.758
          }
        ],
        "statistics": {
          "mean_displacement": -2.17,
          "std_displacement": 0.65,
          "max_displacement": -0.37,
          "min_displacement": -3.47
        }
      }
    },
    {
      "type": "Feature",
      "geometry": {
        "type": "Point",
        "coordinates": [
          127.041851,
          37.430748
        ]
      },
      "properties": {
        "point_id": "P048",
        "index": 48,
        "velocity": -10.18,
        "timeseries": [
          {
            "date": "2024-01-01",
            "displacement": -1.0,
            "coherence": 0.767
          },
          {
            "date": "2024-01-13",
            "displacement": -1.44,
            "coherence": 0.649
          },
          {
            "date": "2024-01-25",
            "displacement": -1.54,
            "coherence": 0.942
          },
          {
            "date": "2024-02-06",
            "displacement": -2.6,
            "coherence": 0.921
          },
          {
            "date": "2024-02-18",
            "displacement": -2.23,
            "coherence": 0.928
          },
          {
            "date": "2024-03-01",
            "displacement": -2.27,
            "coherence": 0.769
          },
          {
            "date": "2024-03-13",
            "displacement": -2.82,
            "coherence": 0.733
          },
          {
            "date": "2024-03-25",
            "displacement": -2.65,
            "coherence": 0.835
          },
          {
            "date": "2024-04-06",
            "displacement": -3.21,
            "coherence": 0.894
          },
          {
            "date": "2024-04-18",
            "displacement": -2.85,
            "coherence": 0.72
          },
          {
            "date": "2024-04-30",
            "displacement": -2.9,
            "coherence": 0.828
          },
          {
            "date": "2024-05-12",
            "displacement": -2.54,
            "coherence": 0.815
          },
          {
            "date": "2024-05-24",
            "displacement": -2.94,
            "coherence": 0.682
          },
          {
            "date": "2024-06-05",
            "displacement": -3.94,
            "coherence": 0.698
          },
          {
            "date": "2024-06-17",
            "displacement": -3.9,
            "coherence": 0.934
          },
          {
            "date": "2024-06-29",
            "displacement": -4.21,
            "coherence": 0.86
          },
          {
            "date": "2024-07-11",
            "displacement": -4.35,
            "coherence": 0.681
          },
          {
            "date": "2024-07-23",
            "displacement": -5.09,
            "coherence": 0.736
          },
          {
            "date": "2024-08-04",
            "displacement": -4.9,
            "coherence": 0.949
          },
          {
            "date": "2024-08-16",
            "displacement": -4.29,
            "coherence": 0.758
          }
        ],
        "statistics": {
          "mean_displacement": -3.08,
          "std_displacement": 1.11,
          "max_displacement": -1.0,
          "min_displacement": -5.09
        }
      }
    },
    {
      "type": "Feature",
      "geometry": {
        "type": "Point",
        "coordinates": [
          127.039396,
          37.447723
        ]
      },
      "properties": {
        "point_id": "P049",
        "index": 49,
        "velocity": 5.74,
        "timeseries": [
          {
            "date": "2024-01-01",
            "displacement": 0.1,
            "coherence": 0.923
          },
          {
            "date": "2024-01-13",
            "displacement": 0.25,
            "coherence": 0.776
          },
          {
            "date": "2024-01-25",
            "displacement": 0.72,
            "coherence": 0.932
          },
          {
            "date": "2024-02-06",
            "displacement": 0.15,
            "coherence": 0.658
          },
          {
            "date": "2024-02-18",
            "displacement": -0.64,
            "coherence": 0.948
          },
          {
            "date": "2024-03-01",
            "displacement": -1.39,
            "coherence": 0.785
          },
          {
            "date": "2024-03-13",
            "displacement": -0.97,
            "coherence": 0.654
          },
          {
            "date": "2024-03-25",
            "displacement": -1.06,
            "coherence": 0.865
          },
          {
            "date": "2024-04-06",
            "displacement": -0.55,
            "coherence": 0.601
          },
          {
            "date": "2024-04-18",
            "displacement": -0.27,
            "coherence": 0.754
          },
          {
            "date": "2024-04-30",
            "displacement": 0.58,
            "coherence": 0.69
          },
          {
            "date": "2024-05-12",
            "displacement": 1.28,
            "coherence": 0.608
          },
          {
            "date": "2024-05-24",
            "displacement": 2.17,
            "coherence": 0.794
          },
          {
            "date": "2024-06-05",
            "displacement": 2.19,
            "coherence": 0.86
          },
          {
            "date": "2024-06-17",
            "displacement": 2.76,
            "coherence": 0.918
          },
          {
            "date": "2024-06-29",
            "displacement": 3.02,
            "coherence": 0.899
          },
          {
            "date": "2024-07-11",
            "displacement": 2.91,
            "coherence": 0.711
          },
          {
            "date": "2024-07-23",
            "displacement": 3.17,
            "coherence": 0.707
          },
          {
            "date": "2024-08-04",
            "displacement": 2.92,
            "coherence": 0.791
          },
          {
            "date": "2024-08-16",
            "displacement": 3.14,
            "coherence": 0.84
          }
        ],
        "statistics": {
          "mean_displacement": 1.02,
          "std_displacement": 1.57,
          "max_displacement": 3.17,
          "min_displacement": -1.39
        }
      }
    },
    {
      "type": "Feature",
      "geometry": {
        "type": "Point",
        "coordinates": [
          127.072524,
          37.530325
        ]
      },
      "properties": {
        "point_id": "P050",
        "index": 50,
        "velocity": -5.43,
        "timeseries": [
          {
            "date": "2024-01-01",
            "displacement": -0.44,
            "coherence": 0.904
          },
          {
            "date": "2024-01-13",
            "displacement": -0.32,
            "coherence": 0.836
          },
          {
            "date": "2024-01-25",
            "displacement": -0.74,
            "coherence": 0.891
          },
          {
            "date": "2024-02-06",
            "displacement": -0.92,
            "coherence": 0.806
          },
          {
            "date": "2024-02-18",
            "displacement": -0.96,
            "coherence": 0.656
          },
          {
            "date": "2024-03-01",
            "displacement": -0.8,
            "coherence": 0.931
          },
          {
            "date": "2024-03-13",
            "displacement": -1.95,
            "coherence": 0.721
          },
          {
            "date": "2024-03-25",
            "displacement": -2.94,
            "coherence": 0.686
          },
          {
            "date": "2024-04-06",
            "displacement": -3.48,
            "coherence": 0.915
          },
          {
            "date": "2024-04-18",
            "displacement": -3.74,
            "coherence": 0.701
          },
          {
            "date": "2024-04-30",
            "displacement": -3.62,
            "coherence": 0.679
          },
          {
            "date": "2024-05-12",
            "displacement": -3.19,
            "coherence": 0.801
          },
          {
            "date": "2024-05-24",
            "displacement": -4.21,
            "coherence": 0.762
          },
          {
            "date": "2024-06-05",
            "displacement": -3.61,
            "coherence": 0.929
          },
          {
            "date": "2024-06-17",
            "displacement": -3.52,
            "coherence": 0.677
          },
          {
            "date": "2024-06-29",
            "displacement": -3.7,
            "coherence": 0.913
          },
          {
            "date": "2024-07-11",
            "displacement": -4.1,
            "coherence": 0.729
          },
          {
            "date": "2024-07-23",
            "displacement": -3.34,
            "coherence": 0.807
          },
          {
            "date": "2024-08-04",
            "displacement": -3.3,
            "coherence": 0.798
          },
          {
            "date": "2024-08-16",
            "displacement": -3.32,
            "coherence": 0.802
          }
        ],
        "statistics": {
          "mean_displacement": -2.61,
          "std_displacement": 1.33,
          "max_displacement": -0.32,
          "min_displacement": -4.21
        }
      }
    },
    {
      "type": "Feature",
      "geometry": {
        "type": "Point",
        "coordinates": [
          127.034988,
          37.449909
        ]
      },
      "properties": {
        "point_id": "P051",
        "index": 51,
        "velocity": -1.31,
        "timeseries": [
          {
            "date": "2024-01-01",
            "displacement": -0.94,
            "coherence": 0.889
          },
          {
            "date": "2024-01-13",
            "displacement": -0.22,
            "coherence": 0.783
          },
          {
            "date": "2024-01-25",
            "displacement": -0.28,
            "coherence": 0.864
          },
          {
            "date": "2024-02-06",
            "displacement": -0.14,
            "coherence": 0.922
          },
          {
            "date": "2024-02-18",
            "displacement": -0.25,
            "coherence": 0.791
          },
          {
            "date": "2024-03-01",
            "displacement": 0.75,
            "coherence": 0.833
          },
          {
            "date": "2024-03-13",
            "displacement": 0.52,
            "coherence": 0.853
          },
          {
            "date": "2024-03-25",
            "displacement": -0.02,
            "coherence": 0.622
          },
          {
            "date": "2024-04-06",
            "displacement": 0.05,
            "coherence": 0.71
          },
          {
            "date": "2024-04-18",
            "displacement": -0.33,
            "coherence": 0.848
          },
          {
            "date": "2024-04-30",
            "displacement": -0.92,
            "coherence": 0.633
          },
          {
            "date": "2024-05-12",
            "displacement": -0.87,
            "coherence": 0.791
          },
          {
            "date": "2024-05-24",
            "displacement": -0.3,
            "coherence": 0.659
          },
          {
            "date": "2024-06-05",
            "displacement": -0.2,
            "coherence": 0.806
          },
          {
            "date": "2024-06-17",
            "displacement": 0.13,
            "coherence": 0.812
          },
          {
            "date": "2024-06-29",
            "displacement": 0.05,
            "coherence": 0.936
          },
          {
            "date": "2024-07-11",
            "displacement": -0.52,
            "coherence": 0.614
          },
          {
            "date": "2024-07-23",
            "displacement": -0.9,
            "coherence": 0.693
          },
          {
            "date": "2024-08-04",
            "displacement": -0.14,
            "coherence": 0.696
          },
          {
            "date": "2024-08-16",
            "displacement": -0.39,
            "coherence": 0.65
          }
        ],
        "statistics": {
          "mean_displacement": -0.25,
          "std_displacement": 0.44,
          "max_displacement": 0.75,
          "min_displacement": -0.94
        }
      }
    },
    {
      "type": "Feature",
      "geometry": {
        "type": "Point",
        "coordinates": [
          127.064315,
          37.433014
        ]
      },
      "properties": {
        "point_id": "P052",
        "index": 52,
        "velocity": -1.85,
        "timeseries": [
          {
            "date": "2024-01-01",
            "displacement": 0.15,
            "coherence": 0.725
          },
          {
            "date": "2024-01-13",
            "displacement": 1.08,
            "coherence": 0.941
          },
          {
            "date": "2024-01-25",
            "displacement": 1.07,
            "coherence": 0.819
          },
          {
            "date": "2024-02-06",
            "displacement": 1.15,
            "coherence": 0.697
          },
          {
            "date": "2024-02-18",
            "displacement": 1.68,
            "coherence": 0.813
          },
          {
            "date": "2024-03-01",
            "displacement": 1.32,
            "coherence": 0.92
          },
          {
            "date": "2024-03-13",
            "displacement": 1.46,
            "coherence": 0.768
          },
          {
            "date": "2024-03-25",
            "displacement": 1.95,
            "coherence": 0.709
          },
          {
            "date": "2024-04-06",
            "displacement": 2.44,
            "coherence": 0.798
          },
          {
            "date": "2024-04-18",
            "displacement": 2.15,
            "coherence": 0.7
          },
          {
            "date": "2024-04-30",
            "displacement": 2.74,
            "coherence": 0.675
          },
          {
            "date": "2024-05-12",
            "displacement": 2.24,
            "coherence": 0.701
          },
          {
            "date": "2024-05-24",
            "displacement": 2.12,
            "coherence": 0.708
          },
          {
            "date": "2024-06-05",
            "displacement": 1.75,
            "coherence": 0.851
          },
          {
            "date": "2024-06-17",
            "displacement": 2.56,
            "coherence": 0.859
          },
          {
            "date": "2024-06-29",
            "displacement": 3.41,
            "coherence": 0.667
          },
          {
            "date": "2024-07-11",
            "displacement": 3.32,
            "coherence": 0.678
          },
          {
            "date": "2024-07-23",
            "displacement": 3.59,
            "coherence": 0.617
          },
          {
            "date": "2024-08-04",
            "displacement": 4.23,
            "coherence": 0.884
          },
          {
            "date": "2024-08-16",
            "displacement": 3.55,
            "coherence": 0.822
          }
        ],
        "statistics": {
          "mean_displacement": 2.2,
          "std_displacement": 1.02,
          "max_displacement": 4.23,
          "min_displacement": 0.15
        }
      }
    },
    {
      "type": "Feature",
      "geometry": {
        "type": "Point",
        "coordinates": [
          127.094582,
          37.592266
        ]
      },
      "properties": {
        "point_id": "P053",
        "index": 53,
        "velocity": -12.17,
        "timeseries": [
          {
            "date": "2024-01-01",
            "displacement": -0.4,
            "coherence": 0.69
          },
          {
            "date": "2024-01-13",
            "displacement": -0.95,
            "coherence": 0.904
          },
          {
            "date": "2024-01-25",
            "displacement": -1.79,
            "coherence": 0.946
          },
          {
            "date": "2024-02-06",
            "displacement": -2.1,
            "coherence": 0.675
          },
          {
            "date": "2024-02-18",
            "displacement": -2.98,
            "coherence": 0.729
          },
          {
            "date": "2024-03-01",
            "displacement": -3.38,
            "coherence": 0.667
          },
          {
            "date": "2024-03-13",
            "displacement": -3.9,
            "coherence": 0.746
          },
          {
            "date": "2024-03-25",
            "displacement": -3.54,
            "coherence": 0.664
          },
          {
            "date": "2024-04-06",
            "displacement": -4.24,
            "coherence": 0.885
          },
          {
            "date": "2024-04-18",
            "displacement": -4.55,
            "coherence": 0.812
          },
          {
            "date": "2024-04-30",
            "displacement": -4.77,
            "coherence": 0.855
          },
          {
            "date": "2024-05-12",
            "displacement": -4.68,
            "coherence": 0.933
          },
          {
            "date": "2024-05-24",
            "displacement": -4.8,
            "coherence": 0.789
          },
          {
            "date": "2024-06-05",
            "displacement": -5.55,
            "coherence": 0.95
          },
          {
            "date": "2024-06-17",
            "displacement": -6.15,
            "coherence": 0.845
          },
          {
            "date": "2024-06-29",
            "displacement": -6.74,
            "coherence": 0.634
          },
          {
            "date": "2024-07-11",
            "displacement": -6.55,
            "coherence": 0.693
          },
          {
            "date": "2024-07-23",
            "displacement": -7.09,
            "coherence": 0.682
          },
          {
            "date": "2024-08-04",
            "displacement": -7.73,
            "coherence": 0.853
          },
          {
            "date": "2024-08-16",
            "displacement": -7.35,
            "coherence": 0.908
          }
        ],
        "statistics": {
          "mean_displacement": -4.46,
          "std_displacement": 2.07,
          "max_displacement": -0.4,
          "min_displacement": -7.73
        }
      }
    },
    {
      "type": "Feature",
      "geometry": {
        "type": "Point",
        "coordinates": [
          126.921261,
          37.419513
        ]
      },
      "properties": {
        "point_id": "P054",
        "index": 54,
        "velocity": 1.34,
        "timeseries": [
          {
            "date": "2024-01-01",
            "displacement": 0.7,
            "coherence": 0.863
          },
          {
            "date": "2024-01-13",
            "displacement": 0.44,
            "coherence": 0.663
          },
          {
            "date": "2024-01-25",
            "displacement": 0.37,
            "coherence": 0.902
          },
          {
            "date": "2024-02-06",
            "displacement": 0.73,
            "coherence": 0.857
          },
          {
            "date": "2024-02-18",
            "displacement": 1.03,
            "coherence": 0.682
          },
          {
            "date": "2024-03-01",
            "displacement": 1.71,
            "coherence": 0.74
          },
          {
            "date": "2024-03-13",
            "displacement": 2.44,
            "coherence": 0.834
          },
          {
            "date": "2024-03-25",
            "displacement": 2.17,
            "coherence": 0.789
          },
          {
            "date": "2024-04-06",
            "displacement": 2.31,
            "coherence": 0.856
          },
          {
            "date": "2024-04-18",
            "displacement": 3.19,
            "coherence": 0.651
          },
          {
            "date": "2024-04-30",
            "displacement": 2.41,
            "coherence": 0.913
          },
          {
            "date": "2024-05-12",
            "displacement": 2.39,
            "coherence": 0.724
          },
          {
            "date": "2024-05-24",
            "displacement": 2.11,
            "coherence": 0.735
          },
          {
            "date": "2024-06-05",
            "displacement": 2.19,
            "coherence": 0.611
          },
          {
            "date": "2024-06-17",
            "displacement": 2.27,
            "coherence": 0.853
          },
          {
            "date": "2024-06-29",
            "displacement": 2.36,
            "coherence": 0.832
          },
          {
            "date": "2024-07-11",
            "displacement": 2.19,
            "coherence": 0.647
          },
          {
            "date": "2024-07-23",
            "displacement": 1.9,
            "coherence": 0.725
          },
          {
            "date": "2024-08-04",
            "displacement": 3.13,
            "coherence": 0.631
          },
          {
            "date": "2024-08-16",
            "displacement": 3.71,
            "coherence": 0.805
          }
        ],
        "statistics": {
          "mean_displacement": 1.99,
          "std_displacement": 0.89,
          "max_displacement": 3.71,
          "min_displacement": 0.37
        }
      }
    },
    {
      "type": "Feature",
      "geometry": {
        "type": "Point",
        "coordinates": [
          126.938346,
          37.490106
        ]
      },
      "properties": {
        "point_id": "P055",
        "index": 55,
        "velocity": -5.49,
        "timeseries": [
          {
            "date": "2024-01-01",
            "displacement": 0.35,
            "coherence": 0.805
          },
          {
            "date": "2024-01-13",
            "displacement": 1.48,
            "coherence": 0.773
          },
          {
            "date": "2024-01-25",
            "displacement": 0.68,
            "coherence": 0.611
          },
          {
            "date": "2024-02-06",
            "displacement": 0.58,
            "coherence": 0.84
          },
          {
            "date": "2024-02-18",
            "displacement": 0.93,
            "coherence": 0.843
          },
          {
            "date": "2024-03-01",
            "displacement": 1.13,
            "coherence": 0.945
          },
          {
            "date": "2024-03-13",
            "displacement": 1.42,
            "coherence": 0.865
          },
          {
            "date": "2024-03-25",
            "displacement": 1.51,
            "coherence": 0.942
          },
          {
            "date": "2024-04-06",
            "displacement": 2.77,
            "coherence": 0.879
          },
          {
            "date": "2024-04-18",
            "displacement": 2.38,
            "coherence": 0.876
          },
          {
            "date": "2024-04-30",
            "displacement": 2.39,
            "coherence": 0.853
          },
          {
            "date": "2024-05-12",
            "displacement": 1.1,
            "coherence": 0.732
          },
          {
            "date": "2024-05-24",
            "displacement": -0.16,
            "coherence": 0.691
          },
          {
            "date": "2024-06-05",
            "displacement": -0.52,
            "coherence": 0.669
          },
          {
            "date": "2024-06-17",
            "displacement": -1.24,
            "coherence": 0.637
          },
          {
            "date": "2024-06-29",
            "displacement": -1.63,
            "coherence": 0.611
          },
          {
            "date": "2024-07-11",
            "displacement": -1.62,
            "coherence": 0.707
          },
          {
            "date": "2024-07-23",
            "displacement": -0.77,
            "coherence": 0.66
          },
          {
            "date": "2024-08-04",
            "displacement": -0.85,
            "coherence": 0.911
          },
          {
            "date": "2024-08-16",
            "displacement": -0.79,
            "coherence": 0.626
          }
        ],
        "statistics": {
          "mean_displacement": 0.46,
          "std_displacement": 1.32,
          "max_displacement": 2.77,
          "min_displacement": -1.63
        }
      }
    },
    {
      "type": "Feature",
      "geometry": {
        "type": "Point",
        "coordinates": [
          127.041971,
          37.424479
        ]
      },
      "properties": {
        "point_id": "P056",
        "index": 56,
        "velocity": -11.06,
        "timeseries": [
          {
            "date": "2024-01-01",
            "displacement": -0.45,
            "coherence": 0.95
          },
          {
            "date": "2024-01-13",
            "displacement": -1.28,
            "coherence": 0.615
          },
          {
            "date": "2024-01-25",
            "displacement": -1.54,
            "coherence": 0.819
          },
          {
            "date": "2024-02-06",
            "displacement": -2.39,
            "coherence": 0.884
          },
          {
            "date": "2024-02-18",
            "displacement": -2.62,
            "coherence": 0.61
          },
          {
            "date": "2024-03-01",
            "displacement": -3.55,
            "coherence": 0.893
          },
          {
            "date": "2024-03-13",
            "displacement": -3.63,
            "coherence": 0.807
          },
          {
            "date": "2024-03-25",
            "displacement": -3.93,
            "coherence": 0.908
          },
          {
            "date": "2024-04-06",
            "displacement": -4.8,
            "coherence": 0.794
          },
          {
            "date": "2024-04-18",
            "displacement": -5.1,
            "coherence": 0.812
          },
          {
            "date": "2024-04-30",
            "displacement": -4.75,
            "coherence": 0.601
          },
          {
            "date": "2024-05-12",
            "displacement": -5.38,
            "coherence": 0.869
          },
          {
            "date": "2024-05-24",
            "displacement": -6.14,
            "coherence": 0.703
          },
          {
            "date": "2024-06-05",
            "displacement": -6.5,
            "coherence": 0.736
          },
          {
            "date": "2024-06-17",
            "displacement": -7.04,
            "coherence": 0.942
          },
          {
            "date": "2024-06-29",
            "displacement": -7.88,
            "coherence": 0.875
          },
          {
            "date": "2024-07-11",
            "displacement": -7.48,
            "coherence": 0.625
          },
          {
            "date": "2024-07-23",
            "displacement": -7.05,
            "coherence": 0.895
          },
          {
            "date": "2024-08-04",
            "displacement": -6.99,
            "coherence": 0.625
          },
          {
            "date": "2024-08-16",
            "displacement": -7.98,
            "coherence": 0.858
          }
        ],
        "statistics": {
          "mean_displacement": -4.82,
          "std_displacement": 2.27,
          "max_displacement": -0.45,
          "min_displacement": -7.98
        }
      }
    },
    {
      "type": "Feature",
      "geometry": {
        "type": "Point",
        "coordinates": [
          127.050652,
          37.424628
        ]
      },
      "properties": {
        "point_id": "P057",
        "index": 57,
        "velocity": -7.01,
        "timeseries": [
          {
            "date": "2024-01-01",
            "displacement": -0.99,
            "coherence": 0.706
          },
          {
            "date": "2024-01-13",
            "displacement": -1.11,
            "coherence": 0.884
          },
          {
            "date": "2024-01-25",
            "displacement": -1.47,
            "coherence": 0.654
          },
          {
            "date": "2024-02-06",
            "displacement": -2.07,
            "coherence": 0.837
          },
          {
            "date": "2024-02-18",
            "displacement": -2.75,
            "coherence": 0.77
          },
          {
            "date": "2024-03-01",
            "displacement": -3.32,
            "coherence": 0.764
          },
          {
            "date": "2024-03-13",
            "displacement": -4.59,
            "coherence": 0.909
          },
          {
            "date": "2024-03-25",
            "displacement": -5.36,
            "coherence": 0.814
          },
          {
            "date": "2024-04-06",
            "displacement": -5.47,
            "coherence": 0.833
          },
          {
            "date": "2024-04-18",
            "displacement": -5.13,
            "coherence": 0.821
          },
          {
            "date": "2024-04-30",
            "displacement": -5.87,
            "coherence": 0.938
          },
          {
            "date": "2024-05-12",
            "displacement": -5.99,
            "coherence": 0.7
          },
          {
            "date": "2024-05-24",
            "displacement": -5.6,
            "coherence": 0.797
          },
          {
            "date": "2024-06-05",
            "displacement": -5.48,
            "coherence": 0.878
          },
          {
            "date": "2024-06-17",
            "displacement": -5.68,
            "coherence": 0.794
          },
          {
            "date": "2024-06-29",
            "displacement": -6.19,
            "coherence": 0.795
          },
          {
            "date": "2024-07-11",
            "displacement": -6.24,
            "coherence": 0.738
          },
          {
            "date": "2024-07-23",
            "displacement": -6.31,
            "coherence": 0.809
          },
          {
            "date": "2024-08-04",
            "displacement": -6.55,
            "coherence": 0.772
          },
          {
            "date": "2024-08-16",
            "displacement": -6.5,
            "coherence": 0.909
          }
        ],
        "statistics": {
          "mean_displacement": -4.63,
          "std_displacement": 1.87,
          "max_displacement": -0.99,
          "min_displacement": -6.55
        }
      }
    },
    {
      "type": "Feature",
      "geometry": {
        "type": "Point",
        "coordinates": [
          127.066235,
          37.556499
        ]
      },
      "properties": {
        "point_id": "P058",
        "index": 58,
        "velocity": -0.78,
        "timeseries": [
          {
            "date": "2024-01-01",
            "displacement": -0.02,
            "coherence": 0.707
          },
          {
            "date": "2024-01-13",
            "displacement": -0.04,
            "coherence": 0.654
          },
          {
            "date": "2024-01-25",
            "displacement": 0.08,
            "coherence": 0.635
          },
          {
            "date": "2024-02-06",
            "displacement": -0.12,
            "coherence": 0.727
          },
          {
            "date": "2024-02-18",
            "displacement": -0.93,
            "coherence": 0.92
          },
          {
            "date": "2024-03-01",
            "displacement": -0.45,
            "coherence": 0.787
          },
          {
            "date": "2024-03-13",
            "displacement": -0.86,
            "coherence": 0.798
          },
          {
            "date": "2024-03-25",
            "displacement": -0.53,
            "coherence": 0.85
          },
          {
            "date": "2024-04-06",
            "displacement": -0.47,
            "coherence": 0.657
          },
          {
            "date": "2024-04-18",
            "displacement": -0.23,
            "coherence": 0.664
          },
          {
            "date": "2024-04-30",
            "displacement": 0.23,
            "coherence": 0.881
          },
          {
            "date": "2024-05-12",
            "displacement": 0.15,
            "coherence": 0.713
          },
          {
            "date": "2024-05-24",
            "displacement": -0.55,
            "coherence": 0.742
          },
          {
            "date": "2024-06-05",
            "displacement": -0.22,
            "coherence": 0.883
          },
          {
            "date": "2024-06-17",
            "displacement": -0.61,
            "coherence": 0.941
          },
          {
            "date": "2024-06-29",
            "displacement": -0.13,
            "coherence": 0.686
          },
          {
            "date": "2024-07-11",
            "displacement": 0.46,
            "coherence": 0.837
          },
          {
            "date": "2024-07-23",
            "displacement": 0.9,
            "coherence": 0.718
          },
          {
            "date": "2024-08-04",
            "displacement": 1.64,
            "coherence": 0.756
          },
          {
            "date": "2024-08-16",
            "displacement": 1.56,
            "coherence": 0.689
          }
        ],
        "statistics": {
          "mean_displacement": -0.01,
          "std_displacement": 0.68,
          "max_displacement": 1.64,
          "min_displacement": -0.93
        }
      }
    },
    {
      "type": "Feature",
      "geometry": {
        "type": "Point",
        "coordinates": [
          126.913485,
          37.419357
        ]
      },
      "properties": {
        "point_id": "P059",
        "index": 59,
        "velocity": -3.99,
        "timeseries": [
          {
            "date": "2024-01-01",
            "displacement": 1.09,
            "coherence": 0.693
          },
          {
            "date": "2024-01-13",
            "displacement": 0.98,
            "coherence": 0.822
          },
          {
            "date": "2024-01-25",
            "displacement": 0.94,
            "coherence": 0.897
          },
          {
            "date": "2024-02-06",
            "displacement": 1.61,
            "coherence": 0.934
          },
          {
            "date": "2024-02-18",
            "displacement": 0.99,
            "coherence": 0.855
          },
          {
            "date": "2024-03-01",
            "displacement": 1.81,
            "coherence": 0.635
          },
          {
            "date": "2024-03-13",
            "displacement": 2.26,
            "coherence": 0.92
          },
          {
            "date": "2024-03-25",
            "displacement": 1.22,
            "coherence": 0.93
          },
          {
            "date": "2024-04-06",
            "displacement": 1.05,
            "coherence": 0.766
          },
          {
            "date": "2024-04-18",
            "displacement": 0.92,
            "coherence": 0.67
          },
          {
            "date": "2024-04-30",
            "displacement": -0.04,
            "coherence": 0.602
          },
          {
            "date": "2024-05-12",
            "displacement": -1.67,
            "coherence": 0.723
          },
          {
            "date": "2024-05-24",
            "displacement": -1.51,
            "coherence": 0.679
          },
          {
            "date": "2024-06-05",
            "displacement": -1.77,
            "coherence": 0.675
          },
          {
            "date": "2024-06-17",
            "displacement": -1.16,
            "coherence": 0.796
          },
          {
            "date": "2024-06-29",
            "displacement": -1.76,
            "coherence": 0.755
          },
          {
            "date": "2024-07-11",
            "displacement": -1.31,
            "coherence": 0.651
          },
          {
            "date": "2024-07-23",
            "displacement": -1.24,
            "coherence": 0.796
          },
          {
            "date": "2024-08-04",
            "displacement": -2.0,
            "coherence": 0.698
          },
          {
            "date": "2024-08-16",
            "displacement": -2.09,
            "coherence": 0.94
          }
        ],
        "statistics": {
          "mean_displacement": -0.08,
          "std_displacement": 1.46,
          "max_displacement": 2.26,
          "min_displacement": -2.09
        }
      }
    },
    {
      "type": "Feature",
      "geometry": {
        "type": "Point",
        "coordinates": [
          126.918361,
          37.408624
        ]
      },
      "properties": {
        "point_id": "P060",
        "index": 60,
        "velocity": 11.4,
        "timeseries": [
          {
            "date": "2024-01-01",
            "displacement": 0.41,
            "coherence": 0.729
          },
          {
            "date": "2024-01-13",
            "displacement": 1.29,
            "coherence": 0.928
          },
          {
            "date": "2024-01-25",
            "displacement": 1.61,
            "coherence": 0.744
          },
          {
            "date": "2024-02-06",
            "displacement": 2.0,
            "coherence": 0.938
          },
          {
            "date": "2024-02-18",
            "displacement": 2.82,
            "coherence": 0.808
          },
          {
            "date": "2024-03-01",
            "displacement": 3.63,
            "coherence": 0.743
          },
          {
            "date": "2024-03-13",
            "displacement": 4.23,
            "coherence": 0.606
          },
          {
            "date": "2024-03-25",
            "displacement": 4.97,
            "coherence": 0.873
          },
          {
            "date": "2024-04-06",
            "displacement": 5.55,
            "coherence": 0.905
          },
          {
            "date": "2024-04-18",
            "displacement": 5.96,
            "coherence": 0.912
          },
          {
            "date": "2024-04-30",
            "displacement": 5.57,
            "coherence": 0.935
          },
          {
            "date": "2024-05-12",
            "displacement": 6.33,
            "coherence": 0.769
          },
          {
            "date": "2024-05-24",
            "displacement": 6.69,
            "coherence": 0.881
          },
          {
            "date": "2024-06-05",
            "displacement": 7.16,
            "coherence": 0.622
          },
          {
            "date": "2024-06-17",
            "displacement": 7.82,
            "coherence": 0.874
          },
          {
            "date": "2024-06-29",
            "displacement": 7.89,
            "coherence": 0.657
          },
          {
            "date": "2024-07-11",
            "displacement": 8.22,
            "coherence": 0.932
          },
          {
            "date": "2024-07-23",
            "displacement": 8.98,
            "coherence": 0.927
          },
          {
            "date": "2024-08-04",
            "displacement": 8.76,
            "coherence": 0.807
          },
          {
            "date": "2024-08-16",
            "displacement": 9.09,
            "coherence": 0.884
          }
        ],
        "statistics": {
          "mean_displacement": 5.45,
          "std_displacement": 2.67,
          "max_displacement": 9.09,
          "min_displacement": 0.41
        }
      }
    },
    {
      "type": "Feature",
      "geometry": {
        "type": "Point",
        "coordinates": [
          126.927603,
          37.427036
        ]
      },
      "properties": {
        "point_id": "P061",
        "index": 61,
        "velocity": -13.75,
        "timeseries": [
          {
            "date": "2024-01-01",
            "displacement": -1.16,
            "coherence": 0.65
          },
          {
            "date": "2024-01-13",
            "displacement": -0.85,
            "coherence": 0.65
          },
          {
            "date": "2024-01-25",
            "displacement": -1.63,
            "coherence": 0.879
          },
          {
            "date": "2024-02-06",
            "displacement": -2.83,
            "coherence": 0.888
          },
          {
            "date": "2024-02-18",
            "displacement": -4.09,
            "coherence": 0.898
          },
          {
            "date": "2024-03-01",
            "displacement": -4.02,
            "coherence": 0.876
          },
          {
            "date": "2024-03-13",
            "displacement": -4.45,
            "coherence": 0.699
          },
          {
            "date": "2024-03-25",
            "displacement": -4.92,
            "coherence": 0.856
          },
          {
            "date": "2024-04-06",
            "displacement": -5.07,
            "coherence": 0.761
          },
          {
            "date": "2024-04-18",
            "displacement": -5.72,
            "coherence": 0.893
          },
          {
            "date": "2024-04-30",
            "displacement": -5.65,
            "coherence": 0.791
          },
          {
            "date": "2024-05-12",
            "displacement": -6.62,
            "coherence": 0.942
          },
          {
            "date": "2024-05-24",
            "displacement": -6.72,
            "coherence": 0.89
          },
          {
            "date": "2024-06-05",
            "displacement": -6.79,
            "coherence": 0.81
          },
          {
            "date": "2024-06-17",
            "displacement": -6.86,
            "coherence": 0.693
          },
          {
            "date": "2024-06-29",
            "displacement": -6.81,
            "coherence": 0.776
          },
          {
            "date": "2024-07-11",
            "displacement": -7.73,
            "coherence": 0.607
          },
          {
            "date": "2024-07-23",
            "displacement": -7.4,
            "coherence": 0.875
          },
          {
            "date": "2024-08-04",
            "displacement": -7.78,
            "coherence": 0.628
          },
          {
            "date": "2024-08-16",
            "displacement": -8.14,
            "coherence": 0.936
          }
        ],
        "statistics": {
          "mean_displacement": -5.26,
          "std_displacement": 2.19,
          "max_displacement": -0.85,
          "min_displacement": -8.14
        }
      }
    },
    {
      "type": "Feature",
      "geometry": {
        "type": "Point",
        "coordinates": [
          126.917393,
          37.481042
        ]
      },
      "properties": {
        "point_id": "P062",
        "index": 62,
        "velocity": -13.38,
        "timeseries": [
          {
            "date": "2024-01-01",
            "displacement": -1.49,
            "coherence": 0.939
          },
          {
            "date": "2024-01-13",
            "displacement": -2.13,
            "coherence": 0.705
          },
          {
            "date": "2024-01-25",
            "displacement": -2.72,
            "coherence": 0.609
          },
          {
            "date": "2024-02-06",
            "displacement": -2.99,
            "coherence": 0.769
          },
          {
            "date": "2024-02-18",
            "displacement": -3.76,
            "coherence": 0.847
          },
          {
            "date": "2024-03-01",
            "displacement": -4.11,
            "coherence": 0.919
          },
          {
            "date": "2024-03-13",
            "displacement": -4.83,
            "coherence": 0.702
          },
          {
            "date": "2024-03-25",
            "displacement": -5.61,
            "coherence": 0.877
          },
          {
            "date": "2024-04-06",
            "displacement": -5.63,
            "coherence": 0.863
          },
          {
            "date": "2024-04-18",
            "displacement": -5.79,
            "coherence": 0.683
          },
          {
            "date": "2024-04-30",
            "displacement": -6.83,
            "coherence": 0.877
          },
          {
            "date": "2024-05-12",
            "displacement": -7.63,
            "coherence": 0.818
          },
          {
            "date": "2024-05-24",
            "displacement": -8.41,
            "coherence": 0.639
          },
          {
            "date": "2024-06-05",
            "displacement": -8.98,
            "coherence": 0.665
          },
          {
            "date": "2024-06-17",
            "displacement": -10.08,
            "coherence": 0.724
          },
          {
            "date": "2024-06-29",
            "displacement": -11.45,
            "coherence": 0.653
          },
          {
            "date": "2024-07-11",
            "displacement": -13.43,
            "coherence": 0.811
          },
          {
            "date": "2024-07-23",
            "displacement": -14.64,
            "coherence": 0.906
          },
          {
            "date": "2024-08-04",
            "displacement": -15.65,
            "coherence": 0.843
          },
          {
            "date": "2024-08-16",
            "displacement": -15.93,
            "coherence": 0.649
          }
        ],
        "statistics": {
          "mean_displacement": -7.6,
          "std_displacement": 4.47,
          "max_displacement": -1.49,
          "min_displacement": -15.93
        }
      }
    },
    {
      "type": "Feature",
      "geometry": {
        "type": "Point",
        "coordinates": [
          127.070925,
          37.541811
        ]
      },
      "properties": {
        "point_id": "P063",
        "index": 63,
        "velocity": 0.22,
        "timeseries": [
          {
            "date": "2024-01-01",
            "displacement": -0.52,
            "coherence": 0.756
          },
          {
            "date": "2024-01-13",
            "displacement": -0.55,
            "coherence": 0.642
          },
          {
            "date": "2024-01-25",
            "displacement": -0.84,
            "coherence": 0.839
          },
          {
            "date": "2024-02-06",
            "displacement": -0.96,
            "coherence": 0.905
          },
          {
            "date": "2024-02-18",
            "displacement": -0.64,
            "coherence": 0.758
          },
          {
            "date": "2024-03-01",
            "displacement": -0.25,
            "coherence": 0.734
          },
          {
            "date": "2024-03-13",
            "displacement": 0.56,
            "coherence": 0.767
          },
          {
            "date": "2024-03-25",
            "displacement": 0.64,
            "coherence": 0.713
          },
          {
            "date": "2024-04-06",
            "displacement": 0.49,
            "coherence": 0.712
          },
          {
            "date": "2024-04-18",
            "displacement": 0.61,
            "coherence": 0.678
          },
          {
            "date": "2024-04-30",
            "displacement": -0.05,
            "coherence": 0.668
          },
          {
            "date": "2024-05-12",
            "displacement": -0.52,
            "coherence": 0.755
          },
          {
            "date": "2024-05-24",
            "displacement": -1.08,
            "coherence": 0.782
          },
          {
            "date": "2024-06-05",
            "displacement": -1.5,
            "coherence": 0.929
          },
          {
            "date": "2024-06-17",
            "displacement": -1.43,
            "coherence": 0.877
          },
          {
            "date": "2024-06-29",
            "displacement": -1.33,
            "coherence": 0.776
          },
          {
            "date": "2024-07-11",
            "displacement": -2.66,
            "coherence": 0.851
          },
          {
            "date": "2024-07-23",
            "displacement": -2.45,
            "coherence": 0.944
          },
          {
            "date": "2024-08-04",
            "displacement": -2.62,
            "coherence": 0.929
          },
          {
            "date": "2024-08-16",
            "displacement": -2.21,
            "coherence": 0.874
          }
        ],
        "statistics": {
          "mean_displacement": -0.87,
          "std_displacement": 1.03,
          "max_displacement": 0.64,
          "min_displacement": -2.66
        }
      }
    },
    {
      "type": "Feature",
      "geometry": {
        "type": "Point",
        "coordinates": [
          127.089884,
          37.546276
        ]
      },
      "properties": {
        "point_id": "P064",
        "index": 64,
        "velocity": -1.24,
        "timeseries": [
          {
            "date": "2024-01-01",
            "displacement": -0.83,
            "coherence": 0.866
          },
          {
            "date": "2024-01-13",
            "displacement": -1.39,
            "coherence": 0.659
          },
          {
            "date": "2024-01-25",
            "displacement": -1.71,
            "coherence": 0.662
          },
          {
            "date": "2024-02-06",
            "displacement": -2.4,
            "coherence": 0.769
          },
          {
            "date": "2024-02-18",
            "displacement": -1.99,
            "coherence": 0.925
          },
          {
            "date": "2024-03-01",
            "displacement": -2.06,
            "coherence": 0.894
          },
          {
            "date": "2024-03-13",
            "displacement": -3.03,
            "coherence": 0.709
          },
          {
            "date": "2024-03-25",
            "displacement": -4.41,
            "coherence": 0.774
          },
          {
            "date": "2024-04-06",
            "displacement": -4.56,
            "coherence": 0.775
          },
          {
            "date": "2024-04-18",
            "displacement": -4.58,
            "coherence": 0.908
          },
          {
            "date": "2024-04-30",
            "displacement": -5.0,
            "coherence": 0.866
          },
          {
            "date": "2024-05-12",
            "displacement": -5.38,
            "coherence": 0.719
          },
          {
            "date": "2024-05-24",
            "displacement": -5.05,
            "coherence": 0.691
          },
          {
            "date": "2024-06-05",
            "displacement": -4.88,
            "coherence": 0.647
          },
          {
            "date": "2024-06-17",
            "displacement": -4.57,
            "coherence": 0.815
          },
          {
            "date": "2024-06-29",
            "displacement": -5.81,
            "coherence": 0.9
          },
          {
            "date": "2024-07-11",
            "displacement": -6.16,
            "coherence": 0.722
          },
          {
            "date": "2024-07-23",
            "displacement": -5.86,
            "coherence": 0.648
          },
          {
            "date": "2024-08-04",
            "displacement": -5.98,
            "coherence": 0.705
          },
          {
            "date": "2024-08-16",
            "displacement": -5.2,
            "coherence": 0.882
          }
        ],
        "statistics": {
          "mean_displacement": -4.04,
          "std_displacement": 1.67,
          "max_displacement": -0.83,
          "min_displacement": -6.16
        }
      }
    },
    {
      "type": "Feature",
      "geometry": {
        "type": "Point",
        "coordinates": [
          126.956416,
          37.451048
        ]
      },
      "properties": {
        "point_id": "P065",
        "index": 65,
        "velocity": -1.79,
        "timeseries": [
          {
            "date": "2024-01-01",
            "displacement": -0.75,
            "coherence": 0.758
          },
          {
            "date": "2024-01-13",
            "displacement": -1.14,
            "coherence": 0.689
          },
          {
            "date": "2024-01-25",
            "displacement": -0.31,
            "coherence": 0.763
          },
          {
            "date": "2024-02-06",
            "displacement": -0.38,
            "coherence": 0.775
          },
          {
            "date": "2024-02-18",
            "displacement": -0.34,
            "coherence": 0.921
          },
          {
            "date": "2024-03-01",
            "displacement": -0.37,
            "coherence": 0.854
          },
          {
            "date": "2024-03-13",
            "displacement": -0.43,
            "coherence": 0.927
          },
          {
            "date": "2024-03-25",
            "displacement": -0.81,
            "coherence": 0.873
          },
          {
            "date": "2024-04-06",
            "displacement": -1.09,
            "coherence": 0.909
          },
          {
            "date": "2024-04-18",
            "displacement": -1.18,
            "coherence": 0.686
          },
          {
            "date": "2024-04-30",
            "displacement": -0.06,
            "coherence": 0.807
          },
          {
            "date": "2024-05-12",
            "displacement": -0.67,
            "coherence": 0.781
          },
          {
            "date": "2024-05-24",
            "displacement": -0.27,
            "coherence": 0.647
          },
          {
            "date": "2024-06-05",
            "displacement": -0.78,
            "coherence": 0.916
          },
          {
            "date": "2024-06-17",
            "displacement": -0.34,
            "coherence": 0.928
          },
          {
            "date": "2024-06-29",
            "displacement": -1.01,
            "coherence": 0.862
          },
          {
            "date": "2024-07-11",
            "displacement": -1.46,
            "coherence": 0.815
          },
          {
            "date": "2024-07-23",
            "displacement": -1.58,
            "coherence": 0.854
          },
          {
            "date": "2024-08-04",
            "displacement": -2.04,
            "coherence": 0.708
          },
          {
            "date": "2024-08-16",
            "displacement": -1.17,
            "coherence": 0.62
          }
        ],
        "statistics": {
          "mean_displacement": -0.81,
          "std_displacement": 0.51,
          "max_displacement": -0.06,
          "min_displacement": -2.04
        }
      }
    },
    {
      "type": "Feature",
      "geometry": {
        "type": "Point",
        "coordinates": [
          126.918237,
          37.582388
        ]
      },
      "properties": {
        "point_id": "P066",
        "index": 66,
        "velocity": 5.98,
        "timeseries": [
          {
            "date": "2024-01-01",
            "displacement": -0.05,
            "coherence": 0.7
          },
          {
            "date": "2024-01-13",
            "displacement": -0.4,
            "coherence": 0.677
          },
          {
            "date": "2024-01-25",
            "displacement": 0.4,
            "coherence": 0.635
          },
          {
            "date": "2024-02-06",
            "displacement": 0.22,
            "coherence": 0.849
          },
          {
            "date": "2024-02-18",
            "displacement": 0.54,
            "coherence": 0.74
          },
          {
            "date": "2024-03-01",
            "displacement": 0.97,
            "coherence": 0.92
          },
          {
            "date": "2024-03-13",
            "displacement": 1.37,
            "coherence": 0.921
          },
          {
            "date": "2024-03-25",
            "displacement": 2.17,
            "coherence": 0.92
          },
          {
            "date": "2024-04-06",
            "displacement": 1.84,
            "coherence": 0.773
          },
          {
            "date": "2024-04-18",
            "displacement": 1.52,
            "coherence": 0.614
          },
          {
            "date": "2024-04-30",
            "displacement": 1.5,
            "coherence": 0.629
          },
          {
            "date": "2024-05-12",
            "displacement": 0.91,
            "coherence": 0.718
          },
          {
            "date": "2024-05-24",
            "displacement": 1.6,
            "coherence": 0.625
          },
          {
            "date": "2024-06-05",
            "displacement": 1.98,
            "coherence": 0.613
          },
          {
            "date": "2024-06-17",
            "displacement": 2.87,
            "coherence": 0.88
          },
          {
            "date": "2024-06-29",
            "displacement": 3.08,
            "coherence": 0.64
          },
          {
            "date": "2024-07-11",
            "displacement": 4.38,
            "coherence": 0.661
          },
          {
            "date": "2024-07-23",
            "displacement": 4.0,
            "coherence": 0.848
          },
          {
            "date": "2024-08-04",
            "displacement": 3.7,
            "coherence": 0.86
          },
          {
            "date": "2024-08-16",
            "displacement": 3.44,
            "coherence": 0.932
          }
        ],
        "statistics": {
          "mean_displacement": 1.8,
          "std_displacement": 1.36,
          "max_displacement": 4.38,
          "min_displacement": -0.4
        }
      }
    },
    {
      "type": "Feature",
      "geometry": {
        "type": "Point",
        "coordinates": [
          126.921821,
          37.502956
        ]
      },
      "properties": {
        "point_id": "P067",
        "index": 67,
        "velocity": -3.11,
        "timeseries": [
          {
            "date": "2024-01-01",
            "displacement": 0.64,
            "coherence": 0.742
          },
          {
            "date": "2024-01-13",
            "displacement": 0.08,
            "coherence": 0.775
          },
          {
            "date": "2024-01-25",
            "displacement": 0.14,
            "coherence": 0.669
          },
          {
            "date": "2024-02-06",
            "displacement": 0.37,
            "coherence": 0.757
          },
          {
            "date": "2024-02-18",
            "displacement": -0.11,
            "coherence": 0.903
          },
          {
            "date": "2024-03-01",
            "displacement": -0.23,
            "coherence": 0.602
          },
          {
            "date": "2024-03-13",
            "displacement": -0.01,
            "coherence": 0.797
          },
          {
            "date": "2024-03-25",
            "displacement": 0.0,
            "coherence": 0.694
          },
          {
            "date": "2024-04-06",
            "displacement": 0.17,
            "coherence": 0.879
          },
          {
            "date": "2024-04-18",
            "displacement": -0.69,
            "coherence": 0.671
          },
          {
            "date": "2024-04-30",
            "displacement": 0.06,
            "coherence": 0.645
          },
          {
            "date": "2024-05-12",
            "displacement": 0.75,
            "coherence": 0.712
          },
          {
            "date": "2024-05-24",
            "displacement": 0.41,
            "coherence": 0.764
          },
          {
            "date": "2024-06-05",
            "displacement": 0.26,
            "coherence": 0.817
          },
          {
            "date": "2024-06-17",
            "displacement": 0.84,
            "coherence": 0.665
          },
          {
            "date": "2024-06-29",
            "displacement": 1.1,
            "coherence": 0.944
          },
          {
            "date": "2024-07-11",
            "displacement": 0.72,
            "coherence": 0.77
          },
          {
            "date": "2024-07-23",
            "displacement": -0.76,
            "coherence": 0.925
          },
          {
            "date": "2024-08-04",
            "displacement": -1.08,
            "coherence": 0.947
          },
          {
            "date": "2024-08-16",
            "displacement": -1.05,
            "coherence": 0.665
          }
        ],
        "statistics": {
          "mean_displacement": 0.08,
          "std_displacement": 0.6,
          "max_displacement": 1.1,
          "min_displacement": -1.08
        }
      }
    },
    {
      "type": "Feature",
      "geometry": {
        "type": "Point",
        "coordinates": [
          127.012565,
          37.423959
        ]
      },
      "properties": {
        "point_id": "P068",
        "index": 68,
        "velocity": 3.94,
        "timeseries": [
          {
            "date": "2024-01-01",
            "displacement": 0.35,
            "coherence": 0.901
          },
          {
            "date": "2024-01-13",
            "displacement": -0.02,
            "coherence": 0.749
          },
          {
            "date": "2024-01-25",
            "displacement": 0.43,
            "coherence": 0.651
          },
          {
            "date": "2024-02-06",
            "displacement": -0.26,
            "coherence": 0.756
          },
          {
            "date": "2024-02-18",
            "displacement": -0.1,
            "coherence": 0.718
          },
          {
            "date": "2024-03-01",
            "displacement": 0.73,
            "coherence": 0.756
          },
          {
            "date": "2024-03-13",
            "displacement": 0.38,
            "coherence": 0.694
          },
          {
            "date": "2024-03-25",
            "displacement": -0.34,
            "coherence": 0.869
          },
          {
            "date": "2024-04-06",
            "displacement": 0.25,
            "coherence": 0.753
          },
          {
            "date": "2024-04-18",
            "displacement": 0.49,
            "coherence": 0.659
          },
          {
            "date": "2024-04-30",
            "displacement": 0.37,
            "coherence": 0.616
          },
          {
            "date": "2024-05-12",
            "displacement": 0.67,
            "coherence": 0.9
          },
          {
            "date": "2024-05-24",
            "displacement": 1.21,
            "coherence": 0.781
          },
          {
            "date": "2024-06-05",
            "displacement": 1.53,
            "coherence": 0.629
          },
          {
            "date": "2024-06-17",
            "displacement": 1.56,
            "coherence": 0.607
          },
          {
            "date": "2024-06-29",
            "displacement": 1.42,
            "coherence": 0.639
          },
          {
            "date": "2024-07-11",
            "displacement": 1.9,
            "coherence": 0.912
          },
          {
            "date": "2024-07-23",
            "displacement": 1.89,
            "coherence": 0.614
          },
          {
            "date": "2024-08-04",
            "displacement": 1.74,
            "coherence": 0.663
          },
          {
            "date": "2024-08-16",
            "displacement": 2.52,
            "coherence": 0.653
          }
        ],
        "statistics": {
          "mean_displacement": 0.84,
          "std_displacement": 0.8,
          "max_displacement": 2.52,
          "min_displacement": -0.34
        }
      }
    },
    {
      "type": "Feature",
      "geometry": {
        "type": "Point",
        "coordinates": [
          127.028958,
          37.525342
        ]
      },
      "properties": {
        "point_id": "P069",
        "index": 69,
        "velocity": -9.46,
        "timeseries": [
          {
            "date": "2024-01-01",
            "displacement": -0.63,
            "coherence": 0.71
          },
          {
            "date": "2024-01-13",
            "displacement": -1.24,
            "coherence": 0.616
          },
          {
            "date": "2024-01-25",
            "displacement": -1.63,
            "coherence": 0.663
          },
          {
            "date": "2024-02-06",
            "displacement": -1.74,
            "coherence": 0.836
          },
          {
            "date": "2024-02-18",
            "displacement": -1.35,
            "coherence": 0.93
          },
          {
            "date": "2024-03-01",
            "displacement": -1.6,
            "coherence": 0.739
          },
          {
            "date": "2024-03-13",
            "displacement": -1.62,
            "coherence": 0.757
          },
          {
            "date": "2024-03-25",
            "displacement": -1.43,
            "coherence": 0.738
          },
          {
            "date": "2024-04-06",
            "displacement": -1.53,
            "coherence": 0.889
          },
          {
            "date": "2024-04-18",
            "displacement": -1.76,
            "coherence": 0.676
          },
          {
            "date": "2024-04-30",
            "displacement": -2.27,
            "coherence": 0.726
          },
          {
            "date": "2024-05-12",
            "displacement": -2.72,
            "coherence": 0.603
          },
          {
            "date": "2024-05-24",
            "displacement": -3.07,
            "coherence": 0.903
          },
          {
            "date": "2024-06-05",
            "displacement": -2.7,
            "coherence": 0.81
          },
          {
            "date": "2024-06-17",
            "displacement": -2.78,
            "coherence": 0.702
          },
          {
            "date": "2024-06-29",
            "displacement": -2.56,
            "coherence": 0.831
          },
          {
            "date": "2024-07-11",
            "displacement": -3.11,
            "coherence": 0.928
          },
          {
            "date": "2024-07-23",
            "displacement": -2.65,
            "coherence": 0.795
          },
          {
            "date": "2024-08-04",
            "displacement": -3.08,
            "coherence": 0.607
          },
          {
            "date": "2024-08-16",
            "displacement": -3.6,
            "coherence": 0.846
          }
        ],
        "statistics": {
          "mean_displacement": -2.15,
          "std_displacement": 0.78,
          "max_displacement": -0.63,
          "min_displacement": -3.6
        }
      }
    },
    {
      "type": "Feature",
      "geometry": {
        "type": "Point",
        "coordinates": [
          127.078022,
          37.479897
        ]
      },
      "properties": {
        "point_id": "P070",
        "index": 70,
        "velocity": -3.52,
        "timeseries": [
          {
            "date": "2024-01-01",
            "displacement": -0.34,
            "coherence": 0.809
          },
          {
            "date": "2024-01-13",
            "displacement": -0.23,
            "coherence": 0.705
          },
          {
            "date": "2024-01-25",
            "displacement": -0.07,
            "coherence": 0.751
          },
          {
            "date": "2024-02-06",
            "displacement": 0.22,
            "coherence": 0.668
          },
          {
            "date": "2024-02-18",
            "displacement": 1.25,
            "coherence": 0.643
          },
          {
            "date": "2024-03-01",
            "displacement": 0.55,
            "coherence": 0.741
          },
          {
            "date": "2024-03-13",
            "displacement": -0.0,
            "coherence": 0.615
          },
          {
            "date": "2024-03-25",
            "displacement": -0.41,
            "coherence": 0.7
          },
          {
            "date": "2024-04-06",
            "displacement": -1.4,
            "coherence": 0.797
          },
          {
            "date": "2024-04-18",
            "displacement": -1.53,
            "coherence": 0.755
          },
          {
            "date": "2024-04-30",
            "displacement": -1.58,
            "coherence": 0.939
          },
          {
            "date": "2024-05-12",
            "displacement": -2.26,
            "coherence": 0.792
          },
          {
            "date": "2024-05-24",
            "displacement": -2.93,
            "coherence": 0.921
          },
          {
            "date": "2024-06-05",
            "displacement": -3.06,
            "coherence": 0.868
          },
          {
            "date": "2024-06-17",
            "displacement": -3.63,
            "coherence": 0.806
          },
          {
            "date": "2024-06-29",
            "displacement": -3.04,
            "coherence": 0.715
          },
          {
            "date": "2024-07-11",
            "displacement": -2.82,
            "coherence": 0.811
          },
          {
            "date": "2024-07-23",
            "displacement": -1.98,
            "coherence": 0.619
          },
          {
            "date": "2024-08-04",
            "displacement": -2.19,
            "coherence": 0.777
          },
          {
            "date": "2024-08-16",
            "displacement": -2.8,
            "coherence": 0.838
          }
        ],
        "statistics": {
          "mean_displacement": -1.41,
          "std_displacement": 1.4,
          "max_displacement": 1.25,
          "min_displacement": -3.63
        }
      }
    },
    {
      "type": "Feature",
      "geometry": {
        "type": "Point",
        "coordinates": [
          127.053077,
          37.490928
        ]
      },
      "properties": {
        "point_id": "P071",
        "index": 71,
        "velocity": -6.07,
        "timeseries": [
          {
            "date": "2024-01-01",
            "displacement": -0.48,
            "coherence": 0.928
          },
          {
            "date": "2024-01-13",
            "displacement": -0.55,
            "coherence": 0.722
          },
          {
            "date": "2024-01-25",
            "displacement": -0.45,
            "coherence": 0.647
          },
          {
            "date": "2024-02-06",
            "displacement": -0.14,
            "coherence": 0.833
          },
          {
            "date": "2024-02-18",
            "displacement": 0.26,
            "coherence": 0.932
          },
          {
            "date": "2024-03-01",
            "displacement": -0.75,
            "coherence": 0.921
          },
          {
            "date": "2024-03-13",
            "displacement": -1.21,
            "coherence": 0.947
          },
          {
            "date": "2024-03-25",
            "displacement": -1.64,
            "coherence": 0.886
          },
          {
            "date": "2024-04-06",
            "displacement": -1.62,
            "coherence": 0.739
          },
          {
            "date": "2024-04-18",
            "displacement": -0.81,
            "coherence": 0.629
          },
          {
            "date": "2024-04-30",
            "displacement": -0.35,
            "coherence": 0.649
          },
          {
            "date": "2024-05-12",
            "displacement": -0.58,
            "coherence": 0.813
          },
          {
            "date": "2024-05-24",
            "displacement": -0.72,
            "coherence": 0.696
          },
          {
            "date": "2024-06-05",
            "displacement": -0.83,
            "coherence": 0.689
          },
          {
            "date": "2024-06-17",
            "displacement": -0.84,
            "coherence": 0.735
          },
          {
            "date": "2024-06-29",
            "displacement": -0.52,
            "coherence": 0.629
          },
          {
            "date": "2024-07-11",
            "displacement": -0.1,
            "coherence": 0.86
          },
          {
            "date": "2024-07-23",
            "displacement": -0.13,
            "coherence": 0.726
          },
          {
            "date": "2024-08-04",
            "displacement": -1.31,
            "coherence": 0.764
          },
          {
            "date": "2024-08-16",
            "displacement": -0.7,
            "coherence": 0.689
          }
        ],
        "statistics": {
          "mean_displacement": -0.67,
          "std_displacement": 0.48,
          "max_displacement": 0.26,
          "min_displacement": -1.64
        }
      }
    },
    {
      "type": "Feature",
      "geometry": {
        "type": "Point",
        "coordinates": [
          126.958751,
          37.484147
        ]
      },
      "properties": {
        "point_id": "P072",
        "index": 72,
        "velocity": 6.76,
        "timeseries": [
          {
            "date": "2024-01-01",
            "displacement": 0.32,
            "coherence": 0.832
          },
          {
            "date": "2024-01-13",
            "displacement": 1.48,
            "coherence": 0.913
          },
          {
            "date": "2024-01-25",
            "displacement": 2.29,
            "coherence": 0.925
          },
          {
            "date": "2024-02-06",
            "displacement": 2.49,
            "coherence": 0.86
          },
          {
            "date": "2024-02-18",
            "displacement": 2.41,
            "coherence": 0.821
          },
          {
            "date": "2024-03-01",
            "displacement": 3.18,
            "coherence": 0.946
          },
          {
            "date": "2024-03-13",
            "displacement": 3.52,
            "coherence": 0.705
          },
          {
            "date": "2024-03-25",
            "displacement": 4.74,
            "coherence": 0.64
          },
          {
            "date": "2024-04-06",
            "displacement": 4.63,
            "coherence": 0.61
          },
          {
            "date": "2024-04-18",
            "displacement": 4.83,
            "coherence": 0.751
          },
          {
            "date": "2024-04-30",
            "displacement": 5.72,
            "coherence": 0.833
          },
          {
            "date": "2024-05-12",
            "displacement": 6.04,
            "coherence": 0.915
          },
          {
            "date": "2024-05-24",
            "displacement": 6.41,
            "coherence": 0.653
          },
          {
            "date": "2024-06-05",
            "displacement": 6.88,
            "coherence": 0.873
          },
          {
            "date": "2024-06-17",
            "displacement": 8.3,
            "coherence": 0.644
          },
          {
            "date": "2024-06-29",
            "displacement": 8.64,
            "coherence": 0.828
          },
          {
            "date": "2024-07-11",
            "displacement": 9.71,
            "coherence": 0.822
          },
          {
            "date": "2024-07-23",
            "displacement": 10.33,
            "coherence": 0.691
          },
          {
            "date": "2024-08-04",
            "displacement": 10.72,
            "coherence": 0.766
          },
          {
            "date": "2024-08-16",
            "displacement": 10.89,
            "coherence": 0.87
          }
        ],
        "statistics": {
          "mean_displacement": 5.68,
          "std_displacement": 3.17,
          "max_displacement": 10.89,
          "min_displacement": 0.32
        }
      }
    },
    {
      "type": "Feature",
      "geometry": {
        "type": "Point",
        "coordinates": [
          127.071377,
          37.405554
        ]
      },
      "properties": {
        "point_id": "P073",
        "index": 73,
        "velocity": -2.58,
        "timeseries": [
          {
            "date": "2024-01-01",
            "displacement": -0.17,
            "coherence": 0.851
          },
          {
            "date": "2024-01-13",
            "displacement": -0.19,
            "coherence": 0.733
          },
          {
            "date": "2024-01-25",
            "displacement": 0.13,
            "coherence": 0.678
          },
          {
            "date": "2024-02-06",
            "displacement": 0.77,
            "coherence": 0.68
          },
          {
            "date": "2024-02-18",
            "displacement": 0.75,
            "coherence": 0.851
          },
          {
            "date": "2024-03-01",
            "displacement": 0.23,
            "coherence": 0.745
          },
          {
            "date": "2024-03-13",
            "displacement": 0.2,
            "coherence": 0.904
          },
          {
            "date": "2024-03-25",
            "displacement": 0.77,
            "coherence": 0.851
          },
          {
            "date": "2024-04-06",
            "displacement": 0.62,
            "coherence": 0.826
          },
          {
            "date": "2024-04-18",
            "displacement": 0.89,
            "coherence": 0.748
          },
          {
            "date": "2024-04-30",
            "displacement": 1.04,
            "coherence": 0.659
          },
          {
            "date": "2024-05-12",
            "displacement": 0.95,
            "coherence": 0.681
          },
          {
            "date": "2024-05-24",
            "displacement": 1.1,
            "coherence": 0.838
          },
          {
            "date": "2024-06-05",
            "displacement": 1.04,
            "coherence": 0.673
          },
          {
            "date": "2024-06-17",
            "displacement": 0.48,
            "coherence": 0.634
          },
          {
            "date": "2024-06-29",
            "displacement": 0.79,
            "coherence": 0.856
          },
          {
            "date": "2024-07-11",
            "displacement": 0.82,
            "coherence": 0.778
          },
          {
            "date": "2024-07-23",
            "displacement": 0.58,
            "coherence": 0.901
          },
          {
            "date": "2024-08-04",
            "displacement": 0.78,
            "coherence": 0.763
          },
          {
            "date": "2024-08-16",
            "displacement": 1.55,
            "coherence": 0.781
          }
        ],
        "statistics": {
          "mean_displacement": 0.66,
          "std_displacement": 0.43,
          "max_displacement": 1.55,
          "min_displacement": -0.19
        }
      }
    },
    {
      "type": "Feature",
      "geometry": {
        "type": "Point",
        "coordinates": [
          127.069971,
          37.479819
        ]
      },
      "properties": {
        "point_id": "P074",
        "index": 74,
        "velocity": -0.79,
        "timeseries": [
          {
            "date": "2024-01-01",
            "displacement": -0.45,
            "coherence": 0.856
          },
          {
            "date": "2024-01-13",
            "displacement": -0.37,
            "coherence": 0.888
          },
          {
            "date": "2024-01-25",
            "displacement": -0.0,
            "coherence": 0.713
          },
          {
            "date": "2024-02-06",
            "displacement": -0.14,
            "coherence": 0.947
          },
          {
            "date": "2024-02-18",
            "displacement": -0.55,
            "coherence": 0.834
          },
          {
            "date": "2024-03-01",
            "displacement": 0.21,
            "coherence": 0.945
          },
          {
            "date": "2024-03-13",
            "displacement": -0.12,
            "coherence": 0.712
          },
          {
            "date": "2024-03-25",
            "displacement": 0.08,
            "coherence": 0.64
          },
          {
            "date": "2024-04-06",
            "displacement": 0.13,
            "coherence": 0.843
          },
          {
            "date": "2024-04-18",
            "displacement": -0.44,
            "coherence": 0.728
          },
          {
            "date": "2024-04-30",
            "displacement": -0.25,
            "coherence": 0.701
          },
          {
            "date": "2024-05-12",
            "displacement": -0.83,
            "coherence": 0.789
          },
          {
            "date": "2024-05-24",
            "displacement": -0.62,
            "coherence": 0.771
          },
          {
            "date": "2024-06-05",
            "displacement": -1.23,
            "coherence": 0.602
          },
          {
            "date": "2024-06-17",
            "displacement": -0.73,
            "coherence": 0.627
          },
          {
            "date": "2024-06-29",
            "displacement": -0.86,
            "coherence": 0.655
          },
          {
            "date": "2024-07-11",
            "displacement": -1.61,
            "coherence": 0.694
          },
          {
            "date": "2024-07-23",
            "displacement": -2.96,
            "coherence": 0.671
          },
          {
            "date": "2024-08-04",
            "displacement": -2.78,
            "coherence": 0.794
          },
          {
            "date": "2024-08-16",
            "displacement": -2.27,
            "coherence": 0.639
          }
        ],
        "statistics": {
          "mean_displacement": -0.79,
          "std_displacement": 0.91,
          "max_displacement": 0.21,
          "min_displacement": -2.96
        }
      }
    },
    {
      "type": "Feature",
      "geometry": {
        "type": "Point",
        "coordinates": [
          126.930837,
          37.45358
        ]
      },
      "properties": {
        "point_id": "P075",
        "index": 75,
        "velocity": 1.73,
        "timeseries": [
          {
            "date": "2024-01-01",
            "displacement": 0.94,
            "coherence": 0.745
          },
          {
            "date": "2024-01-13",
            "displacement": 0.06,
            "coherence": 0.711
          },
          {
            "date": "2024-01-25",
            "displacement": 0.96,
            "coherence": 0.622
          },
          {
            "date": "2024-02-06",
            "displacement": 1.05,
            "coherence": 0.714
          },
          {
            "date": "2024-02-18",
            "displacement": 1.7,
            "coherence": 0.683
          },
          {
            "date": "2024-03-01",
            "displacement": 1.77,
            "coherence": 0.902
          },
          {
            "date": "2024-03-13",
            "displacement": 1.08,
            "coherence": 0.819
          },
          {
            "date": "2024-03-25",
            "displacement": 0.98,
            "coherence": 0.943
          },
          {
            "date": "2024-04-06",
            "displacement": 1.58,
            "coherence": 0.891
          },
          {
            "date": "2024-04-18",
            "displacement": 1.8,
            "coherence": 0.715
          },
          {
            "date": "2024-04-30",
            "displacement": 1.05,
            "coherence": 0.603
          },
          {
            "date": "2024-05-12",
            "displacement": 2.01,
            "coherence": 0.746
          },
          {
            "date": "2024-05-24",
            "displacement": 2.66,
            "coherence": 0.88
          },
          {
            "date": "2024-06-05",
            "displacement": 2.65,
            "coherence": 0.724
          },
          {
            "date": "2024-06-17",
            "displacement": 2.33,
            "coherence": 0.633
          },
          {
            "date": "2024-06-29",
            "displacement": 1.68,
            "coherence": 0.601
          },
          {
            "date": "2024-07-11",
            "displacement": 0.85,
            "coherence": 0.901
          },
          {
            "date": "2024-07-23",
            "displacement": 1.17,
            "coherence": 0.855
          },
          {
            "date": "2024-08-04",
            "displacement": 1.11,
            "coherence": 0.71
          },
          {
            "date": "2024-08-16",
            "displacement": -0.21,
            "coherence": 0.884
          }
        ],
        "statistics": {
          "mean_displacement": 1.36,
          "std_displacement": 0.73,
          "max_displacement": 2.66,
          "min_displacement": -0.21
        }
      }
    },
    {
      "type": "Feature",
      "geometry": {
        "type": "Point",
        "coordinates": [
          127.007095,
          37.497483
        ]
      },
      "properties": {
        "point_id": "P076",
        "index": 76,
        "velocity": 2.12,
        "timeseries": [
          {
            "date": "2024-01-01",
            "displacement": 0.57,
            "coherence": 0.645
          },
          {
            "date": "2024-01-13",
            "displacement": 0.02,
            "coherence": 0.759
          },
          {
            "date": "2024-01-25",
            "displacement": -0.62,
            "coherence": 0.789
          },
          {
            "date": "2024-02-06",
            "displacement": -1.15,
            "coherence": 0.651
          },
          {
            "date": "2024-02-18",
            "displacement": -0.75,
            "coherence": 0.82
          },
          {
            "date": "2024-03-01",
            "displacement": -0.63,
            "coherence": 0.709
          },
          {
            "date": "2024-03-13",
            "displacement": -0.58,
            "coherence": 0.835
          },
          {
            "date": "2024-03-25",
            "displacement": 0.12,
            "coherence": 0.862
          },
          {
            "date": "2024-04-06",
            "displacement": -0.5,
            "coherence": 0.789
          },
          {
            "date": "2024-04-18",
            "displacement": -0.51,
            "coherence": 0.631
          },
          {
            "date": "2024-04-30",
            "displacement": 0.31,
            "coherence": 0.601
          },
          {
            "date": "2024-05-12",
            "displacement": 0.49,
            "coherence": 0.887
          },
          {
            "date": "2024-05-24",
            "displacement": 0.49,
            "coherence": 0.701
          },
          {
            "date": "2024-06-05",
            "displacement": 0.28,
            "coherence": 0.72
          },
          {
            "date": "2024-06-17",
            "displacement": 1.26,
            "coherence": 0.873
          },
          {
            "date": "2024-06-29",
            "displacement": 1.28,
            "coherence": 0.676
          },
          {
            "date": "2024-07-11",
            "displacement": 1.48,
            "coherence": 0.848
          },
          {
            "date": "2024-07-23",
            "displacement": 1.2,
            "coherence": 0.736
          },
          {
            "date": "2024-08-04",
            "displacement": 2.11,
            "coherence": 0.658
          },
          {
            "date": "2024-08-16",
            "displacement": 2.28,
            "coherence": 0.738
          }
        ],
        "statistics": {
          "mean_displacement": 0.36,
          "std_displacement": 0.96,
          "max_displacement": 2.28,
          "min_displacement": -1.15
        }
      }
    },
    {
      "type": "Feature",
      "geometry": {
        "type": "Point",
        "coordinates": [
          126.995505,
          37.42342
        ]
      },
      "properties": {
        "point_id": "P077",
        "index": 77,
        "velocity": 10.7,
        "timeseries": [
          {
            "date": "2024-01-01",
            "displacement": 0.78,
            "coherence": 0.827
          },
          {
            "date": "2024-01-13",
            "displacement": 1.01,
            "coherence": 0.887
          },
          {
            "date": "2024-01-25",
            "displacement": 1.94,
            "coherence": 0.703
          },
          {
            "date": "2024-02-06",
            "displacement": 1.72,
            "coherence": 0.739
          },
          {
            "date": "2024-02-18",
            "displacement": 2.43,
            "coherence": 0.844
          },
          {
            "date": "2024-03-01",
            "displacement": 1.94,
            "coherence": 0.653
          },
          {
            "date": "2024-03-13",
            "displacement": 2.71,
            "coherence": 0.702
          },
          {
            "date": "2024-03-25",
            "displacement": 2.86,
            "coherence": 0.855
          },
          {
            "date": "2024-04-06",
            "displacement": 3.21,
            "coherence": 0.748
          },
          {
            "date": "2024-04-18",
            "displacement": 3.6,
            "coherence": 0.891
          },
          {
            "date": "2024-04-30",
            "displacement": 4.48,
            "coherence": 0.917
          },
          {
            "date": "2024-05-12",
            "displacement": 4.19,
            "coherence": 0.856
          },
          {
            "date": "2024-05-24",
            "displacement": 3.99,
            "coherence": 0.877
          },
          {
            "date": "2024-06-05",
            "displacement": 4.01,
            "coherence": 0.645
          },
          {
            "date": "2024-06-17",
            "displacement": 4.87,
            "coherence": 0.705
          },
          {
            "date": "2024-06-29",
            "displacement": 5.42,
            "coherence": 0.727
          },
          {
            "date": "2024-07-11",
            "displacement": 5.42,
            "coherence": 0.647
          },
          {
            "date": "2024-07-23",
            "displacement": 5.85,
            "coherence": 0.668
          },
          {
            "date": "2024-08-04",
            "displacement": 5.88,
            "coherence": 0.86
          },
          {
            "date": "2024-08-16",
            "displacement": 5.56,
            "coherence": 0.823
          }
        ],
        "statistics": {
          "mean_displacement": 3.59,
          "std_displacement": 1.59,
          "max_displacement": 5.88,
          "min_displacement": 0.78
        }
      }
    },
    {
      "type": "Feature",
      "geometry": {
        "type": "Point",
        "coordinates": [
          127.049358,
          37.418007
        ]
      },
      "properties": {
        "point_id": "P078",
        "index": 78,
        "velocity": -4.06,
        "timeseries": [
          {
            "date": "2024-01-01",
            "displacement": -0.45,
            "coherence": 0.811
          },
          {
            "date": "2024-01-13",
            "displacement": -1.47,
            "coherence": 0.925
          },
          {
            "date": "2024-01-25",
            "displacement": -2.73,
            "coherence": 0.672
          },
          {
            "date": "2024-02-06",
            "displacement": -3.98,
            "coherence": 0.65
          },
          {
            "date": "2024-02-18",
            "displacement": -4.81,
            "coherence": 0.641
          },
          {
            "date": "2024-03-01",
            "displacement": -4.7,
            "coherence": 0.8
          },
          {
            "date": "2024-03-13",
            "displacement": -3.56,
            "coherence": 0.711
          },
          {
            "date": "2024-03-25",
            "displacement": -3.27,
            "coherence": 0.885
          },
          {
            "date": "2024-04-06",
            "displacement": -2.47,
            "coherence": 0.702
          },
          {
            "date": "2024-04-18",
            "displacement": -2.48,
            "coherence": 0.906
          },
          {
            "date": "2024-04-30",
            "displacement": -2.37,
            "coherence": 0.611
          },
          {
            "date": "2024-05-12",
            "displacement": -1.67,
            "coherence": 0.732
          },
          {
            "date": "2024-05-24",
            "displacement": -2.58,
            "coherence": 0.717
          },
          {
            "date": "2024-06-05",
            "displacement": -2.64,
            "coherence": 0.636
          },
          {
            "date": "2024-06-17",
            "displacement": -2.13,
            "coherence": 0.637
          },
          {
            "date": "2024-06-29",
            "displacement": -2.19,
            "coherence": 0.941
          },
          {
            "date": "2024-07-11",
            "displacement": -2.32,
            "coherence": 0.869
          },
          {
            "date": "2024-07-23",
            "displacement": -2.79,
            "coherence": 0.67
          },
          {
            "date": "2024-08-04",
            "displacement": -2.14,
            "coherence": 0.611
          },
          {
            "date": "2024-08-16",
            "displacement": -1.83,
            "coherence": 0.665
          }
        ],
        "statistics": {
          "mean_displacement": -2.63,
          "std_displacement": 1.02,
          "max_displacement": -0.45,
          "min_displacement": -4.81
        }
      }
    },
    {
      "type": "Feature",
      "geometry": {
        "type": "Point",
        "coordinates": [
          126.900336,
          37.573961
        ]
      },
      "properties": {
        "point_id": "P079",
        "index": 79,
        "velocity": -3.43,
        "timeseries": [
          {
            "date": "2024-01-01",
            "displacement": 0.13,
            "coherence": 0.688
          },
          {
            "date": "2024-01-13",
            "displacement": 0.63,
            "coherence": 0.932
          },
          {
            "date": "2024-01-25",
            "displacement": 0.75,
            "coherence": 0.924
          },
          {
            "date": "2024-02-06",
            "displacement": 1.37,
            "coherence": 0.777
          },
          {
            "date": "2024-02-18",
            "displacement": 1.45,
            "coherence": 0.844
          },
          {
            "date": "2024-03-01",
            "displacement": 1.52,
            "coherence": 0.627
          },
          {
            "date": "2024-03-13",
            "displacement": 1.41,
            "coherence": 0.88
          },
          {
            "date": "2024-03-25",
            "displacement": 0.69,
            "coherence": 0.925
          },
          {
            "date": "2024-04-06",
            "displacement": 1.72,
            "coherence": 0.604
          },
          {
            "date": "2024-04-18",
            "displacement": 1.17,
            "coherence": 0.636
          },
          {
            "date": "2024-04-30",
            "displacement": 1.66,
            "coherence": 0.941
          },
          {
            "date": "2024-05-12",
            "displacement": 2.44,
            "coherence": 0.82
          },
          {
            "date": "2024-05-24",
            "displacement": 2.24,
            "coherence": 0.746
          },
          {
            "date": "2024-06-05",
            "displacement": 1.68,
            "coherence": 0.663
          },
          {
            "date": "2024-06-17",
            "displacement": 1.61,
            "coherence": 0.683
          },
          {
            "date": "2024-06-29",
            "displacement": 1.0,
            "coherence": 0.674
          },
          {
            "date": "2024-07-11",
            "displacement": 0.65,
            "coherence": 0.767
          },
          {
            "date": "2024-07-23",
            "displacement": 0.39,
            "coherence": 0.705
          },
          {
            "date": "2024-08-04",
            "displacement": 0.25,
            "coherence": 0.67
          },
          {
            "date": "2024-08-16",
            "displacement": -0.9,
            "coherence": 0.855
          }
        ],
        "statistics": {
          "mean_displacement": 1.09,
          "std_displacement": 0.77,
          "max_displacement": 2.44,
          "min_displacement": -0.9
        }
      }
    },
    {
      "type": "Feature",
      "geometry": {
        "type": "Point",
        "coordinates": [
          126.986259,
          37.410738
        ]
      },
      "properties": {
        "point_id": "P080",
        "index": 80,
        "velocity": -10.63,
        "timeseries": [
          {
            "date": "2024-01-01",
            "displacement": -0.54,
            "coherence": 0.821
          },
          {
            "date": "2024-01-13",
            "displacement": -0.95,
            "coherence": 0.633
          },
          {
            "date": "2024-01-25",
            "displacement": -1.59,
            "coherence": 0.75
          },
          {
            "date": "2024-02-06",
            "displacement": -2.13,
            "coherence": 0.727
          },
          {
            "date": "2024-02-18",
            "displacement": -2.05,
            "coherence": 0.616
          },
          {
            "date": "2024-03-01",
            "displacement": -3.62,
            "coherence": 0.695
          },
          {
            "date": "2024-03-13",
            "displacement": -4.62,
            "coherence": 0.75
          },
          {
            "date": "2024-03-25",
            "displacement": -4.3,
            "coherence": 0.912
          },
          {
            "date": "2024-04-06",
            "displacement": -5.17,
            "coherence": 0.884
          },
          {
            "date": "2024-04-18",
            "displacement": -5.24,
            "coherence": 0.648
          },
          {
            "date": "2024-04-30",
            "displacement": -5.56,
            "coherence": 0.775
          },
          {
            "date": "2024-05-12",
            "displacement": -6.15,
            "coherence": 0.788
          },
          {
            "date": "2024-05-24",
            "displacement": -6.32,
            "coherence": 0.875
          },
          {
            "date": "2024-06-05",
            "displacement": -6.39,
            "coherence": 0.731
          },
          {
            "date": "2024-06-17",
            "displacement": -6.55,
            "coherence": 0.712
          },
          {
            "date": "2024-06-29",
            "displacement": -6.31,
            "coherence": 0.791
          },
          {
            "date": "2024-07-11",
            "displacement": -7.52,
            "coherence": 0.658
          },
          {
            "date": "2024-07-23",
            "displacement": -6.88,
            "coherence": 0.687
          },
          {
            "date": "2024-08-04",
            "displacement": -6.92,
            "coherence": 0.943
          },
          {
            "date": "2024-08-16",
            "displacement": -7.05,
            "coherence": 0.863
          }
        ],
        "statistics": {
          "mean_displacement": -4.79,
          "std_displacement": 2.17,
          "max_displacement": -0.54,
          "min_displacement": -7.52
        }
      }
    },
    {
      "type": "Feature",
      "geometry": {
        "type": "Point",
        "coordinates": [
          126.91249,
          37.438518
        ]
      },
      "properties": {
        "point_id": "P081",
        "index": 81,
        "velocity": -0.96,
        "timeseries": [
          {
            "date": "2024-01-01",
            "displacement": -0.53,
            "coherence": 0.736
          },
          {
            "date": "2024-01-13",
            "displacement": -0.5,
            "coherence": 0.884
          },
          {
            "date": "2024-01-25",
            "displacement": -0.68,
            "coherence": 0.638
          },
          {
            "date": "2024-02-06",
            "displacement": -0.39,
            "coherence": 0.628
          },
          {
            "date": "2024-02-18",
            "displacement": -0.07,
            "coherence": 0.878
          },
          {
            "date": "2024-03-01",
            "displacement": -0.65,
            "coherence": 0.893
          },
          {
            "date": "2024-03-13",
            "displacement": -1.21,
            "coherence": 0.866
          },
          {
            "date": "2024-03-25",
            "displacement": -1.21,
            "coherence": 0.881
          },
          {
            "date": "2024-04-06",
            "displacement": -0.66,
            "coherence": 0.944
          },
          {
            "date": "2024-04-18",
            "displacement": -1.54,
            "coherence": 0.691
          },
          {
            "date": "2024-04-30",
            "displacement": -2.13,
            "coherence": 0.786
          },
          {
            "date": "2024-05-12",
            "displacement": -2.07,
            "coherence": 0.769
          },
          {
            "date": "2024-05-24",
            "displacement": -1.44,
            "coherence": 0.662
          },
          {
            "date": "2024-06-05",
            "displacement": -0.83,
            "coherence": 0.626
          },
          {
            "date": "2024-06-17",
            "displacement": -0.77,
            "coherence": 0.814
          },
          {
            "date": "2024-06-29",
            "displacement": -1.46,
            "coherence": 0.79
          },
          {
            "date": "2024-07-11",
            "displacement": -1.35,
            "coherence": 0.629
          },
          {
            "date": "2024-07-23",
            "displacement": -2.04,
            "coherence": 0.69
          },
          {
            "date": "2024-08-04",
            "displacement": -1.86,
            "coherence": 0.665
          },
          {
            "date": "2024-08-16",
            "displacement": -2.55,
            "coherence": 0.819
          }
        ],
        "statistics": {
          "mean_displacement": -1.2,
          "std_displacement": 0.67,
          "max_displacement": -0.07,
          "min_displacement": -2.55
        }
      }
    },
    {
      "type": "Feature",
      "geometry": {
        "type": "Point",
        "coordinates": [
          126.927603,
          37.433899
        ]
      },
      "properties": {
        "point_id": "P082",
        "index": 82,
        "velocity": -5.19,
        "timeseries": [
          {
            "date": "2024-01-01",
            "displacement": -0.3,
            "coherence": 0.827
          },
          {
            "date": "2024-01-13",
            "displacement": -0.26,
            "coherence": 0.935
          },
          {
            "date": "2024-01-25",
            "displacement": -0.74,
            "coherence": 0.857
          },
          {
            "date": "2024-02-06",
            "displacement": -1.51,
            "coherence": 0.949
          },
          {
            "date": "2024-02-18",
            "displacement": -1.05,
            "coherence": 0.608
          },
          {
            "date": "2024-03-01",
            "displacement": -1.32,
            "coherence": 0.83
          },
          {
            "date": "2024-03-13",
            "displacement": -1.32,
            "coherence": 0.897
          },
          {
            "date": "2024-03-25",
            "displacement": -1.71,
            "coherence": 0.739
          },
          {
            "date": "2024-04-06",
            "displacement": -2.31,
            "coherence": 0.666
          },
          {
            "date": "2024-04-18",
            "displacement": -2.98,
            "coherence": 0.921
          },
          {
            "date": "2024-04-30",
            "displacement": -3.72,
            "coherence": 0.821
          },
          {
            "date": "2024-05-12",
            "displacement": -5.01,
            "coherence": 0.92
          },
          {
            "date": "2024-05-24",
            "displacement": -4.9,
            "coherence": 0.795
          },
          {
            "date": "2024-06-05",
            "displacement": -4.6,
            "coherence": 0.731
          },
          {
            "date": "2024-06-17",
            "displacement": -4.44,
            "coherence": 0.73
          },
          {
            "date": "2024-06-29",
            "displacement": -4.86,
            "coherence": 0.79
          },
          {
            "date": "2024-07-11",
            "displacement": -3.66,
            "coherence": 0.805
          },
          {
            "date": "2024-07-23",
            "displacement": -4.15,
            "coherence": 0.72
          },
          {
            "date": "2024-08-04",
            "displacement": -5.01,
            "coherence": 0.885
          },
          {
            "date": "2024-08-16",
            "displacement": -4.97,
            "coherence": 0.831
          }
        ],
        "statistics": {
          "mean_displacement": -2.94,
          "std_displacement": 1.73,
          "max_displacement": -0.26,
          "min_displacement": -5.01
        }
      }
    },
    {
      "type": "Feature",
      "geometry": {
        "type": "Point",
        "coordinates": [
          126.977041,
          37.518648
        ]
      },
      "properties": {
        "point_id": "P083",
        "index": 83,
        "velocity": 5.11,
        "timeseries": [
          {
            "date": "2024-01-01",
            "displacement": 0.43,
            "coherence": 0.866
          },
          {
            "date": "2024-01-13",
            "displacement": -0.06,
            "coherence": 0.833
          },
          {
            "date": "2024-01-25",
            "displacement": 0.6,
            "coherence": 0.898
          },
          {
            "date": "2024-02-06",
            "displacement": 1.74,
            "coherence": 0.742
          },
          {
            "date": "2024-02-18",
            "displacement": 1.99,
            "coherence": 0.65
          },
          {
            "date": "2024-03-01",
            "displacement": 2.15,
            "coherence": 0.738
          },
          {
            "date": "2024-03-13",
            "displacement": 2.3,
            "coherence": 0.855
          },
          {
            "date": "2024-03-25",
            "displacement": 3.77,
            "coherence": 0.861
          },
          {
            "date": "2024-04-06",
            "displacement": 3.8,
            "coherence": 0.91
          },
          {
            "date": "2024-04-18",
            "displacement": 4.9,
            "coherence": 0.669
          },
          {
            "date": "2024-04-30",
            "displacement": 4.77,
            "coherence": 0.809
          },
          {
            "date": "2024-05-12",
            "displacement": 4.7,
            "coherence": 0.887
          },
          {
            "date": "2024-05-24",
            "displacement": 5.23,
            "coherence": 0.796
          },
          {
            "date": "2024-06-05",
            "displacement": 5.47,
            "coherence": 0.923
          },
          {
            "date": "2024-06-17",
            "displacement": 5.81,
            "coherence": 0.804
          },
          {
            "date": "2024-06-29",
            "displacement": 6.09,
            "coherence": 0.909
          },
          {
            "date": "2024-07-11",
            "displacement": 5.83,
            "coherence": 0.805
          },
          {
            "date": "2024-07-23",
            "displacement": 5.5,
            "coherence": 0.925
          },
          {
            "date": "2024-08-04",
            "displacement": 5.97,
            "coherence": 0.884
          },
          {
            "date": "2024-08-16",
            "displacement": 5.63,
            "coherence": 0.921
          }
        ],
        "statistics": {
          "mean_displacement": 3.83,
          "std_displacement": 2.01,
          "max_displacement": 6.09,
          "min_displacement": -0.06
        }
      }
    },
    {
      "type": "Feature",
      "geometry": {
        "type": "Point",
        "coordinates": [
          127.075609,
          37.444426
        ]
      },
      "properties": {
        "point_id": "P084",
        "index": 84,
        "velocity": -4.68,
        "timeseries": [
          {
            "date": "2024-01-01",
            "displacement": 0.41,
            "coherence": 0.635
          },
          {
            "date": "2024-01-13",
            "displacement": -0.6,
            "coherence": 0.872
          },
          {
            "date": "2024-01-25",
            "displacement": -0.85,
            "coherence": 0.913
          },
          {
            "date": "2024-02-06",
            "displacement": -0.17,
            "coherence": 0.628
          },
          {
            "date": "2024-02-18",
            "displacement": -0.73,
            "coherence": 0.606
          },
          {
            "date": "2024-03-01",
            "displacement": -0.32,
            "coherence": 0.637
          },
          {
            "date": "2024-03-13",
            "displacement": -0.45,
            "coherence": 0.603
          },
          {
            "date": "2024-03-25",
            "displacement": -0.59,
            "coherence": 0.69
          },
          {
            "date": "2024-04-06",
            "displacement": -0.42,
            "coherence": 0.85
          },
          {
            "date": "2024-04-18",
            "displacement": -0.44,
            "coherence": 0.754
          },
          {
            "date": "2024-04-30",
            "displacement": -0.44,
            "coherence": 0.934
          },
          {
            "date": "2024-05-12",
            "displacement": -0.67,
            "coherence": 0.935
          },
          {
            "date": "2024-05-24",
            "displacement": -0.36,
            "coherence": 0.826
          },
          {
            "date": "2024-06-05",
            "displacement": 0.08,
            "coherence": 0.659
          },
          {
            "date": "2024-06-17",
            "displacement": -0.25,
            "coherence": 0.741
          },
          {
            "date": "2024-06-29",
            "displacement": -0.8,
            "coherence": 0.919
          },
          {
            "date": "2024-07-11",
            "displacement": -1.4,
            "coherence": 0.939
          },
          {
            "date": "2024-07-23",
            "displacement": -1.44,
            "coherence": 0.908
          },
          {
            "date": "2024-08-04",
            "displacement": -1.04,
            "coherence": 0.914
          },
          {
            "date": "2024-08-16",
            "displacement": -1.15,
            "coherence": 0.837
          }
        ],
        "statistics": {
          "mean_displacement": -0.58,
          "std_displacement": 0.45,
          "max_displacement": 0.41,
          "min_displacement": -1.44
        }
      }
    },
    {
      "type": "Feature",
      "geometry": {
        "type": "Point",
        "coordinates": [
          126.914641,
          37.49048
        ]
      },
      "properties": {
        "point_id": "P085",
        "index": 85,
        "velocity": -0.52,
        "timeseries": [
          {
            "date": "2024-01-01",
            "displacement": -0.88,
            "coherence": 0.918
          },
          {
            "date": "2024-01-13",
            "displacement": -0.38,
            "coherence": 0.829
          },
          {
            "date": "2024-01-25",
            "displacement": -0.31,
            "coherence": 0.896
          },
          {
            "date": "2024-02-06",
            "displacement": -0.44,
            "coherence": 0.639
          },
          {
            "date": "2024-02-18",
            "displacement": -0.09,
            "coherence": 0.619
          },
          {
            "date": "2024-03-01",
            "displacement": 0.2,
            "coherence": 0.809
          },
          {
            "date": "2024-03-13",
            "displacement": 0.11,
            "coherence": 0.684
          },
          {
            "date": "2024-03-25",
            "displacement": 0.43,
            "coherence": 0.671
          },
          {
            "date": "2024-04-06",
            "displacement": 0.0,
            "coherence": 0.89
          },
          {
            "date": "2024-04-18",
            "displacement": 0.46,
            "coherence": 0.916
          },
          {
            "date": "2024-04-30",
            "displacement": -0.06,
            "coherence": 0.817
          },
          {
            "date": "2024-05-12",
            "displacement": 0.67,
            "coherence": 0.846
          },
          {
            "date": "2024-05-24",
            "displacement": 0.46,
            "coherence": 0.778
          },
          {
            "date": "2024-06-05",
            "displacement": 0.76,
            "coherence": 0.881
          },
          {
            "date": "2024-06-17",
            "displacement": 0.35,
            "coherence": 0.706
          },
          {
            "date": "2024-06-29",
            "displacement": 0.42,
            "coherence": 0.64
          },
          {
            "date": "2024-07-11",
            "displacement": 0.46,
            "coherence": 0.636
          },
          {
            "date": "2024-07-23",
            "displacement": 1.02,
            "coherence": 0.721
          },
          {
            "date": "2024-08-04",
            "displacement": 1.36,
            "coherence": 0.762
          },
          {
            "date": "2024-08-16",
            "displacement": 0.51,
            "coherence": 0.66
          }
        ],
        "statistics": {
          "mean_displacement": 0.25,
          "std_displacement": 0.51,
          "max_displacement": 1.36,
          "min_displacement": -0.88
        }
      }
    },
    {
      "type": "Feature",
      "geometry": {
        "type": "Point",
        "coordinates": [
          126.907198,
          37.567442
        ]
      },
      "properties": {
        "point_id": "P086",
        "index": 86,
        "velocity": -7.18,
        "timeseries": [
          {
            "date": "2024-01-01",
            "displacement": -0.92,
            "coherence": 0.698
          },
          {
            "date": "2024-01-13",
            "displacement": -1.57,
            "coherence": 0.66
          },
          {
            "date": "2024-01-25",
            "displacement": -1.92,
            "coherence": 0.932
          },
          {
            "date": "2024-02-06",
            "displacement": -1.63,
            "coherence": 0.679
          },
          {
            "date": "2024-02-18",
            "displacement": -1.19,
            "coherence": 0.894
          },
          {
            "date": "2024-03-01",
            "displacement": -1.21,
            "coherence": 0.846
          },
          {
            "date": "2024-03-13",
            "displacement": -0.55,
            "coherence": 0.899
          },
          {
            "date": "2024-03-25",
            "displacement": -1.49,
            "coherence": 0.914
          },
          {
            "date": "2024-04-06",
            "displacement": -1.59,
            "coherence": 0.884
          },
          {
            "date": "2024-04-18",
            "displacement": -2.0,
            "coherence": 0.921
          },
          {
            "date": "2024-04-30",
            "displacement": -1.87,
            "coherence": 0.885
          },
          {
            "date": "2024-05-12",
            "displacement": -1.74,
            "coherence": 0.924
          },
          {
            "date": "2024-05-24",
            "displacement": -1.34,
            "coherence": 0.782
          },
          {
            "date": "2024-06-05",
            "displacement": -1.9,
            "coherence": 0.701
          },
          {
            "date": "2024-06-17",
            "displacement": -2.15,
            "coherence": 0.916
          },
          {
            "date": "2024-06-29",
            "displacement": -2.98,
            "coherence": 0.719
          },
          {
            "date": "2024-07-11",
            "displacement": -3.86,
            "coherence": 0.808
          },
          {
            "date": "2024-07-23",
            "displacement": -4.15,
            "coherence": 0.652
          },
          {
            "date": "2024-08-04",
            "displacement": -4.4,
            "coherence": 0.794
          },
          {
            "date": "2024-08-16",
            "displacement": -4.65,
            "coherence": 0.606
          }
        ],
        "statistics": {
          "mean_displacement": -2.16,
          "std_displacement": 1.17,
          "max_displacement": -0.55,
          "min_displacement": -4.65
        }
      }
    },
    {
      "type": "Feature",
      "geometry": {
        "type": "Point",
        "coordinates": [
          127.02731,
          37.489355
        ]
      },
      "properties": {
        "point_id": "P087",
        "index": 87,
        "velocity": -10.16,
        "timeseries": [
          {
            "date": "2024-01-01",
            "displacement": 0.23,
            "coherence": 0.731
          },
          {
            "date": "2024-01-13",
            "displacement": -0.28,
            "coherence": 0.748
          },
          {
            "date": "2024-01-25",
            "displacement": 0.34,
            "coherence": 0.655
          },
          {
            "date": "2024-02-06",
            "displacement": 0.89,
            "coherence": 0.921
          },
          {
            "date": "2024-02-18",
            "displacement": 1.49,
            "coherence": 0.947
          },
          {
            "date": "2024-03-01",
            "displacement": 1.44,
            "coherence": 0.729
          },
          {
            "date": "2024-03-13",
            "displacement": 0.62,
            "coherence": 0.941
          },
          {
            "date": "2024-03-25",
            "displacement": 0.08,
            "coherence": 0.851
          },
          {
            "date": "2024-04-06",
            "displacement": 0.03,
            "coherence": 0.646
          },
          {
            "date": "2024-04-18",
            "displacement": -0.28,
            "coherence": 0.919
          },
          {
            "date": "2024-04-30",
            "displacement": -0.6,
            "coherence": 0.868
          },
          {
            "date": "2024-05-12",
            "displacement": -1.64,
            "coherence": 0.696
          },
          {
            "date": "2024-05-24",
            "displacement": -1.85,
            "coherence": 0.668
          },
          {
            "date": "2024-06-05",
            "displacement": -2.74,
            "coherence": 0.784
          },
          {
            "date": "2024-06-17",
            "displacement": -4.42,
            "coherence": 0.812
          },
          {
            "date": "2024-06-29",
            "displacement": -5.05,
            "coherence": 0.735
          },
          {
            "date": "2024-07-11",
            "displacement": -5.45,
            "coherence": 0.855
          },
          {
            "date": "2024-07-23",
            "displacement": -6.17,
            "coherence": 0.882
          },
          {
            "date": "2024-08-04",
            "displacement": -6.42,
            "coherence": 0.687
          },
          {
            "date": "2024-08-16",
            "displacement": -7.21,
            "coherence": 0.617
          }
        ],
        "statistics": {
          "mean_displacement": -1.85,
          "std_displacement": 2.81,
          "max_displacement": 1.49,
          "min_displacement": -7.21
        }
      }
    },
    {
      "type": "Feature",
      "geometry": {
        "type": "Point",
        "coordinates": [
          127.053463,
          37.587556
        ]
      },
      "properties": {
        "point_id": "P088",
        "index": 88,
        "velocity": -0.67,
        "timeseries": [
          {
            "date": "2024-01-01",
            "displacement": 0.32,
            "coherence": 0.67
          },
          {
            "date": "2024-01-13",
            "displacement": 0.34,
            "coherence": 0.907
          },
          {
            "date": "2024-01-25",
            "displacement": 0.78,
            "coherence": 0.753
          },
          {
            "date": "2024-02-06",
            "displacement": 0.18,
            "coherence": 0.718
          },
          {
            "date": "2024-02-18",
            "displacement": -0.41,
            "coherence": 0.943
          },
          {
            "date": "2024-03-01",
            "displacement": -0.18,
            "coherence": 0.906
          },
          {
            "date": "2024-03-13",
            "displacement": 0.02,
            "coherence": 0.678
          },
          {
            "date": "2024-03-25",
            "displacement": -0.39,
            "coherence": 0.81
          },
          {
            "date": "2024-04-06",
            "displacement": -0.77,
            "coherence": 0.742
          },
          {
            "date": "2024-04-18",
            "displacement": -0.95,
            "coherence": 0.604
          },
          {
            "date": "2024-04-30",
            "displacement": -0.5,
            "coherence": 0.617
          },
          {
            "date": "2024-05-12",
            "displacement": -0.56,
            "coherence": 0.641
          },
          {
            "date": "2024-05-24",
            "displacement": -0.77,
            "coherence": 0.755
          },
          {
            "date": "2024-06-05",
            "displacement": -1.22,
            "coherence": 0.942
          },
          {
            "date": "2024-06-17",
            "displacement": -1.73,
            "coherence": 0.646
          },
          {
            "date": "2024-06-29",
            "displacement": -1.16,
            "coherence": 0.9
          },
          {
            "date": "2024-07-11",
            "displacement": -1.87,
            "coherence": 0.615
          },
          {
            "date": "2024-07-23",
            "displacement": -1.93,
            "coherence": 0.744
          },
          {
            "date": "2024-08-04",
            "displacement": -1.68,
            "coherence": 0.804
          },
          {
            "date": "2024-08-16",
            "displacement": -1.66,
            "coherence": 0.622
          }
        ],
        "statistics": {
          "mean_displacement": -0.71,
          "std_displacement": 0.79,
          "max_displacement": 0.78,
          "min_displacement": -1.93
        }
      }
    },
    {
      "type": "Feature",
      "geometry": {
        "type": "Point",
        "coordinates": [
          127.059467,
          37.531617
        ]
      },
      "properties": {
        "point_id": "P089",
        "index": 89,
        "velocity": 4.09,
        "timeseries": [
          {
            "date": "2024-01-01",
            "displacement": 1.08,
            "coherence": 0.817
          },
          {
            "date": "2024-01-13",
            "displacement": 0.37,
            "coherence": 0.643
          },
          {
            "date": "2024-01-25",
            "displacement": -0.28,
            "coherence": 0.852
          },
          {
            "date": "2024-02-06",
            "displacement": 0.27,
            "coherence": 0.873
          },
          {
            "date": "2024-02-18",
            "displacement": 0.02,
            "coherence": 0.696
          },
          {
            "date": "2024-03-01",
            "displacement": 0.59,
            "coherence": 0.908
          },
          {
            "date": "2024-03-13",
            "displacement": 0.55,
            "coherence": 0.887
          },
          {
            "date": "2024-03-25",
            "displacement": 0.81,
            "coherence": 0.673
          },
          {
            "date": "2024-04-06",
            "displacement": 1.15,
            "coherence": 0.712
          },
          {
            "date": "2024-04-18",
            "displacement": 1.82,
            "coherence": 0.661
          },
          {
            "date": "2024-04-30",
            "displacement": 2.41,
            "coherence": 0.66
          },
          {
            "date": "2024-05-12",
            "displacement": 2.93,
            "coherence": 0.772
          },
          {
            "date": "2024-05-24",
            "displacement": 2.68,
            "coherence": 0.864
          },
          {
            "date": "2024-06-05",
            "displacement": 3.69,
            "coherence": 0.919
          },
          {
            "date": "2024-06-17",
            "displacement": 3.73,
            "coherence": 0.911
          },
          {
            "date": "2024-06-29",
            "displacement": 4.39,
            "coherence": 0.836
          },
          {
            "date": "2024-07-11",
            "displacement": 5.2,
            "coherence": 0.631
          },
          {
            "date": "2024-07-23",
            "displacement": 6.06,
            "coherence": 0.651
          },
          {
            "date": "2024-08-04",
            "displacement": 5.23,
            "coherence": 0.855
          },
          {
            "date": "2024-08-16",
            "displacement": 5.84,
            "coherence": 0.669
          }
        ],
        "statistics": {
          "mean_displacement": 2.43,
          "std_displacement": 2.04,
          "max_displacement": 6.06,
          "min_displacement": -0.28
        }
      }
    },
    {
      "type": "Feature",
      "geometry": {
        "type": "Point",
        "coordinates": [
          126.944597,
          37.479186
        ]
      },
      "properties": {
        "point_id": "P090",
        "index": 90,
        "velocity": -11.08,
        "timeseries": [
          {
            "date": "2024-01-01",
            "displacement": -0.39,
            "coherence": 0.83
          },
          {
            "date": "2024-01-13",
            "displacement": -0.76,
            "coherence": 0.921
          },
          {
            "date": "2024-01-25",
            "displacement": -2.14,
            "coherence": 0.734
          },
          {
            "date": "2024-02-06",
            "displacement": -2.03,
            "coherence": 0.929
          },
          {
            "date": "2024-02-18",
            "displacement": -2.48,
            "coherence": 0.707
          },
          {
            "date": "2024-03-01",
            "displacement": -3.2,
            "coherence": 0.797
          },
          {
            "date": "2024-03-13",
            "displacement": -3.43,
            "coherence": 0.888
          },
          {
            "date": "2024-03-25",
            "displacement": -3.4,
            "coherence": 0.656
          },
          {
            "date": "2024-04-06",
            "displacement": -3.09,
            "coherence": 0.93
          },
          {
            "date": "2024-04-18",
            "displacement": -2.95,
            "coherence": 0.683
          },
          {
            "date": "2024-04-30",
            "displacement": -3.57,
            "coherence": 0.898
          },
          {
            "date": "2024-05-12",
            "displacement": -4.18,
            "coherence": 0.888
          },
          {
            "date": "2024-05-24",
            "displacement": -4.47,
            "coherence": 0.901
          },
          {
            "date": "2024-06-05",
            "displacement": -4.13,
            "coherence": 0.775
          },
          {
            "date": "2024-06-17",
            "displacement": -4.57,
            "coherence": 0.86
          },
          {
            "date": "2024-06-29",
            "displacement": -5.46,
            "coherence": 0.63
          },
          {
            "date": "2024-07-11",
            "displacement": -5.52,
            "coherence": 0.72
          },
          {
            "date": "2024-07-23",
            "displacement": -5.88,
            "coherence": 0.857
          },
          {
            "date": "2024-08-04",
            "displacement": -6.31,
            "coherence": 0.838
          },
          {
            "date": "2024-08-16",
            "displacement": -6.79,
            "coherence": 0.759
          }
        ],
        "statistics": {
          "mean_displacement": -3.74,
          "std_displacement": 1.69,
          "max_displacement": -0.39,
          "min_displacement": -6.79
        }
      }
    },
    {
      "type": "Feature",
      "geometry": {
        "type": "Point",
        "coordinates": [
          126.914072,
          37.421866
        ]
      },
      "properties": {
        "point_id": "P091",
        "index": 91,
        "velocity": -9.59,
        "timeseries": [
          {
            "date": "2024-01-01",
            "displacement": -0.76,
            "coherence": 0.639
          },
          {
            "date": "2024-01-13",
            "displacement": 0.1,
            "coherence": 0.867
          },
          {
            "date": "2024-01-25",
            "displacement": -0.37,
            "coherence": 0.818
          },
          {
            "date": "2024-02-06",
            "displacement": 0.01,
            "coherence": 0.802
          },
          {
            "date": "2024-02-18",
            "displacement": 0.23,
            "coherence": 0.864
          },
          {
            "date": "2024-03-01",
            "displacement": -0.04,
            "coherence": 0.655
          },
          {
            "date": "2024-03-13",
            "displacement": -0.44,
            "coherence": 0.815
          },
          {
            "date": "2024-03-25",
            "displacement": -0.55,
            "coherence": 0.655
          },
          {
            "date": "2024-04-06",
            "displacement": 0.31,
            "coherence": 0.617
          },
          {
            "date": "2024-04-18",
            "displacement": 0.27,
            "coherence": 0.941
          },
          {
            "date": "2024-04-30",
            "displacement": -0.05,
            "coherence": 0.7
          },
          {
            "date": "2024-05-12",
            "displacement": 0.02,
            "coherence": 0.728
          },
          {
            "date": "2024-05-24",
            "displacement": -0.63,
            "coherence": 0.873
          },
          {
            "date": "2024-06-05",
            "displacement": -1.62,
            "coherence": 0.878
          },
          {
            "date": "2024-06-17",
            "displacement": -1.83,
            "coherence": 0.774
          },
          {
            "date": "2024-06-29",
            "displacement": -2.41,
            "coherence": 0.711
          },
          {
            "date": "2024-07-11",
            "displacement": -2.41,
            "coherence": 0.808
          },
          {
            "date": "2024-07-23",
            "displacement": -2.29,
            "coherence": 0.615
          },
          {
            "date": "2024-08-04",
            "displacement": -2.09,
            "coherence": 0.621
          },
          {
            "date": "2024-08-16",
            "displacement": -1.4,
            "coherence": 0.775
          }
        ],
        "statistics": {
          "mean_displacement": -0.8,
          "std_displacement": 0.96,
          "max_displacement": 0.31,
          "min_displacement": -2.41
        }
      }
    },
    {
      "type": "Feature",
      "geometry": {
        "type": "Point",
        "coordinates": [
          126.956528,
          37.446115
        ]
      },
      "properties": {
        "point_id": "P092",
        "index": 92,
        "velocity": -3.56,
        "timeseries": [
          {
            "date": "2024-01-01",
            "displacement": -0.92,
            "coherence": 0.758
          },
          {
            "date": "2024-01-13",
            "displacement": -0.46,
            "coherence": 0.815
          },
          {
            "date": "2024-01-25",
            "displacement": -0.2,
            "coherence": 0.864
          },
          {
            "date": "2024-02-06",
            "displacement": 0.0,
            "coherence": 0.778
          },
          {
            "date": "2024-02-18",
            "displacement": 0.28,
            "coherence": 0.797
          },
          {
            "date": "2024-03-01",
            "displacement": 0.51,
            "coherence": 0.692
          },
          {
            "date": "2024-03-13",
            "displacement": 0.31,
            "coherence": 0.802
          },
          {
            "date": "2024-03-25",
            "displacement": 0.24,
            "coherence": 0.901
          },
          {
            "date": "2024-04-06",
            "displacement": 0.42,
            "coherence": 0.753
          },
          {
            "date": "2024-04-18",
            "displacement": -0.04,
            "coherence": 0.926
          },
          {
            "date": "2024-04-30",
            "displacement": -0.4,
            "coherence": 0.722
          },
          {
            "date": "2024-05-12",
            "displacement": -1.39,
            "coherence": 0.926
          },
          {
            "date": "2024-05-24",
            "displacement": -0.73,
            "coherence": 0.766
          },
          {
            "date": "2024-06-05",
            "displacement": -0.94,
            "coherence": 0.916
          },
          {
            "date": "2024-06-17",
            "displacement": -1.21,
            "coherence": 0.703
          },
          {
            "date": "2024-06-29",
            "displacement": -0.71,
            "coherence": 0.654
          },
          {
            "date": "2024-07-11",
            "displacement": -0.61,
            "coherence": 0.75
          },
          {
            "date": "2024-07-23",
            "displacement": -0.31,
            "coherence": 0.906
          },
          {
            "date": "2024-08-04",
            "displacement": -1.42,
            "coherence": 0.723
          },
          {
            "date": "2024-08-16",
            "displacement": -2.42,
            "coherence": 0.628
          }
        ],
        "statistics": {
          "mean_displacement": -0.5,
          "std_displacement": 0.73,
          "max_displacement": 0.51,
          "min_displacement": -2.42
        }
      }
    },
    {
      "type": "Feature",
      "geometry": {
        "type": "Point",
        "coordinates": [
          127.090093,
          37.534343
        ]
      },
      "properties": {
        "point_id": "P093",
        "index": 93,
        "velocity": -1.71,
        "timeseries": [
          {
            "date": "2024-01-01",
            "displacement": -0.08,
            "coherence": 0.674
          },
          {
            "date": "2024-01-13",
            "displacement": -0.18,
            "coherence": 0.798
          },
          {
            "date": "2024-01-25",
            "displacement": 0.84,
            "coherence": 0.771
          },
          {
            "date": "2024-02-06",
            "displacement": 1.13,
            "coherence": 0.687
          },
          {
            "date": "2024-02-18",
            "displacement": 0.76,
            "coherence": 0.92
          },
          {
            "date": "2024-03-01",
            "displacement": 0.46,
            "coherence": 0.777
          },
          {
            "date": "2024-03-13",
            "displacement": 1.24,
            "coherence": 0.903
          },
          {
            "date": "2024-03-25",
            "displacement": 1.79,
            "coherence": 0.887
          },
          {
            "date": "2024-04-06",
            "displacement": 1.73,
            "coherence": 0.752
          },
          {
            "date": "2024-04-18",
            "displacement": 1.72,
            "coherence": 0.871
          },
          {
            "date": "2024-04-30",
            "displacement": 2.36,
            "coherence": 0.883
          },
          {
            "date": "2024-05-12",
            "displacement": 2.35,
            "coherence": 0.922
          },
          {
            "date": "2024-05-24",
            "displacement": 2.53,
            "coherence": 0.684
          },
          {
            "date": "2024-06-05",
            "displacement": 2.83,
            "coherence": 0.876
          },
          {
            "date": "2024-06-17",
            "displacement": 2.64,
            "coherence": 0.818
          },
          {
            "date": "2024-06-29",
            "displacement": 1.97,
            "coherence": 0.646
          },
          {
            "date": "2024-07-11",
            "displacement": 1.49,
            "coherence": 0.871
          },
          {
            "date": "2024-07-23",
            "displacement": 1.04,
            "coherence": 0.911
          },
          {
            "date": "2024-08-04",
            "displacement": 1.08,
            "coherence": 0.878
          },
          {
            "date": "2024-08-16",
            "displacement": 0.95,
            "coherence": 0.898
          }
        ],
        "statistics": {
          "mean_displacement": 1.43,
          "std_displacement": 0.84,
          "max_displacement": 2.83,
          "min_displacement": -0.18
        }
      }
    },
    {
      "type": "Feature",
      "geometry": {
        "type": "Point",
        "coordinates": [
          127.096306,
          37.582971
        ]
      },
      "properties": {
        "point_id": "P094",
        "index": 94,
        "velocity": -2.63,
        "timeseries": [
          {
            "date": "2024-01-01",
            "displacement": -0.43,
            "coherence": 0.813
          },
          {
            "date": "2024-01-13",
            "displacement": 0.73,
            "coherence": 0.905
          },
          {
            "date": "2024-01-25",
            "displacement": 0.9,
            "coherence": 0.858
          },
          {
            "date": "2024-02-06",
            "displacement": 0.25,
            "coherence": 0.944
          },
          {
            "date": "2024-02-18",
            "displacement": -0.11,
            "coherence": 0.781
          },
          {
            "date": "2024-03-01",
            "displacement": -0.11,
            "coherence": 0.884
          },
          {
            "date": "2024-03-13",
            "displacement": -0.1,
            "coherence": 0.904
          },
          {
            "date": "2024-03-25",
            "displacement": -0.17,
            "coherence": 0.762
          },
          {
            "date": "2024-04-06",
            "displacement": -0.02,
            "coherence": 0.838
          },
          {
            "date": "2024-04-18",
            "displacement": 0.37,
            "coherence": 0.632
          },
          {
            "date": "2024-04-30",
            "displacement": 0.53,
            "coherence": 0.925
          },
          {
            "date": "2024-05-12",
            "displacement": -0.58,
            "coherence": 0.755
          },
          {
            "date": "2024-05-24",
            "displacement": -0.24,
            "coherence": 0.634
          },
          {
            "date": "2024-06-05",
            "displacement": -0.22,
            "coherence": 0.827
          },
          {
            "date": "2024-06-17",
            "displacement": -0.55,
            "coherence": 0.943
          },
          {
            "date": "2024-06-29",
            "displacement": -0.52,
            "coherence": 0.747
          },
          {
            "date": "2024-07-11",
            "displacement": 0.08,
            "coherence": 0.896
          },
          {
            "date": "2024-07-23",
            "displacement": 0.24,
            "coherence": 0.605
          },
          {
            "date": "2024-08-04",
            "displacement": 0.67,
            "coherence": 0.688
          },
          {
            "date": "2024-08-16",
            "displacement": 1.49,
            "coherence": 0.666
          }
        ],
        "statistics": {
          "mean_displacement": 0.11,
          "std_displacement": 0.53,
          "max_displacement": 1.49,
          "min_displacement": -0.58
        }
      }
    },
    {
      "type": "Feature",
      "geometry": {
        "type": "Point",
        "coordinates": [
          126.905701,
          37.404672
        ]
      },
      "properties": {
        "point_id": "P095",
        "index": 95,
        "velocity": 2.12,
        "timeseries": [
          {
            "date": "2024-01-01",
            "displacement": 0.38,
            "coherence": 0.817
          },
          {
            "date": "2024-01-13",
            "displacement": 0.14,
            "coherence": 0.741
          },
          {
            "date": "2024-01-25",
            "displacement": 0.38,
            "coherence": 0.864
          },
          {
            "date": "2024-02-06",
            "displacement": 0.81,
            "coherence": 0.877
          },
          {
            "date": "2024-02-18",
            "displacement": 0.36,
            "coherence": 0.646
          },
          {
            "date": "2024-03-01",
            "displacement": 1.28,
            "coherence": 0.666
          },
          {
            "date": "2024-03-13",
            "displacement": 0.92,
            "coherence": 0.933
          },
          {
            "date": "2024-03-25",
            "displacement": 1.36,
            "coherence": 0.91
          },
          {
            "date": "2024-04-06",
            "displacement": 1.72,
            "coherence": 0.94
          },
          {
            "date": "2024-04-18",
            "displacement": 2.08,
            "coherence": 0.86
          },
          {
            "date": "2024-04-30",
            "displacement": 1.88,
            "coherence": 0.821
          },
          {
            "date": "2024-05-12",
            "displacement": 2.01,
            "coherence": 0.761
          },
          {
            "date": "2024-05-24",
            "displacement": 1.58,
            "coherence": 0.742
          },
          {
            "date": "2024-06-05",
            "displacement": 1.05,
            "coherence": 0.617
          },
          {
            "date": "2024-06-17",
            "displacement": 1.81,
            "coherence": 0.625
          },
          {
            "date": "2024-06-29",
            "displacement": 1.74,
            "coherence": 0.636
          },
          {
            "date": "2024-07-11",
            "displacement": 2.19,
            "coherence": 0.825
          },
          {
            "date": "2024-07-23",
            "displacement": 2.55,
            "coherence": 0.81
          },
          {
            "date": "2024-08-04",
            "displacement": 2.96,
            "coherence": 0.735
          },
          {
            "date": "2024-08-16",
            "displacement": 3.07,
            "coherence": 0.872
          }
        ],
        "statistics": {
          "mean_displacement": 1.51,
          "std_displacement": 0.83,
          "max_displacement": 3.07,
          "min_displacement": 0.14
        }
      }
    },
    {
      "type": "Feature",
      "geometry": {
        "type": "Point",
        "coordinates": [
          127.09385,
          37.574589
        ]
      },
      "properties": {
        "point_id": "P096",
        "index": 96,
        "velocity": -3.26,
        "timeseries": [
          {
            "date": "2024-01-01",
            "displacement": -0.5,
            "coherence": 0.61
          },
          {
            "date": "2024-01-13",
            "displacement": -0.07,
            "coherence": 0.87
          },
          {
            "date": "2024-01-25",
            "displacement": -0.33,
            "coherence": 0.88
          },
          {
            "date": "2024-02-06",
            "displacement": -0.57,
            "coherence": 0.909
          },
          {
            "date": "2024-02-18",
            "displacement": -0.96,
            "coherence": 0.841
          },
          {
            "date": "2024-03-01",
            "displacement": -1.72,
            "coherence": 0.85
          },
          {
            "date": "2024-03-13",
            "displacement": -1.3,
            "coherence": 0.911
          },
          {
            "date": "2024-03-25",
            "displacement": -1.71,
            "coherence": 0.681
          },
          {
            "date": "2024-04-06",
            "displacement": -1.31,
            "coherence": 0.685
          },
          {
            "date": "2024-04-18",
            "displacement": -1.47,
            "coherence": 0.801
          },
          {
            "date": "2024-04-30",
            "displacement": -1.71,
            "coherence": 0.608
          },
          {
            "date": "2024-05-12",
            "displacement": -2.43,
            "coherence": 0.892
          },
          {
            "date": "2024-05-24",
            "displacement": -2.5,
            "coherence": 0.754
          },
          {
            "date": "2024-06-05",
            "displacement": -3.26,
            "coherence": 0.773
          },
          {
            "date": "2024-06-17",
            "displacement": -2.91,
            "coherence": 0.796
          },
          {
            "date": "2024-06-29",
            "displacement": -2.84,
            "coherence": 0.894
          },
          {
            "date": "2024-07-11",
            "displacement": -2.39,
            "coherence": 0.689
          },
          {
            "date": "2024-07-23",
            "displacement": -2.09,
            "coherence": 0.784
          },
          {
            "date": "2024-08-04",
            "displacement": -2.41,
            "coherence": 0.788
          },
          {
            "date": "2024-08-16",
            "displacement": -2.57,
            "coherence": 0.856
          }
        ],
        "statistics": {
          "mean_displacement": -1.75,
          "std_displacement": 0.9,
          "max_displacement": -0.07,
          "min_displacement": -3.26
        }
      }
    },
    {
      "type": "Feature",
      "geometry": {
        "type": "Point",
        "coordinates": [
          127.043986,
          37.479866
        ]
      },
      "properties": {
        "point_id": "P097",
        "index": 97,
        "velocity": -4.13,
        "timeseries": [
          {
            "date": "2024-01-01",
            "displacement": 0.3,
            "coherence": 0.611
          },
          {
            "date": "2024-01-13",
            "displacement": -0.31,
            "coherence": 0.65
          },
          {
            "date": "2024-01-25",
            "displacement": -0.1,
            "coherence": 0.711
          },
          {
            "date": "2024-02-06",
            "displacement": -0.24,
            "coherence": 0.786
          },
          {
            "date": "2024-02-18",
            "displacement": -0.33,
            "coherence": 0.831
          },
          {
            "date": "2024-03-01",
            "displacement": -0.09,
            "coherence": 0.73
          },
          {
            "date": "2024-03-13",
            "displacement": -0.2,
            "coherence": 0.685
          },
          {
            "date": "2024-03-25",
            "displacement": 0.1,
            "coherence": 0.804
          },
          {
            "date": "2024-04-06",
            "displacement": -0.35,
            "coherence": 0.635
          },
          {
            "date": "2024-04-18",
            "displacement": -0.46,
            "coherence": 0.656
          },
          {
            "date": "2024-04-30",
            "displacement": -0.48,
            "coherence": 0.629
          },
          {
            "date": "2024-05-12",
            "displacement": -0.44,
            "coherence": 0.808
          },
          {
            "date": "2024-05-24",
            "displacement": -1.12,
            "coherence": 0.675
          },
          {
            "date": "2024-06-05",
            "displacement": -1.25,
            "coherence": 0.66
          },
          {
            "date": "2024-06-17",
            "displacement": -0.92,
            "coherence": 0.866
          },
          {
            "date": "2024-06-29",
            "displacement": -1.57,
            "coherence": 0.879
          },
          {
            "date": "2024-07-11",
            "displacement": -2.14,
            "coherence": 0.735
          },
          {
            "date": "2024-07-23",
            "displacement": -2.89,
            "coherence": 0.919
          },
          {
            "date": "2024-08-04",
            "displacement": -1.9,
            "coherence": 0.813
          },
          {
            "date": "2024-08-16",
            "displacement": -1.37,
            "coherence": 0.676
          }
        ],
        "statistics": {
          "mean_displacement": -0.79,
          "std_displacement": 0.82,
          "max_displacement": 0.3,
          "min_displacement": -2.89
        }
      }
    },
    {
      "type": "Feature",
      "geometry": {
        "type": "Point",
        "coordinates": [
          127.044409,
          37.460098
        ]
      },
      "properties": {
        "point_id": "P098",
        "index": 98,
        "velocity": 3.66,
        "timeseries": [
          {
            "date": "2024-01-01",
            "displacement": 0.46,
            "coherence": 0.737
          },
          {
            "date": "2024-01-13",
            "displacement": 0.54,
            "coherence": 0.776
          },
          {
            "date": "2024-01-25",
            "displacement": 0.6,
            "coherence": 0.679
          },
          {
            "date": "2024-02-06",
            "displacement": 0.99,
            "coherence": 0.865
          },
          {
            "date": "2024-02-18",
            "displacement": 0.41,
            "coherence": 0.78
          },
          {
            "date": "2024-03-01",
            "displacement": 0.11,
            "coherence": 0.614
          },
          {
            "date": "2024-03-13",
            "displacement": 0.96,
            "coherence": 0.647
          },
          {
            "date": "2024-03-25",
            "displacement": 1.6,
            "coherence": 0.705
          },
          {
            "date": "2024-04-06",
            "displacement": 2.1,
            "coherence": 0.759
          },
          {
            "date": "2024-04-18",
            "displacement": 2.43,
            "coherence": 0.69
          },
          {
            "date": "2024-04-30",
            "displacement": 3.37,
            "coherence": 0.907
          },
          {
            "date": "2024-05-12",
            "displacement": 4.08,
            "coherence": 0.805
          },
          {
            "date": "2024-05-24",
            "displacement": 3.81,
            "coherence": 0.892
          },
          {
            "date": "2024-06-05",
            "displacement": 3.78,
            "coherence": 0.661
          },
          {
            "date": "2024-06-17",
            "displacement": 4.41,
            "coherence": 0.942
          },
          {
            "date": "2024-06-29",
            "displacement": 4.98,
            "coherence": 0.877
          },
          {
            "date": "2024-07-11",
            "displacement": 4.89,
            "coherence": 0.77
          },
          {
            "date": "2024-07-23",
            "displacement": 4.84,
            "coherence": 0.766
          },
          {
            "date": "2024-08-04",
            "displacement": 4.19,
            "coherence": 0.798
          },
          {
            "date": "2024-08-16",
            "displacement": 4.94,
            "coherence": 0.676
          }
        ],
        "statistics": {
          "mean_displacement": 2.67,
          "std_displacement": 1.78,
          "max_displacement": 4.98,
          "min_displacement": 0.11
        }
      }
    },
    {
      "type": "Feature",
      "geometry": {
        "type": "Point",
        "coordinates": [
          127.042127,
          37.52774
        ]
      },
      "properties": {
        "point_id": "P099",
        "index": 99,
        "velocity": -7.63,
        "timeseries": [
          {
            "date": "2024-01-01",
            "displacement": -1.43,
            "coherence": 0.804
          },
          {
            "date": "2024-01-13",
            "displacement": -1.88,
            "coherence": 0.907
          },
          {
            "date": "2024-01-25",
            "displacement": -2.82,
            "coherence": 0.614
          },
          {
            "date": "2024-02-06",
            "displacement": -3.3,
            "coherence": 0.84
          },
          {
            "date": "2024-02-18",
            "displacement": -2.75,
            "coherence": 0.619
          },
          {
            "date": "2024-03-01",
            "displacement": -2.97,
            "coherence": 0.947
          },
          {
            "date": "2024-03-13",
            "displacement": -3.84,
            "coherence": 0.628
          },
          {
            "date": "2024-03-25",
            "displacement": -4.97,
            "coherence": 0.714
          },
          {
            "date": "2024-04-06",
            "displacement": -5.79,
            "coherence": 0.919
          },
          {
            "date": "2024-04-18",
            "displacement": -6.11,
            "coherence": 0.697
          },
          {
            "date": "2024-04-30",
            "displacement": -6.94,
            "coherence": 0.866
          },
          {
            "date": "2024-05-12",
            "displacement": -6.24,
            "coherence": 0.604
          },
          {
            "date": "2024-05-24",
            "displacement": -7.07,
            "coherence": 0.652
          },
          {
            "date": "2024-06-05",
            "displacement": -6.79,
            "coherence": 0.9
          },
          {
            "date": "2024-06-17",
            "displacement": -7.18,
            "coherence": 0.917
          },
          {
            "date": "2024-06-29",
            "displacement": -7.09,
            "coherence": 0.764
          },
          {
            "date": "2024-07-11",
            "displacement": -7.03,
            "coherence": 0.794
          },
          {
            "date": "2024-07-23",
            "displacement": -7.38,
            "coherence": 0.632
          },
          {
            "date": "2024-08-04",
            "displacement": -7.35,
            "coherence": 0.804
          },
          {
            "date": "2024-08-16",
            "displacement": -6.94,
            "coherence": 0.739
          }
        ],
        "statistics": {
          "mean_displacement": -5.29,
          "std_displacement": 2.02,
          "max_displacement": -1.43,
          "min_displacement": -7.38
        }
      }
    },
    {
      "type": "Feature",
      "geometry": {
        "type": "Point",
        "coordinates": [
          126.913018,
          37.540558
        ]
      },
      "properties": {
        "point_id": "P100",
        "index": 100,
        "velocity": -9.27,
        "timeseries": [
          {
            "date": "2024-01-01",
            "displacement": -0.04,
            "coherence": 0.866
          },
          {
            "date": "2024-01-13",
            "displacement": 0.03,
            "coherence": 0.862
          },
          {
            "date": "2024-01-25",
            "displacement": -0.37,
            "coherence": 0.625
          },
          {
            "date": "2024-02-06",
            "displacement": -0.45,
            "coherence": 0.883
          },
          {
            "date": "2024-02-18",
            "displacement": -0.88,
            "coherence": 0.794
          },
          {
            "date": "2024-03-01",
            "displacement": -1.14,
            "coherence": 0.766
          },
          {
            "date": "2024-03-13",
            "displacement": -0.98,
            "coherence": 0.875
          },
          {
            "date": "2024-03-25",
            "displacement": -1.39,
            "coherence": 0.816
          },
          {
            "date": "2024-04-06",
            "displacement": -1.04,
            "coherence": 0.78
          },
          {
            "date": "2024-04-18",
            "displacement": -2.01,
            "coherence": 0.836
          },
          {
            "date": "2024-04-30",
            "displacement": -2.52,
            "coherence": 0.924
          },
          {
            "date": "2024-05-12",
            "displacement": -3.91,
            "coherence": 0.733
          },
          {
            "date": "2024-05-24",
            "displacement": -4.33,
            "coherence": 0.868
          },
          {
            "date": "2024-06-05",
            "displacement": -4.32,
            "coherence": 0.87
          },
          {
            "date": "2024-06-17",
            "displacement": -4.55,
            "coherence": 0.86
          },
          {
            "date": "2024-06-29",
            "displacement": -5.48,
            "coherence": 0.904
          },
          {
            "date": "2024-07-11",
            "displacement": -6.32,
            "coherence": 0.808
          },
          {
            "date": "2024-07-23",
            "displacement": -6.88,
            "coherence": 0.8
          },
          {
            "date": "2024-08-04",
            "displacement": -7.18,
            "coherence": 0.835
          },
          {
            "date": "2024-08-16",
            "displacement": -8.06,
            "coherence": 0.609
          }
        ],
        "statistics": {
          "mean_displacement": -3.09,
          "std_displacement": 2.58,
          "max_displacement": 0.03,
          "min_displacement": -8.06
        }
      }
    },
    {
      "type": "Feature",
      "geometry": {
        "type": "Point",
        "coordinates": [
          127.041628,
          37.483973
        ]
      },
      "properties": {
        "point_id": "P101",
        "index": 101,
        "velocity": -12.78,
        "timeseries": [
          {
            "date": "2024-01-01",
            "displacement": -0.04,
            "coherence": 0.703
          },
          {
            "date": "2024-01-13",
            "displacement": -0.76,
            "coherence": 0.726
          },
          {
            "date": "2024-01-25",
            "displacement": -2.19,
            "coherence": 0.789
          },
          {
            "date": "2024-02-06",
            "displacement": -3.46,
            "coherence": 0.81
          },
          {
            "date": "2024-02-18",
            "displacement": -3.4,
            "coherence": 0.757
          },
          {
            "date": "2024-03-01",
            "displacement": -3.87,
            "coherence": 0.85
          },
          {
            "date": "2024-03-13",
            "displacement": -5.86,
            "coherence": 0.908
          },
          {
            "date": "2024-03-25",
            "displacement": -5.83,
            "coherence": 0.895
          },
          {
            "date": "2024-04-06",
            "displacement": -6.34,
            "coherence": 0.684
          },
          {
            "date": "2024-04-18",
            "displacement": -5.83,
            "coherence": 0.94
          },
          {
            "date": "2024-04-30",
            "displacement": -6.54,
            "coherence": 0.889
          },
          {
            "date": "2024-05-12",
            "displacement": -6.54,
            "coherence": 0.932
          },
          {
            "date": "2024-05-24",
            "displacement": -7.09,
            "coherence": 0.714
          },
          {
            "date": "2024-06-05",
            "displacement": -7.79,
            "coherence": 0.939
          },
          {
            "date": "2024-06-17",
            "displacement": -8.56,
            "coherence": 0.933
          },
          {
            "date": "2024-06-29",
            "displacement": -8.34,
            "coherence": 0.946
          },
          {
            "date": "2024-07-11",
            "displacement": -9.21,
            "coherence": 0.802
          },
          {
            "date": "2024-07-23",
            "displacement": -9.8,
            "coherence": 0.789
          },
          {
            "date": "2024-08-04",
            "displacement": -10.51,
            "coherence": 0.604
          },
          {
            "date": "2024-08-16",
            "displacement": -11.92,
            "coherence": 0.623
          }
        ],
        "statistics": {
          "mean_displacement": -6.19,
          "std_displacement": 3.1,
          "max_displacement": -0.04,
          "min_displacement": -11.92
        }
      }
    },
    {
      "type": "Feature",
      "geometry": {
        "type": "Point",
        "coordinates": [
          126.912537,
          37.445064
        ]
      },
      "properties": {
        "point_id": "P102",
        "index": 102,
        "velocity": 1.53,
        "timeseries": [
          {
            "date": "2024-01-01",
            "displacement": -0.71,
            "coherence": 0.751
          },
          {
            "date": "2024-01-13",
            "displacement": -0.99,
            "coherence": 0.941
          },
          {
            "date": "2024-01-25",
            "displacement": -1.52,
            "coherence": 0.734
          },
          {
            "date": "2024-02-06",
            "displacement": -2.61,
            "coherence": 0.655
          },
          {
            "date": "2024-02-18",
            "displacement": -2.46,
            "coherence": 0.678
          },
          {
            "date": "2024-03-01",
            "displacement": -2.65,
            "coherence": 0.76
          },
          {
            "date": "2024-03-13",
            "displacement": -1.7,
            "coherence": 0.94
          },
          {
            "date": "2024-03-25",
            "displacement": -1.56,
            "coherence": 0.659
          },
          {
            "date": "2024-04-06",
            "displacement": -1.9,
            "coherence": 0.805
          },
          {
            "date": "2024-04-18",
            "displacement": -1.68,
            "coherence": 0.79
          },
          {
            "date": "2024-04-30",
            "displacement": -1.07,
            "coherence": 0.827
          },
          {
            "date": "2024-05-12",
            "displacement": -0.7,
            "coherence": 0.722
          },
          {
            "date": "2024-05-24",
            "displacement": -0.39,
            "coherence": 0.72
          },
          {
            "date": "2024-06-05",
            "displacement": -1.04,
            "coherence": 0.93
          },
          {
            "date": "2024-06-17",
            "displacement": -1.4,
            "coherence": 0.845
          },
          {
            "date": "2024-06-29",
            "displacement": -1.24,
            "coherence": 0.715
          },
          {
            "date": "2024-07-11",
            "displacement": -0.24,
            "coherence": 0.628
          },
          {
            "date": "2024-07-23",
            "displacement": -1.18,
            "coherence": 0.943
          },
          {
            "date": "2024-08-04",
            "displacement": -0.98,
            "coherence": 0.674
          },
          {
            "date": "2024-08-16",
            "displacement": -1.96,
            "coherence": 0.832
          }
        ],
        "statistics": {
          "mean_displacement": -1.4,
          "std_displacement": 0.67,
          "max_displacement": -0.24,
          "min_displacement": -2.65
        }
      }
    },
    {
      "type": "Feature",
      "geometry": {
        "type": "Point",
        "coordinates": [
          126.908589,
          37.521993
        ]
      },
      "properties": {
        "point_id": "P103",
        "index": 103,
        "velocity": -5.42,
        "timeseries": [
          {
            "date": "2024-01-01",
            "displacement": -0.51,
            "coherence": 0.621
          },
          {
            "date": "2024-01-13",
            "displacement": -1.21,
            "coherence": 0.926
          },
          {
            "date": "2024-01-25",
            "displacement": -0.96,
            "coherence": 0.818
          },
          {
            "date": "2024-02-06",
            "displacement": -1.07,
            "coherence": 0.874
          },
          {
            "date": "2024-02-18",
            "displacement": -0.62,
            "coherence": 0.8
          },
          {
            "date": "2024-03-01",
            "displacement": -0.58,
            "coherence": 0.923
          },
          {
            "date": "2024-03-13",
            "displacement": -0.94,
            "coherence": 0.659
          },
          {
            "date": "2024-03-25",
            "displacement": -1.55,
            "coherence": 0.907
          },
          {
            "date": "2024-04-06",
            "displacement": -2.55,
            "coherence": 0.767
          },
          {
            "date": "2024-04-18",
            "displacement": -3.27,
            "coherence": 0.912
          },
          {
            "date": "2024-04-30",
            "displacement": -3.88,
            "coherence": 0.945
          },
          {
            "date": "2024-05-12",
            "displacement": -4.18,
            "coherence": 0.762
          },
          {
            "date": "2024-05-24",
            "displacement": -5.42,
            "coherence": 0.931
          },
          {
            "date": "2024-06-05",
            "displacement": -6.07,
            "coherence": 0.607
          },
          {
            "date": "2024-06-17",
            "displacement": -6.95,
            "coherence": 0.88
          },
          {
            "date": "2024-06-29",
            "displacement": -8.13,
            "coherence": 0.761
          },
          {
            "date": "2024-07-11",
            "displacement": -7.76,
            "coherence": 0.663
          },
          {
            "date": "2024-07-23",
            "displacement": -8.16,
            "coherence": 0.603
          },
          {
            "date": "2024-08-04",
            "displacement": -8.94,
            "coherence": 0.854
          },
          {
            "date": "2024-08-16",
            "displacement": -9.17,
            "coherence": 0.84
          }
        ],
        "statistics": {
          "mean_displacement": -4.1,
          "std_displacement": 3.11,
          "max_displacement": -0.51,
          "min_displacement": -9.17
        }
      }
    },
    {
      "type": "Feature",
      "geometry": {
        "type": "Point",
        "coordinates": [
          126.966958,
          37.598312
        ]
      },
      "properties": {
        "point_id": "P104",
        "index": 104,
        "velocity": 5.35,
        "timeseries": [
          {
            "date": "2024-01-01",
            "displacement": 0.04,
            "coherence": 0.843
          },
          {
            "date": "2024-01-13",
            "displacement": 0.03,
            "coherence": 0.727
          },
          {
            "date": "2024-01-25",
            "displacement": 0.04,
            "coherence": 0.741
          },
          {
            "date": "2024-02-06",
            "displacement": -0.21,
            "coherence": 0.924
          },
          {
            "date": "2024-02-18",
            "displacement": 0.46,
            "coherence": 0.95
          },
          {
            "date": "2024-03-01",
            "displacement": 0.78,
            "coherence": 0.703
          },
          {
            "date": "2024-03-13",
            "displacement": 0.82,
            "coherence": 0.824
          },
          {
            "date": "2024-03-25",
            "displacement": 0.41,
            "coherence": 0.655
          },
          {
            "date": "2024-04-06",
            "displacement": 1.45,
            "coherence": 0.92
          },
          {
            "date": "2024-04-18",
            "displacement": 2.08,
            "coherence": 0.806
          },
          {
            "date": "2024-04-30",
            "displacement": 2.78,
            "coherence": 0.923
          },
          {
            "date": "2024-05-12",
            "displacement": 2.32,
            "coherence": 0.814
          },
          {
            "date": "2024-05-24",
            "displacement": 2.26,
            "coherence": 0.907
          },
          {
            "date": "2024-06-05",
            "displacement": 1.71,
            "coherence": 0.721
          },
          {
            "date": "2024-06-17",
            "displacement": 2.39,
            "coherence": 0.78
          },
          {
            "date": "2024-06-29",
            "displacement": 2.26,
            "coherence": 0.829
          },
          {
            "date": "2024-07-11",
            "displacement": 3.24,
            "coherence": 0.656
          },
          {
            "date": "2024-07-23",
            "displacement": 2.85,
            "coherence": 0.708
          },
          {
            "date": "2024-08-04",
            "displacement": 2.78,
            "coherence": 0.814
          },
          {
            "date": "2024-08-16",
            "displacement": 4.21,
            "coherence": 0.896
          }
        ],
        "statistics": {
          "mean_displacement": 1.64,
          "std_displacement": 1.24,
          "max_displacement": 4.21,
          "min_displacement": -0.21
        }
      }
    },
    {
      "type": "Feature",
      "geometry": {
        "type": "Point",
        "coordinates": [
          126.923084,
          37.582441
        ]
      },
      "properties": {
        "point_id": "P105",
        "index": 105,
        "velocity": -2.22,
        "timeseries": [
          {
            "date": "2024-01-01",
            "displacement": 0.72,
            "coherence": 0.751
          },
          {
            "date": "2024-01-13",
            "displacement": 0.13,
            "coherence": 0.844
          },
          {
            "date": "2024-01-25",
            "displacement": 0.33,
            "coherence": 0.68
          },
          {
            "date": "2024-02-06",
            "displacement": 0.23,
            "coherence": 0.624
          },
          {
            "date": "2024-02-18",
            "displacement": 1.24,
            "coherence": 0.882
          },
          {
            "date": "2024-03-01",
            "displacement": 1.08,
            "coherence": 0.944
          },
          {
            "date": "2024-03-13",
            "displacement": 0.88,
            "coherence": 0.782
          },
          {
            "date": "2024-03-25",
            "displacement": 0.46,
            "coherence": 0.784
          },
          {
            "date": "2024-04-06",
            "displacement": 0.18,
            "coherence": 0.891
          },
          {
            "date": "2024-04-18",
            "displacement": -0.11,
            "coherence": 0.74
          },
          {
            "date": "2024-04-30",
            "displacement": 0.14,
            "coherence": 0.876
          },
          {
            "date": "2024-05-12",
            "displacement": 0.41,
            "coherence": 0.641
          },
          {
            "date": "2024-05-24",
            "displacement": -0.52,
            "coherence": 0.626
          },
          {
            "date": "2024-06-05",
            "displacement": -0.43,
            "coherence": 0.947
          },
          {
            "date": "2024-06-17",
            "displacement": -0.48,
            "coherence": 0.695
          },
          {
            "date": "2024-06-29",
            "displacement": -0.46,
            "coherence": 0.604
          },
          {
            "date": "2024-07-11",
            "displacement": 0.81,
            "coherence": 0.69
          },
          {
            "date": "2024-07-23",
            "displacement": 0.21,
            "coherence": 0.8
          },
          {
            "date": "2024-08-04",
            "displacement": -0.12,
            "coherence": 0.806
          },
          {
            "date": "2024-08-16",
            "displacement": -0.17,
            "coherence": 0.864
          }
        ],
        "statistics": {
          "mean_displacement": 0.23,
          "std_displacement": 0.51,
          "max_displacement": 1.24,
          "min_displacement": -0.52
        }
      }
    },
    {
      "type": "Feature",
      "geometry": {
        "type": "Point",
        "coordinates": [
          126.90447,
          37.422626
        ]
      },
      "properties": {
        "point_id": "P106",
        "index": 106,
        "velocity": -4.3,
        "timeseries": [
          {
            "date": "2024-01-01",
            "displacement": -0.73,
            "coherence": 0.948
          },
          {
            "date": "2024-01-13",
            "displacement": -0.32,
            "coherence": 0.769
          },
          {
            "date": "2024-01-25",
            "displacement": -0.78,
            "coherence": 0.938
          },
          {
            "date": "2024-02-06",
            "displacement": -0.69,
            "coherence": 0.777
          },
          {
            "date": "2024-02-18",
            "displacement": -0.77,
            "coherence": 0.604
          },
          {
            "date": "2024-03-01",
            "displacement": -2.17,
            "coherence": 0.644
          },
          {
            "date": "2024-03-13",
            "displacement": -3.17,
            "coherence": 0.749
          },
          {
            "date": "2024-03-25",
            "displacement": -4.21,
            "coherence": 0.653
          },
          {
            "date": "2024-04-06",
            "displacement": -4.32,
            "coherence": 0.697
          },
          {
            "date": "2024-04-18",
            "displacement": -4.58,
            "coherence": 0.683
          },
          {
            "date": "2024-04-30",
            "displacement": -4.57,
            "coherence": 0.662
          },
          {
            "date": "2024-05-12",
            "displacement": -4.06,
            "coherence": 0.827
          },
          {
            "date": "2024-05-24",
            "displacement": -4.36,
            "coherence": 0.6
          },
          {
            "date": "2024-06-05",
            "displacement": -4.16,
            "coherence": 0.83
          },
          {
            "date": "2024-06-17",
            "displacement": -4.72,
            "coherence": 0.799
          },
          {
            "date": "2024-06-29",
            "displacement": -5.08,
            "coherence": 0.878
          },
          {
            "date": "2024-07-11",
            "displacement": -5.56,
            "coherence": 0.748
          },
          {
            "date": "2024-07-23",
            "displacement": -5.15,
            "coherence": 0.768
          },
          {
            "date": "2024-08-04",
            "displacement": -5.23,
            "coherence": 0.735
          },
          {
            "date": "2024-08-16",
            "displacement": -4.38,
            "coherence": 0.69
          }
        ],
        "statistics": {
          "mean_displacement": -3.45,
          "std_displacement": 1.76,
          "max_displacement": -0.32,
          "min_displacement": -5.56
        }
      }
    },
    {
      "type": "Feature",
      "geometry": {
        "type": "Point",
        "coordinates": [
          126.936947,
          37.559272
        ]
      },
      "properties": {
        "point_id": "P107",
        "index": 107,
        "velocity": -2.82,
        "timeseries": [
          {
            "date": "2024-01-01",
            "displacement": 0.77,
            "coherence": 0.807
          },
          {
            "date": "2024-01-13",
            "displacement": 1.44,
            "coherence": 0.751
          },
          {
            "date": "2024-01-25",
            "displacement": 1.91,
            "coherence": 0.678
          },
          {
            "date": "2024-02-06",
            "displacement": 1.12,
            "coherence": 0.613
          },
          {
            "date": "2024-02-18",
            "displacement": 1.47,
            "coherence": 0.848
          },
          {
            "date": "2024-03-01",
            "displacement": 2.43,
            "coherence": 0.713
          },
          {
            "date": "2024-03-13",
            "displacement": 2.52,
            "coherence": 0.615
          },
          {
            "date": "2024-03-25",
            "displacement": 3.25,
            "coherence": 0.603
          },
          {
            "date": "2024-04-06",
            "displacement": 3.78,
            "coherence": 0.829
          },
          {
            "date": "2024-04-18",
            "displacement": 2.4,
            "coherence": 0.84
          },
          {
            "date": "2024-04-30",
            "displacement": 1.49,
            "coherence": 0.85
          },
          {
            "date": "2024-05-12",
            "displacement": 0.68,
            "coherence": 0.716
          },
          {
            "date": "2024-05-24",
            "displacement": 0.54,
            "coherence": 0.801
          },
          {
            "date": "2024-06-05",
            "displacement": 0.33,
            "coherence": 0.865
          },
          {
            "date": "2024-06-17",
            "displacement": -0.29,
            "coherence": 0.671
          },
          {
            "date": "2024-06-29",
            "displacement": 0.22,
            "coherence": 0.775
          },
          {
            "date": "2024-07-11",
            "displacement": 0.22,
            "coherence": 0.722
          },
          {
            "date": "2024-07-23",
            "displacement": 0.17,
            "coherence": 0.632
          },
          {
            "date": "2024-08-04",
            "displacement": -0.35,
            "coherence": 0.639
          },
          {
            "date": "2024-08-16",
            "displacement": 0.42,
            "coherence": 0.883
          }
        ],
        "statistics": {
          "mean_displacement": 1.23,
          "std_displacement": 1.14,
          "max_displacement": 3.78,
          "min_displacement": -0.35
        }
      }
    },
    {
      "type": "Feature",
      "geometry": {
        "type": "Point",
        "coordinates": [
          126.964065,
          37.467857
        ]
      },
      "properties": {
        "point_id": "P108",
        "index": 108,
        "velocity": -7.62,
        "timeseries": [
          {
            "date": "2024-01-01",
            "displacement": 0.4,
            "coherence": 0.818
          },
          {
            "date": "2024-01-13",
            "displacement": 0.42,
            "coherence": 0.797
          },
          {
            "date": "2024-01-25",
            "displacement": -0.07,
            "coherence": 0.601
          },
          {
            "date": "2024-02-06",
            "displacement": -0.11,
            "coherence": 0.657
          },
          {
            "date": "2024-02-18",
            "displacement": 0.02,
            "coherence": 0.614
          },
          {
            "date": "2024-03-01",
            "displacement": -0.88,
            "coherence": 0.763
          },
          {
            "date": "2024-03-13",
            "displacement": -1.1,
            "coherence": 0.908
          },
          {
            "date": "2024-03-25",
            "displacement": -0.24,
            "coherence": 0.79
          },
          {
            "date": "2024-04-06",
            "displacement": -0.55,
            "coherence": 0.707
          },
          {
            "date": "2024-04-18",
            "displacement": -0.82,
            "coherence": 0.85
          },
          {
            "date": "2024-04-30",
            "displacement": -1.25,
            "coherence": 0.811
          },
          {
            "date": "2024-05-12",
            "displacement": -1.82,
            "coherence": 0.899
          },
          {
            "date": "2024-05-24",
            "displacement": -2.45,
            "coherence": 0.62
          },
          {
            "date": "2024-06-05",
            "displacement": -2.75,
            "coherence": 0.613
          },
          {
            "date": "2024-06-17",
            "displacement": -2.9,
            "coherence": 0.832
          },
          {
            "date": "2024-06-29",
            "displacement": -2.93,
            "coherence": 0.667
          },
          {
            "date": "2024-07-11",
            "displacement": -3.49,
            "coherence": 0.72
          },
          {
            "date": "2024-07-23",
            "displacement": -3.55,
            "coherence": 0.744
          },
          {
            "date": "2024-08-04",
            "displacement": -3.09,
            "coherence": 0.898
          },
          {
            "date": "2024-08-16",
            "displacement": -4.23,
            "coherence": 0.89
          }
        ],
        "statistics": {
          "mean_displacement": -1.57,
          "std_displacement": 1.45,
          "max_displacement": 0.42,
          "min_displacement": -4.23
        }
      }
    },
    {
      "type": "Feature",
      "geometry": {
        "type": "Point",
        "coordinates": [
          127.089431,
          37.575277
        ]
      },
      "properties": {
        "point_id": "P109",
        "index": 109,
        "velocity": -8.69,
        "timeseries": [
          {
            "date": "2024-01-01",
            "displacement": -0.06,
            "coherence": 0.887
          },
          {
            "date": "2024-01-13",
            "displacement": -0.58,
            "coherence": 0.67
          },
          {
            "date": "2024-01-25",
            "displacement": -0.13,
            "coherence": 0.672
          },
          {
            "date": "2024-02-06",
            "displacement": -0.93,
            "coherence": 0.823
          },
          {
            "date": "2024-02-18",
            "displacement": -0.61,
            "coherence": 0.674
          },
          {
            "date": "2024-03-01",
            "displacement": -0.62,
            "coherence": 0.798
          },
          {
            "date": "2024-03-13",
            "displacement": -0.74,
            "coherence": 0.605
          },
          {
            "date": "2024-03-25",
            "displacement": -0.74,
            "coherence": 0.851
          },
          {
            "date": "2024-04-06",
            "displacement": -0.69,
            "coherence": 0.832
          },
          {
            "date": "2024-04-18",
            "displacement": -0.38,
            "coherence": 0.737
          },
          {
            "date": "2024-04-30",
            "displacement": -0.38,
            "coherence": 0.927
          },
          {
            "date": "2024-05-12",
            "displacement": -0.22,
            "coherence": 0.921
          },
          {
            "date": "2024-05-24",
            "displacement": -0.81,
            "coherence": 0.913
          },
          {
            "date": "2024-06-05",
            "displacement": -0.65,
            "coherence": 0.711
          },
          {
            "date": "2024-06-17",
            "displacement": -1.45,
            "coherence": 0.891
          },
          {
            "date": "2024-06-29",
            "displacement": -1.09,
            "coherence": 0.833
          },
          {
            "date": "2024-07-11",
            "displacement": -1.01,
            "coherence": 0.947
          },
          {
            "date": "2024-07-23",
            "displacement": -1.43,
            "coherence": 0.883
          },
          {
            "date": "2024-08-04",
            "displacement": -2.89,
            "coherence": 0.832
          },
          {
            "date": "2024-08-16",
            "displacement": -3.47,
            "coherence": 0.834
          }
        ],
        "statistics": {
          "mean_displacement": -0.94,
          "std_displacement": 0.83,
          "max_displacement": -0.06,
          "min_displacement": -3.47
        }
      }
    },
    {
      "type": "Feature",
      "geometry": {
        "type": "Point",
        "coordinates": [
          127.093528,
          37.401109
        ]
      },
      "properties": {
        "point_id": "P110",
        "index": 110,
        "velocity": -2.59,
        "timeseries": [
          {
            "date": "2024-01-01",
            "displacement": 0.48,
            "coherence": 0.733
          },
          {
            "date": "2024-01-13",
            "displacement": 0.04,
            "coherence": 0.841
          },
          {
            "date": "2024-01-25",
            "displacement": -0.15,
            "coherence": 0.897
          },
          {
            "date": "2024-02-06",
            "displacement": 0.01,
            "coherence": 0.896
          },
          {
            "date": "2024-02-18",
            "displacement": -0.22,
            "coherence": 0.603
          },
          {
            "date": "2024-03-01",
            "displacement": -0.13,
            "coherence": 0.946
          },
          {
            "date": "2024-03-13",
            "displacement": -0.42,
            "coherence": 0.744
          },
          {
            "date": "2024-03-25",
            "displacement": -0.19,
            "coherence": 0.84
          },
          {
            "date": "2024-04-06",
            "displacement": -0.82,
            "coherence": 0.617
          },
          {
            "date": "2024-04-18",
            "displacement": -1.1,
            "coherence": 0.658
          },
          {
            "date": "2024-04-30",
            "displacement": -0.82,
            "coherence": 0.948
          },
          {
            "date": "2024-05-12",
            "displacement": -0.18,
            "coherence": 0.886
          },
          {
            "date": "2024-05-24",
            "displacement": -0.75,
            "coherence": 0.911
          },
          {
            "date": "2024-06-05",
            "displacement": -0.67,
            "coherence": 0.898
          },
          {
            "date": "2024-06-17",
            "displacement": -0.79,
            "coherence": 0.692
          },
          {
            "date": "2024-06-29",
            "displacement": -1.69,
            "coherence": 0.792
          },
          {
            "date": "2024-07-11",
            "displacement": -2.32,
            "coherence": 0.732
          },
          {
            "date": "2024-07-23",
            "displacement": -2.06,
            "coherence": 0.656
          },
          {
            "date": "2024-08-04",
            "displacement": -2.5,
            "coherence": 0.665
          },
          {
            "date": "2024-08-16",
            "displacement": -1.88,
            "coherence": 0.847
          }
        ],
        "statistics": {
          "mean_displacement": -0.81,
          "std_displacement": 0.84,
          "max_displacement": 0.48,
          "min_displacement": -2.5
        }
      }
    },
    {
      "type": "Feature",
      "geometry": {
        "type": "Point",
        "coordinates": [
          126.980024,
          37.401722
        ]
      },
      "properties": {
        "point_id": "P111",
        "index": 111,
        "velocity": -0.14,
        "timeseries": [
          {
            "date": "2024-01-01",
            "displacement": 1.11,
            "coherence": 0.676
          },
          {
            "date": "2024-01-13",
            "displacement": 2.03,
            "coherence": 0.902
          },
          {
            "date": "2024-01-25",
            "displacement": 1.16,
            "coherence": 0.798
          },
          {
            "date": "2024-02-06",
            "displacement": 1.25,
            "coherence": 0.72
          },
          {
            "date": "2024-02-18",
            "displacement": 0.18,
            "coherence": 0.649
          },
          {
            "date": "2024-03-01",
            "displacement": 0.97,
            "coherence": 0.879
          },
          {
            "date": "2024-03-13",
            "displacement": 0.86,
            "coherence": 0.674
          },
          {
            "date": "2024-03-25",
            "displacement": 0.31,
            "coherence": 0.77
          },
          {
            "date": "2024-04-06",
            "displacement": 0.26,
            "coherence": 0.854
          },
          {
            "date": "2024-04-18",
            "displacement": 0.75,
            "coherence": 0.61
          },
          {
            "date": "2024-04-30",
            "displacement": 0.12,
            "coherence": 0.63
          },
          {
            "date": "2024-05-12",
            "displacement": -0.27,
            "coherence": 0.795
          },
          {
            "date": "2024-05-24",
            "displacement": -0.25,
            "coherence": 0.638
          },
          {
            "date": "2024-06-05",
            "displacement": -1.29,
            "coherence": 0.783
          },
          {
            "date": "2024-06-17",
            "displacement": -2.27,
            "coherence": 0.676
          },
          {
            "date": "2024-06-29",
            "displacement": -2.3,
            "coherence": 0.914
          },
          {
            "date": "2024-07-11",
            "displacement": -2.97,
            "coherence": 0.947
          },
          {
            "date": "2024-07-23",
            "displacement": -2.66,
            "coherence": 0.899
          },
          {
            "date": "2024-08-04",
            "displacement": -3.21,
            "coherence": 0.636
          },
          {
            "date": "2024-08-16",
            "displacement": -3.25,
            "coherence": 0.779
          }
        ],
        "statistics": {
          "mean_displacement": -0.47,
          "std_displacement": 1.66,
          "max_displacement": 2.03,
          "min_displacement": -3.25
        }
      }
    },
    {
      "type": "Feature",
      "geometry": {
        "type": "Point",
        "coordinates": [
          127.066222,
          37.489091
        ]
      },
      "properties": {
        "point_id": "P112",
        "index": 112,
        "velocity": 0.75,
        "timeseries": [
          {
            "date": "2024-01-01",
            "displacement": -0.2,
            "coherence": 0.909
          },
          {
            "date": "2024-01-13",
            "displacement": -0.37,
            "coherence": 0.656
          },
          {
            "date": "2024-01-25",
            "displacement": -1.23,
            "coherence": 0.644
          },
          {
            "date": "2024-02-06",
            "displacement": -0.68,
            "coherence": 0.904
          },
          {
            "date": "2024-02-18",
            "displacement": -1.71,
            "coherence": 0.879
          },
          {
            "date": "2024-03-01",
            "displacement": -0.96,
            "coherence": 0.903
          },
          {
            "date": "2024-03-13",
            "displacement": -0.67,
            "coherence": 0.916
          },
          {
            "date": "2024-03-25",
            "displacement": 0.45,
            "coherence": 0.773
          },
          {
            "date": "2024-04-06",
            "displacement": 0.51,
            "coherence": 0.906
          },
          {
            "date": "2024-04-18",
            "displacement": 1.06,
            "coherence": 0.831
          },
          {
            "date": "2024-04-30",
            "displacement": 1.97,
            "coherence": 0.718
          },
          {
            "date": "2024-05-12",
            "displacement": 2.22,
            "coherence": 0.796
          },
          {
            "date": "2024-05-24",
            "displacement": 3.32,
            "coherence": 0.635
          },
          {
            "date": "2024-06-05",
            "displacement": 3.33,
            "coherence": 0.86
          },
          {
            "date": "2024-06-17",
            "displacement": 3.64,
            "coherence": 0.853
          },
          {
            "date": "2024-06-29",
            "displacement": 3.57,
            "coherence": 0.799
          },
          {
            "date": "2024-07-11",
            "displacement": 4.0,
            "coherence": 0.607
          },
          {
            "date": "2024-07-23",
            "displacement": 3.37,
            "coherence": 0.879
          },
          {
            "date": "2024-08-04",
            "displacement": 2.93,
            "coherence": 0.808
          },
          {
            "date": "2024-08-16",
            "displacement": 2.5,
            "coherence": 0.649
          }
        ],
        "statistics": {
          "mean_displacement": 1.35,
          "std_displacement": 1.88,
          "max_displacement": 4.0,
          "min_displacement": -1.71
        }
      }
    },
    {
      "type": "Feature",
      "geometry": {
        "type": "Point",
        "coordinates": [
          126.97596,
          37.518873
        ]
      },
      "properties": {
        "point_id": "P113",
        "index": 113,
        "velocity": 3.98,
        "timeseries": [
          {
            "date": "2024-01-01",
            "displacement": 1.35,
            "coherence": 0.753
          },
          {
            "date": "2024-01-13",
            "displacement": 2.69,
            "coherence": 0.77
          },
          {
            "date": "2024-01-25",
            "displacement": 2.78,
            "coherence": 0.764
          },
          {
            "date": "2024-02-06",
            "displacement": 3.21,
            "coherence": 0.694
          },
          {
            "date": "2024-02-18",
            "displacement": 3.02,
            "coherence": 0.633
          },
          {
            "date": "2024-03-01",
            "displacement": 2.76,
            "coherence": 0.83
          },
          {
            "date": "2024-03-13",
            "displacement": 2.5,
            "coherence": 0.689
          },
          {
            "date": "2024-03-25",
            "displacement": 2.6,
            "coherence": 0.674
          },
          {
            "date": "2024-04-06",
            "displacement": 2.6,
            "coherence": 0.718
          },
          {
            "date": "2024-04-18",
            "displacement": 2.51,
            "coherence": 0.614
          },
          {
            "date": "2024-04-30",
            "displacement": 2.85,
            "coherence": 0.797
          },
          {
            "date": "2024-05-12",
            "displacement": 2.45,
            "coherence": 0.669
          },
          {
            "date": "2024-05-24",
            "displacement": 2.97,
            "coherence": 0.652
          },
          {
            "date": "2024-06-05",
            "displacement": 2.2,
            "coherence": 0.768
          },
          {
            "date": "2024-06-17",
            "displacement": 3.83,
            "coherence": 0.854
          },
          {
            "date": "2024-06-29",
            "displacement": 4.02,
            "coherence": 0.612
          },
          {
            "date": "2024-07-11",
            "displacement": 4.2,
            "coherence": 0.74
          },
          {
            "date": "2024-07-23",
            "displacement": 3.57,
            "coherence": 0.906
          },
          {
            "date": "2024-08-04",
            "displacement": 4.23,
            "coherence": 0.647
          },
          {
            "date": "2024-08-16",
            "displacement": 4.42,
            "coherence": 0.889
          }
        ],
        "statistics": {
          "mean_displacement": 3.04,
          "std_displacement": 0.77,
          "max_displacement": 4.42,
          "min_displacement": 1.35
        }
      }
    },
    {
      "type": "Feature",
      "geometry": {
        "type": "Point",
        "coordinates": [
          126.925351,
          37.46159
        ]
      },
      "properties": {
        "point_id": "P114",
        "index": 114,
        "velocity": 7.11,
        "timeseries": [
          {
            "date": "2024-01-01",
            "displacement": 0.53,
            "coherence": 0.672
          },
          {
            "date": "2024-01-13",
            "displacement": 1.3,
            "coherence": 0.812
          },
          {
            "date": "2024-01-25",
            "displacement": 0.72,
            "coherence": 0.677
          },
          {
            "date": "2024-02-06",
            "displacement": 0.79,
            "coherence": 0.886
          },
          {
            "date": "2024-02-18",
            "displacement": 1.12,
            "coherence": 0.894
          },
          {
            "date": "2024-03-01",
            "displacement": 1.82,
            "coherence": 0.65
          },
          {
            "date": "2024-03-13",
            "displacement": 1.94,
            "coherence": 0.887
          },
          {
            "date": "2024-03-25",
            "displacement": 1.6,
            "coherence": 0.757
          },
          {
            "date": "2024-04-06",
            "displacement": 0.61,
            "coherence": 0.905
          },
          {
            "date": "2024-04-18",
            "displacement": 0.02,
            "coherence": 0.785
          },
          {
            "date": "2024-04-30",
            "displacement": -0.65,
            "coherence": 0.761
          },
          {
            "date": "2024-05-12",
            "displacement": -0.84,
            "coherence": 0.762
          },
          {
            "date": "2024-05-24",
            "displacement": -0.49,
            "coherence": 0.66
          },
          {
            "date": "2024-06-05",
            "displacement": -0.73,
            "coherence": 0.777
          },
          {
            "date": "2024-06-17",
            "displacement": -1.72,
            "coherence": 0.74
          },
          {
            "date": "2024-06-29",
            "displacement": -1.04,
            "coherence": 0.862
          },
          {
            "date": "2024-07-11",
            "displacement": -1.02,
            "coherence": 0.863
          },
          {
            "date": "2024-07-23",
            "displacement": -1.02,
            "coherence": 0.8
          },
          {
            "date": "2024-08-04",
            "displacement": -0.63,
            "coherence": 0.693
          },
          {
            "date": "2024-08-16",
            "displacement": -0.63,
            "coherence": 0.862
          }
        ],
        "statistics": {
          "mean_displacement": 0.08,
          "std_displacement": 1.07,
          "max_displacement": 1.94,
          "min_displacement": -1.72
        }
      }
    },
    {
      "type": "Feature",
      "geometry": {
        "type": "Point",
        "coordinates": [
          126.97405,
          37.405332
        ]
      },
      "properties": {
        "point_id": "P115",
        "index": 115,
        "velocity": -8.26,
        "timeseries": [
          {
            "date": "2024-01-01",
            "displacement": -0.31,
            "coherence": 0.925
          },
          {
            "date": "2024-01-13",
            "displacement": -0.43,
            "coherence": 0.768
          },
          {
            "date": "2024-01-25",
            "displacement": 0.49,
            "coherence": 0.919
          },
          {
            "date": "2024-02-06",
            "displacement": 0.64,
            "coherence": 0.777
          },
          {
            "date": "2024-02-18",
            "displacement": -0.17,
            "coherence": 0.737
          },
          {
            "date": "2024-03-01",
            "displacement": 0.16,
            "coherence": 0.647
          },
          {
            "date": "2024-03-13",
            "displacement": -0.33,
            "coherence": 0.935
          },
          {
            "date": "2024-03-25",
            "displacement": -0.43,
            "coherence": 0.924
          },
          {
            "date": "2024-04-06",
            "displacement": -0.32,
            "coherence": 0.655
          },
          {
            "date": "2024-04-18",
            "displacement": -0.94,
            "coherence": 0.893
          },
          {
            "date": "2024-04-30",
            "displacement": -0.88,
            "coherence": 0.82
          },
          {
            "date": "2024-05-12",
            "displacement": -1.28,
            "coherence": 0.797
          },
          {
            "date": "2024-05-24",
            "displacement": -1.8,
            "coherence": 0.682
          },
          {
            "date": "2024-06-05",
            "displacement": -1.92,
            "coherence": 0.779
          },
          {
            "date": "2024-06-17",
            "displacement": -2.97,
            "coherence": 0.61
          },
          {
            "date": "2024-06-29",
            "displacement": -2.7,
            "coherence": 0.656
          },
          {
            "date": "2024-07-11",
            "displacement": -2.59,
            "coherence": 0.655
          },
          {
            "date": "2024-07-23",
            "displacement": -2.74,
            "coherence": 0.614
          },
          {
            "date": "2024-08-04",
            "displacement": -2.94,
            "coherence": 0.61
          },
          {
            "date": "2024-08-16",
            "displacement": -2.83,
            "coherence": 0.603
          }
        ],
        "statistics": {
          "mean_displacement": -1.21,
          "std_displacement": 1.21,
          "max_displacement": 0.64,
          "min_displacement": -2.97
        }
      }
    },
    {
      "type": "Feature",
      "geometry": {
        "type": "Point",
        "coordinates": [
          127.060966,
          37.418183
        ]
      },
      "properties": {
        "point_id": "P116",
        "index": 116,
        "velocity": -6.26,
        "timeseries": [
          {
            "date": "2024-01-01",
            "displacement": 0.5,
            "coherence": 0.766
          },
          {
            "date": "2024-01-13",
            "displacement": 0.25,
            "coherence": 0.781
          },
          {
            "date": "2024-01-25",
            "displacement": 0.35,
            "coherence": 0.611
          },
          {
            "date": "2024-02-06",
            "displacement": 0.63,
            "coherence": 0.881
          },
          {
            "date": "2024-02-18",
            "displacement": 0.26,
            "coherence": 0.626
          },
          {
            "date": "2024-03-01",
            "displacement": 0.69,
            "coherence": 0.675
          },
          {
            "date": "2024-03-13",
            "displacement": -0.14,
            "coherence": 0.841
          },
          {
            "date": "2024-03-25",
            "displacement": -0.82,
            "coherence": 0.778
          },
          {
            "date": "2024-04-06",
            "displacement": -1.09,
            "coherence": 0.917
          },
          {
            "date": "2024-04-18",
            "displacement": -0.72,
            "coherence": 0.872
          },
          {
            "date": "2024-04-30",
            "displacement": -1.08,
            "coherence": 0.703
          },
          {
            "date": "2024-05-12",
            "displacement": -0.89,
            "coherence": 0.617
          },
          {
            "date": "2024-05-24",
            "displacement": -0.71,
            "coherence": 0.617
          },
          {
            "date": "2024-06-05",
            "displacement": -0.66,
            "coherence": 0.668
          },
          {
            "date": "2024-06-17",
            "displacement": -1.32,
            "coherence": 0.728
          },
          {
            "date": "2024-06-29",
            "displacement": -0.55,
            "coherence": 0.917
          },
          {
            "date": "2024-07-11",
            "displacement": -0.28,
            "coherence": 0.903
          },
          {
            "date": "2024-07-23",
            "displacement": -0.46,
            "coherence": 0.831
          },
          {
            "date": "2024-08-04",
            "displacement": -0.76,
            "coherence": 0.613
          },
          {
            "date": "2024-08-16",
            "displacement": -0.67,
            "coherence": 0.764
          }
        ],
        "statistics": {
          "mean_displacement": -0.37,
          "std_displacement": 0.6,
          "max_displacement": 0.69,
          "min_displacement": -1.32
        }
      }
    },
    {
      "type": "Feature",
      "geometry": {
        "type": "Point",
        "coordinates": [
          126.911109,
          37.510192
        ]
      },
      "properties": {
        "point_id": "P117",
        "index": 117,
        "velocity": -0.96,
        "timeseries": [
          {
            "date": "2024-01-01",
            "displacement": -0.32,
            "coherence": 0.638
          },
          {
            "date": "2024-01-13",
            "displacement": -0.22,
            "coherence": 0.618
          },
          {
            "date": "2024-01-25",
            "displacement": -0.19,
            "coherence": 0.626
          },
          {
            "date": "2024-02-06",
            "displacement": 0.24,
            "coherence": 0.786
          },
          {
            "date": "2024-02-18",
            "displacement": 0.15,
            "coherence": 0.658
          },
          {
            "date": "2024-03-01",
            "displacement": 0.51,
            "coherence": 0.69
          },
          {
            "date": "2024-03-13",
            "displacement": -0.02,
            "coherence": 0.898
          },
          {
            "date": "2024-03-25",
            "displacement": -0.2,
            "coherence": 0.782
          },
          {
            "date": "2024-04-06",
            "displacement": -0.38,
            "coherence": 0.825
          },
          {
            "date": "2024-04-18",
            "displacement": -0.65,
            "coherence": 0.756
          },
          {
            "date": "2024-04-30",
            "displacement": 0.11,
            "coherence": 0.83
          },
          {
            "date": "2024-05-12",
            "displacement": 0.1,
            "coherence": 0.649
          },
          {
            "date": "2024-05-24",
            "displacement": 0.35,
            "coherence": 0.9
          },
          {
            "date": "2024-06-05",
            "displacement": 0.96,
            "coherence": 0.826
          },
          {
            "date": "2024-06-17",
            "displacement": 1.79,
            "coherence": 0.763
          },
          {
            "date": "2024-06-29",
            "displacement": 1.18,
            "coherence": 0.903
          },
          {
            "date": "2024-07-11",
            "displacement": 1.62,
            "coherence": 0.92
          },
          {
            "date": "2024-07-23",
            "displacement": 1.81,
            "coherence": 0.765
          },
          {
            "date": "2024-08-04",
            "displacement": 0.84,
            "coherence": 0.66
          },
          {
            "date": "2024-08-16",
            "displacement": 1.57,
            "coherence": 0.661
          }
        ],
        "statistics": {
          "mean_displacement": 0.46,
          "std_displacement": 0.76,
          "max_displacement": 1.81,
          "min_displacement": -0.65
        }
      }
    },
    {
      "type": "Feature",
      "geometry": {
        "type": "Point",
        "coordinates": [
          127.089376,
          37.42678
        ]
      },
      "properties": {
        "point_id": "P118",
        "index": 118,
        "velocity": -4.17,
        "timeseries": [
          {
            "date": "2024-01-01",
            "displacement": -0.37,
            "coherence": 0.61
          },
          {
            "date": "2024-01-13",
            "displacement": -0.64,
            "coherence": 0.782
          },
          {
            "date": "2024-01-25",
            "displacement": -0.78,
            "coherence": 0.609
          },
          {
            "date": "2024-02-06",
            "displacement": -0.73,
            "coherence": 0.914
          },
          {
            "date": "2024-02-18",
            "displacement": -0.81,
            "coherence": 0.65
          },
          {
            "date": "2024-03-01",
            "displacement": -0.96,
            "coherence": 0.61
          },
          {
            "date": "2024-03-13",
            "displacement": -1.29,
            "coherence": 0.782
          },
          {
            "date": "2024-03-25",
            "displacement": -1.62,
            "coherence": 0.721
          },
          {
            "date": "2024-04-06",
            "displacement": -1.77,
            "coherence": 0.714
          },
          {
            "date": "2024-04-18",
            "displacement": -1.44,
            "coherence": 0.851
          },
          {
            "date": "2024-04-30",
            "displacement": -1.68,
            "coherence": 0.691
          },
          {
            "date": "2024-05-12",
            "displacement": -1.91,
            "coherence": 0.886
          },
          {
            "date": "2024-05-24",
            "displacement": -2.04,
            "coherence": 0.615
          },
          {
            "date": "2024-06-05",
            "displacement": -1.86,
            "coherence": 0.674
          },
          {
            "date": "2024-06-17",
            "displacement": -2.29,
            "coherence": 0.903
          },
          {
            "date": "2024-06-29",
            "displacement": -2.46,
            "coherence": 0.844
          },
          {
            "date": "2024-07-11",
            "displacement": -2.82,
            "coherence": 0.824
          },
          {
            "date": "2024-07-23",
            "displacement": -3.57,
            "coherence": 0.763
          },
          {
            "date": "2024-08-04",
            "displacement": -4.47,
            "coherence": 0.922
          },
          {
            "date": "2024-08-16",
            "displacement": -4.03,
            "coherence": 0.648
          }
        ],
        "statistics": {
          "mean_displacement": -1.88,
          "std_displacement": 1.11,
          "max_displacement": -0.37,
          "min_displacement": -4.47
        }
      }
    },
    {
      "type": "Feature",
      "geometry": {
        "type": "Point",
        "coordinates": [
          127.063103,
          37.499601
        ]
      },
      "properties": {
        "point_id": "P119",
        "index": 119,
        "velocity": -2.56,
        "timeseries": [
          {
            "date": "2024-01-01",
            "displacement": 0.59,
            "coherence": 0.733
          },
          {
            "date": "2024-01-13",
            "displacement": 0.41,
            "coherence": 0.714
          },
          {
            "date": "2024-01-25",
            "displacement": -0.07,
            "coherence": 0.824
          },
          {
            "date": "2024-02-06",
            "displacement": 0.4,
            "coherence": 0.695
          },
          {
            "date": "2024-02-18",
            "displacement": -0.17,
            "coherence": 0.635
          },
          {
            "date": "2024-03-01",
            "displacement": -0.08,
            "coherence": 0.677
          },
          {
            "date": "2024-03-13",
            "displacement": 0.07,
            "coherence": 0.644
          },
          {
            "date": "2024-03-25",
            "displacement": -0.75,
            "coherence": 0.871
          },
          {
            "date": "2024-04-06",
            "displacement": -1.58,
            "coherence": 0.919
          },
          {
            "date": "2024-04-18",
            "displacement": -1.85,
            "coherence": 0.635
          },
          {
            "date": "2024-04-30",
            "displacement": -2.01,
            "coherence": 0.742
          },
          {
            "date": "2024-05-12",
            "displacement": -2.43,
            "coherence": 0.699
          },
          {
            "date": "2024-05-24",
            "displacement": -2.08,
            "coherence": 0.923
          },
          {
            "date": "2024-06-05",
            "displacement": -2.56,
            "coherence": 0.858
          },
          {
            "date": "2024-06-17",
            "displacement": -3.16,
            "coherence": 0.659
          },
          {
            "date": "2024-06-29",
            "displacement": -3.76,
            "coherence": 0.752
          },
          {
            "date": "2024-07-11",
            "displacement": -4.17,
            "coherence": 0.899
          },
          {
            "date": "2024-07-23",
            "displacement": -3.82,
            "coherence": 0.644
          },
          {
            "date": "2024-08-04",
            "displacement": -4.41,
            "coherence": 0.81
          },
          {
            "date": "2024-08-16",
            "displacement": -4.14,
            "coherence": 0.917
          }
        ],
        "statistics": {
          "mean_displacement": -1.78,
          "std_displacement": 1.69,
          "max_displacement": 0.59,
          "min_displacement": -4.41
        }
      }
    },
    {
      "type": "Feature",
      "geometry": {
        "type": "Point",
        "coordinates": [
          127.011536,
          37.521209
        ]
      },
      "properties": {
        "point_id": "P120",
        "index": 120,
        "velocity": -5.91,
        "timeseries": [
          {
            "date": "2024-01-01",
            "displacement": -0.1,
            "coherence": 0.742
          },
          {
            "date": "2024-01-13",
            "displacement": -0.36,
            "coherence": 0.896
          },
          {
            "date": "2024-01-25",
            "displacement": -0.6,
            "coherence": 0.792
          },
          {
            "date": "2024-02-06",
            "displacement": -1.09,
            "coherence": 0.832
          },
          {
            "date": "2024-02-18",
            "displacement": -0.37,
            "coherence": 0.647
          },
          {
            "date": "2024-03-01",
            "displacement": -0.75,
            "coherence": 0.948
          },
          {
            "date": "2024-03-13",
            "displacement": -0.94,
            "coherence": 0.764
          },
          {
            "date": "2024-03-25",
            "displacement": -1.77,
            "coherence": 0.92
          },
          {
            "date": "2024-04-06",
            "displacement": -1.17,
            "coherence": 0.772
          },
          {
            "date": "2024-04-18",
            "displacement": -1.06,
            "coherence": 0.666
          },
          {
            "date": "2024-04-30",
            "displacement": -1.75,
            "coherence": 0.659
          },
          {
            "date": "2024-05-12",
            "displacement": -2.35,
            "coherence": 0.91
          },
          {
            "date": "2024-05-24",
            "displacement": -2.88,
            "coherence": 0.854
          },
          {
            "date": "2024-06-05",
            "displacement": -1.74,
            "coherence": 0.686
          },
          {
            "date": "2024-06-17",
            "displacement": -2.04,
            "coherence": 0.68
          },
          {
            "date": "2024-06-29",
            "displacement": -1.5,
            "coherence": 0.906
          },
          {
            "date": "2024-07-11",
            "displacement": -1.06,
            "coherence": 0.602
          },
          {
            "date": "2024-07-23",
            "displacement": -0.78,
            "coherence": 0.746
          },
          {
            "date": "2024-08-04",
            "displacement": -1.26,
            "coherence": 0.876
          },
          {
            "date": "2024-08-16",
            "displacement": -1.02,
            "coherence": 0.663
          }
        ],
        "statistics": {
          "mean_displacement": -1.23,
          "std_displacement": 0.68,
          "max_displacement": -0.1,
          "min_displacement": -2.88
        }
      }
    },
    {
      "type": "Feature",
      "geometry": {
        "type": "Point",
        "coordinates": [
          127.070399,
          37.546685
        ]
      },
      "properties": {
        "point_id": "P121",
        "index": 121,
        "velocity": -0.81,
        "timeseries": [
          {
            "date": "2024-01-01",
            "displacement": 0.63,
            "coherence": 0.896
          },
          {
            "date": "2024-01-13",
            "displacement": 0.47,
            "coherence": 0.939
          },
          {
            "date": "2024-01-25",
            "displacement": 0.9,
            "coherence": 0.828
          },
          {
            "date": "2024-02-06",
            "displacement": 0.67,
            "coherence": 0.723
          },
          {
            "date": "2024-02-18",
            "displacement": 0.23,
            "coherence": 0.859
          },
          {
            "date": "2024-03-01",
            "displacement": -0.38,
            "coherence": 0.637
          },
          {
            "date": "2024-03-13",
            "displacement": -0.34,
            "coherence": 0.891
          },
          {
            "date": "2024-03-25",
            "displacement": -0.86,
            "coherence": 0.713
          },
          {
            "date": "2024-04-06",
            "displacement": -1.09,
            "coherence": 0.724
          },
          {
            "date": "2024-04-18",
            "displacement": -1.54,
            "coherence": 0.809
          },
          {
            "date": "2024-04-30",
            "displacement": -1.74,
            "coherence": 0.888
          },
          {
            "date": "2024-05-12",
            "displacement": -1.62,
            "coherence": 0.864
          },
          {
            "date": "2024-05-24",
            "displacement": -2.91,
            "coherence": 0.937
          },
          {
            "date": "2024-06-05",
            "displacement": -3.81,
            "coherence": 0.781
          },
          {
            "date": "2024-06-17",
            "displacement": -3.76,
            "coherence": 0.724
          },
          {
            "date": "2024-06-29",
            "displacement": -4.13,
            "coherence": 0.728
          },
          {
            "date": "2024-07-11",
            "displacement": -4.41,
            "coherence": 0.652
          },
          {
            "date": "2024-07-23",
            "displacement": -4.74,
            "coherence": 0.88
          },
          {
            "date": "2024-08-04",
            "displacement": -3.61,
            "coherence": 0.69
          },
          {
            "date": "2024-08-16",
            "displacement": -3.53,
            "coherence": 0.675
          }
        ],
        "statistics": {
          "mean_displacement": -1.78,
          "std_displacement": 1.88,
          "max_displacement": 0.9,
          "min_displacement": -4.74
        }
      }
    },
    {
      "type": "Feature",
      "geometry": {
        "type": "Point",
        "coordinates": [
          126.968593,
          37.446662
        ]
      },
      "properties": {
        "point_id": "P122",
        "index": 122,
        "velocity": -8.04,
        "timeseries": [
          {
            "date": "2024-01-01",
            "displacement": 0.04,
            "coherence": 0.733
          },
          {
            "date": "2024-01-13",
            "displacement": 0.36,
            "coherence": 0.848
          },
          {
            "date": "2024-01-25",
            "displacement": 0.32,
            "coherence": 0.86
          },
          {
            "date": "2024-02-06",
            "displacement": 0.36,
            "coherence": 0.948
          },
          {
            "date": "2024-02-18",
            "displacement": 0.34,
            "coherence": 0.698
          },
          {
            "date": "2024-03-01",
            "displacement": -0.82,
            "coherence": 0.819
          },
          {
            "date": "2024-03-13",
            "displacement": -1.05,
            "coherence": 0.925
          },
          {
            "date": "2024-03-25",
            "displacement": -1.62,
            "coherence": 0.777
          },
          {
            "date": "2024-04-06",
            "displacement": -2.79,
            "coherence": 0.653
          },
          {
            "date": "2024-04-18",
            "displacement": -3.15,
            "coherence": 0.725
          },
          {
            "date": "2024-04-30",
            "displacement": -3.35,
            "coherence": 0.902
          },
          {
            "date": "2024-05-12",
            "displacement": -3.9,
            "coherence": 0.826
          },
          {
            "date": "2024-05-24",
            "displacement": -4.16,
            "coherence": 0.681
          },
          {
            "date": "2024-06-05",
            "displacement": -4.04,
            "coherence": 0.696
          },
          {
            "date": "2024-06-17",
            "displacement": -3.89,
            "coherence": 0.767
          },
          {
            "date": "2024-06-29",
            "displacement": -4.17,
            "coherence": 0.928
          },
          {
            "date": "2024-07-11",
            "displacement": -4.13,
            "coherence": 0.94
          },
          {
            "date": "2024-07-23",
            "displacement": -3.71,
            "coherence": 0.689
          },
          {
            "date": "2024-08-04",
            "displacement": -3.7,
            "coherence": 0.947
          },
          {
            "date": "2024-08-16",
            "displacement": -3.88,
            "coherence": 0.72
          }
        ],
        "statistics": {
          "mean_displacement": -2.35,
          "std_displacement": 1.8,
          "max_displacement": 0.36,
          "min_displacement": -4.17
        }
      }
    },
    {
      "type": "Feature",
      "geometry": {
        "type": "Point",
        "coordinates": [
          127.04098,
          37.462604
        ]
      },
      "properties": {
        "point_id": "P123",
        "index": 123,
        "velocity": -13.42,
        "timeseries": [
          {
            "date": "2024-01-01",
            "displacement": 0.27,
            "coherence": 0.74
          },
          {
            "date": "2024-01-13",
            "displacement": 0.09,
            "coherence": 0.93
          },
          {
            "date": "2024-01-25",
            "displacement": 0.58,
            "coherence": 0.775
          },
          {
            "date": "2024-02-06",
            "displacement": -0.15,
            "coherence": 0.752
          },
          {
            "date": "2024-02-18",
            "displacement": -0.45,
            "coherence": 0.786
          },
          {
            "date": "2024-03-01",
            "displacement": -1.22,
            "coherence": 0.949
          },
          {
            "date": "2024-03-13",
            "displacement": -1.83,
            "coherence": 0.629
          },
          {
            "date": "2024-03-25",
            "displacement": -3.33,
            "coherence": 0.687
          },
          {
            "date": "2024-04-06",
            "displacement": -3.85,
            "coherence": 0.913
          },
          {
            "date": "2024-04-18",
            "displacement": -3.75,
            "coherence": 0.638
          },
          {
            "date": "2024-04-30",
            "displacement": -3.72,
            "coherence": 0.609
          },
          {
            "date": "2024-05-12",
            "displacement": -3.91,
            "coherence": 0.601
          },
          {
            "date": "2024-05-24",
            "displacement": -4.32,
            "coherence": 0.642
          },
          {
            "date": "2024-06-05",
            "displacement": -5.44,
            "coherence": 0.871
          },
          {
            "date": "2024-06-17",
            "displacement": -7.1,
            "coherence": 0.651
          },
          {
            "date": "2024-06-29",
            "displacement": -7.81,
            "coherence": 0.862
          },
          {
            "date": "2024-07-11",
            "displacement": -9.08,
            "coherence": 0.789
          },
          {
            "date": "2024-07-23",
            "displacement": -9.53,
            "coherence": 0.905
          },
          {
            "date": "2024-08-04",
            "displacement": -10.19,
            "coherence": 0.71
          },
          {
            "date": "2024-08-16",
            "displacement": -9.93,
            "coherence": 0.898
          }
        ],
        "statistics": {
          "mean_displacement": -4.23,
          "std_displacement": 3.55,
          "max_displacement": 0.58,
          "min_displacement": -10.19
        }
      }
    },
    {
      "type": "Feature",
      "geometry": {
        "type": "Point",
        "coordinates": [
          127.010177,
          37.41297
        ]
      },
      "properties": {
        "point_id": "P124",
        "index": 124,
        "velocity": -11.2,
        "timeseries": [
          {
            "date": "2024-01-01",
            "displacement": -0.62,
            "coherence": 0.614
          },
          {
            "date": "2024-01-13",
            "displacement": -1.28,
            "coherence": 0.893
          },
          {
            "date": "2024-01-25",
            "displacement": -2.04,
            "coherence": 0.621
          },
          {
            "date": "2024-02-06",
            "displacement": -2.08,
            "coherence": 0.62
          },
          {
            "date": "2024-02-18",
            "displacement": -2.25,
            "coherence": 0.749
          },
          {
            "date": "2024-03-01",
            "displacement": -2.64,
            "coherence": 0.824
          },
          {
            "date": "2024-03-13",
            "displacement": -3.15,
            "coherence": 0.703
          },
          {
            "date": "2024-03-25",
            "displacement": -4.12,
            "coherence": 0.879
          },
          {
            "date": "2024-04-06",
            "displacement": -4.35,
            "coherence": 0.64
          },
          {
            "date": "2024-04-18",
            "displacement": -4.71,
            "coherence": 0.67
          },
          {
            "date": "2024-04-30",
            "displacement": -4.85,
            "coherence": 0.662
          },
          {
            "date": "2024-05-12",
            "displacement": -5.52,
            "coherence": 0.808
          },
          {
            "date": "2024-05-24",
            "displacement": -5.9,
            "coherence": 0.935
          },
          {
            "date": "2024-06-05",
            "displacement": -6.55,
            "coherence": 0.694
          },
          {
            "date": "2024-06-17",
            "displacement": -7.57,
            "coherence": 0.94
          },
          {
            "date": "2024-06-29",
            "displacement": -7.68,
            "coherence": 0.871
          },
          {
            "date": "2024-07-11",
            "displacement": -8.15,
            "coherence": 0.771
          },
          {
            "date": "2024-07-23",
            "displacement": -8.67,
            "coherence": 0.699
          },
          {
            "date": "2024-08-04",
            "displacement": -9.73,
            "coherence": 0.821
          },
          {
            "date": "2024-08-16",
            "displacement": -9.56,
            "coherence": 0.621
          }
        ],
        "statistics": {
          "mean_displacement": -5.07,
          "std_displacement": 2.76,
          "max_displacement": -0.62,
          "min_displacement": -9.73
        }
      }
    },
    {
      "type": "Feature",
      "geometry": {
        "type": "Point",
        "coordinates": [
          127.017531,
          37.41071
        ]
      },
      "properties": {
        "point_id": "P125",
        "index": 125,
        "velocity": -8.47,
        "timeseries": [
          {
            "date": "2024-01-01",
            "displacement": -0.37,
            "coherence": 0.746
          },
          {
            "date": "2024-01-13",
            "displacement": -0.61,
            "coherence": 0.685
          },
          {
            "date": "2024-01-25",
            "displacement": 0.28,
            "coherence": 0.629
          },
          {
            "date": "2024-02-06",
            "displacement": 0.6,
            "coherence": 0.74
          },
          {
            "date": "2024-02-18",
            "displacement": 0.35,
            "coherence": 0.824
          },
          {
            "date": "2024-03-01",
            "displacement": 0.81,
            "coherence": 0.896
          },
          {
            "date": "2024-03-13",
            "displacement": 0.28,
            "coherence": 0.948
          },
          {
            "date": "2024-03-25",
            "displacement": 0.02,
            "coherence": 0.653
          },
          {
            "date": "2024-04-06",
            "displacement": -1.02,
            "coherence": 0.816
          },
          {
            "date": "2024-04-18",
            "displacement": -1.51,
            "coherence": 0.669
          },
          {
            "date": "2024-04-30",
            "displacement": -2.36,
            "coherence": 0.767
          },
          {
            "date": "2024-05-12",
            "displacement": -2.85,
            "coherence": 0.767
          },
          {
            "date": "2024-05-24",
            "displacement": -3.26,
            "coherence": 0.768
          },
          {
            "date": "2024-06-05",
            "displacement": -3.06,
            "coherence": 0.798
          },
          {
            "date": "2024-06-17",
            "displacement": -4.68,
            "coherence": 0.709
          },
          {
            "date": "2024-06-29",
            "displacement": -5.01,
            "coherence": 0.655
          },
          {
            "date": "2024-07-11",
            "displacement": -5.1,
            "coherence": 0.711
          },
          {
            "date": "2024-07-23",
            "displacement": -5.67,
            "coherence": 0.804
          },
          {
            "date": "2024-08-04",
            "displacement": -6.6,
            "coherence": 0.907
          },
          {
            "date": "2024-08-16",
            "displacement": -5.85,
            "coherence": 0.754
          }
        ],
        "statistics": {
          "mean_displacement": -2.28,
          "std_displacement": 2.43,
          "max_displacement": 0.81,
          "min_displacement": -6.6
        }
      }
    },
    {
      "type": "Feature",
      "geometry": {
        "type": "Point",
        "coordinates": [
          127.025898,
          37.555827
        ]
      },
      "properties": {
        "point_id": "P126",
        "index": 126,
        "velocity": -3.99,
        "timeseries": [
          {
            "date": "2024-01-01",
            "displacement": -0.1,
            "coherence": 0.902
          },
          {
            "date": "2024-01-13",
            "displacement": -0.02,
            "coherence": 0.898
          },
          {
            "date": "2024-01-25",
            "displacement": -0.11,
            "coherence": 0.68
          },
          {
            "date": "2024-02-06",
            "displacement": -1.08,
            "coherence": 0.724
          },
          {
            "date": "2024-02-18",
            "displacement": -1.37,
            "coherence": 0.605
          },
          {
            "date": "2024-03-01",
            "displacement": -1.69,
            "coherence": 0.678
          },
          {
            "date": "2024-03-13",
            "displacement": -1.92,
            "coherence": 0.628
          },
          {
            "date": "2024-03-25",
            "displacement": -1.2,
            "coherence": 0.702
          },
          {
            "date": "2024-04-06",
            "displacement": -1.16,
            "coherence": 0.605
          },
          {
            "date": "2024-04-18",
            "displacement": -1.37,
            "coherence": 0.813
          },
          {
            "date": "2024-04-30",
            "displacement": -1.66,
            "coherence": 0.715
          },
          {
            "date": "2024-05-12",
            "displacement": -1.28,
            "coherence": 0.634
          },
          {
            "date": "2024-05-24",
            "displacement": -0.97,
            "coherence": 0.772
          },
          {
            "date": "2024-06-05",
            "displacement": -0.89,
            "coherence": 0.739
          },
          {
            "date": "2024-06-17",
            "displacement": -0.57,
            "coherence": 0.818
          },
          {
            "date": "2024-06-29",
            "displacement": -0.84,
            "coherence": 0.655
          },
          {
            "date": "2024-07-11",
            "displacement": -0.99,
            "coherence": 0.741
          },
          {
            "date": "2024-07-23",
            "displacement": -1.63,
            "coherence": 0.77
          },
          {
            "date": "2024-08-04",
            "displacement": -1.18,
            "coherence": 0.775
          },
          {
            "date": "2024-08-16",
            "displacement": -1.82,
            "coherence": 0.918
          }
        ],
        "statistics": {
          "mean_displacement": -1.09,
          "std_displacement": 0.54,
          "max_displacement": -0.02,
          "min_displacement": -1.92
        }
      }
    },
    {
      "type": "Feature",
      "geometry": {
        "type": "Point",
        "coordinates": [
          126.918942,
          37.560371
        ]
      },
      "properties": {
        "point_id": "P127",
        "index": 127,
        "velocity": -3.79,
        "timeseries": [
          {
            "date": "2024-01-01",
            "displacement": 0.01,
            "coherence": 0.868
          },
          {
            "date": "2024-01-13",
            "displacement": -0.55,
            "coherence": 0.849
          },
          {
            "date": "2024-01-25",
            "displacement": -0.49,
            "coherence": 0.884
          },
          {
            "date": "2024-02-06",
            "displacement": -1.35,
            "coherence": 0.865
          },
          {
            "date": "2024-02-18",
            "displacement": -2.51,
            "coherence": 0.853
          },
          {
            "date": "2024-03-01",
            "displacement": -3.37,
            "coherence": 0.835
          },
          {
            "date": "2024-03-13",
            "displacement": -3.41,
            "coherence": 0.906
          },
          {
            "date": "2024-03-25",
            "displacement": -4.04,
            "coherence": 0.667
          },
          {
            "date": "2024-04-06",
            "displacement": -3.71,
            "coherence": 0.673
          },
          {
            "date": "2024-04-18",
            "displacement": -4.45,
            "coherence": 0.805
          },
          {
            "date": "2024-04-30",
            "displacement": -4.04,
            "coherence": 0.713
          },
          {
            "date": "2024-05-12",
            "displacement": -4.13,
            "coherence": 0.609
          },
          {
            "date": "2024-05-24",
            "displacement": -3.68,
            "coherence": 0.68
          },
          {
            "date": "2024-06-05",
            "displacement": -3.7,
            "coherence": 0.646
          },
          {
            "date": "2024-06-17",
            "displacement": -4.53,
            "coherence": 0.702
          },
          {
            "date": "2024-06-29",
            "displacement": -5.43,
            "coherence": 0.925
          },
          {
            "date": "2024-07-11",
            "displacement": -6.72,
            "coherence": 0.669
          },
          {
            "date": "2024-07-23",
            "displacement": -6.5,
            "coherence": 0.791
          },
          {
            "date": "2024-08-04",
            "displacement": -6.98,
            "coherence": 0.722
          },
          {
            "date": "2024-08-16",
            "displacement": -7.25,
            "coherence": 0.806
          }
        ],
        "statistics": {
          "mean_displacement": -3.84,
          "std_displacement": 2.07,
          "max_displacement": 0.01,
          "min_displacement": -7.25
        }
      }
    },
    {
      "type": "Feature",
      "geometry": {
        "type": "Point",
        "coordinates": [
          127.081028,
          37.464666
        ]
      },
      "properties": {
        "point_id": "P128",
        "index": 128,
        "velocity": -0.6,
        "timeseries": [
          {
            "date": "2024-01-01",
            "displacement": -0.31,
            "coherence": 0.602
          },
          {
            "date": "2024-01-13",
            "displacement": 0.55,
            "coherence": 0.695
          },
          {
            "date": "2024-01-25",
            "displacement": 1.11,
            "coherence": 0.946
          },
          {
            "date": "2024-02-06",
            "displacement": 1.29,
            "coherence": 0.639
          },
          {
            "date": "2024-02-18",
            "displacement": 1.7,
            "coherence": 0.8
          },
          {
            "date": "2024-03-01",
            "displacement": 2.03,
            "coherence": 0.728
          },
          {
            "date": "2024-03-13",
            "displacement": 2.07,
            "coherence": 0.703
          },
          {
            "date": "2024-03-25",
            "displacement": 2.42,
            "coherence": 0.697
          },
          {
            "date": "2024-04-06",
            "displacement": 2.4,
            "coherence": 0.786
          },
          {
            "date": "2024-04-18",
            "displacement": 2.23,
            "coherence": 0.647
          },
          {
            "date": "2024-04-30",
            "displacement": 2.31,
            "coherence": 0.88
          },
          {
            "date": "2024-05-12",
            "displacement": 2.48,
            "coherence": 0.7
          },
          {
            "date": "2024-05-24",
            "displacement": 1.35,
            "coherence": 0.765
          },
          {
            "date": "2024-06-05",
            "displacement": 0.75,
            "coherence": 0.824
          },
          {
            "date": "2024-06-17",
            "displacement": 0.44,
            "coherence": 0.824
          },
          {
            "date": "2024-06-29",
            "displacement": 0.19,
            "coherence": 0.77
          },
          {
            "date": "2024-07-11",
            "displacement": 0.01,
            "coherence": 0.683
          },
          {
            "date": "2024-07-23",
            "displacement": -0.07,
            "coherence": 0.769
          },
          {
            "date": "2024-08-04",
            "displacement": 0.07,
            "coherence": 0.735
          },
          {
            "date": "2024-08-16",
            "displacement": -0.51,
            "coherence": 0.927
          }
        ],
        "statistics": {
          "mean_displacement": 1.13,
          "std_displacement": 1.01,
          "max_displacement": 2.48,
          "min_displacement": -0.51
        }
      }
    },
    {
      "type": "Feature",
      "geometry": {
        "type": "Point",
        "coordinates": [
          127.058154,
          37.574005
        ]
      },
      "properties": {
        "point_id": "P129",
        "index": 129,
        "velocity": -5.82,
        "timeseries": [
          {
            "date": "2024-01-01",
            "displacement": -0.74,
            "coherence": 0.943
          },
          {
            "date": "2024-01-13",
            "displacement": -1.38,
            "coherence": 0.89
          },
          {
            "date": "2024-01-25",
            "displacement": -1.45,
            "coherence": 0.93
          },
          {
            "date": "2024-02-06",
            "displacement": -0.83,
            "coherence": 0.768
          },
          {
            "date": "2024-02-18",
            "displacement": -0.54,
            "coherence": 0.759
          },
          {
            "date": "2024-03-01",
            "displacement": -1.25,
            "coherence": 0.851
          },
          {
            "date": "2024-03-13",
            "displacement": -1.43,
            "coherence": 0.692
          },
          {
            "date": "2024-03-25",
            "displacement": -1.36,
            "coherence": 0.674
          },
          {
            "date": "2024-04-06",
            "displacement": -1.21,
            "coherence": 0.686
          },
          {
            "date": "2024-04-18",
            "displacement": -1.41,
            "coherence": 0.634
          },
          {
            "date": "2024-04-30",
            "displacement": -1.85,
            "coherence": 0.842
          },
          {
            "date": "2024-05-12",
            "displacement": -1.87,
            "coherence": 0.882
          },
          {
            "date": "2024-05-24",
            "displacement": -1.81,
            "coherence": 0.622
          },
          {
            "date": "2024-06-05",
            "displacement": -2.56,
            "coherence": 0.811
          },
          {
            "date": "2024-06-17",
            "displacement": -2.46,
            "coherence": 0.749
          },
          {
            "date": "2024-06-29",
            "displacement": -2.58,
            "coherence": 0.782
          },
          {
            "date": "2024-07-11",
            "displacement": -2.48,
            "coherence": 0.875
          },
          {
            "date": "2024-07-23",
            "displacement": -3.54,
            "coherence": 0.725
          },
          {
            "date": "2024-08-04",
            "displacement": -3.86,
            "coherence": 0.702
          },
          {
            "date": "2024-08-16",
            "displacement": -3.98,
            "coherence": 0.733
          }
        ],
        "statistics": {
          "mean_displacement": -1.93,
          "std_displacement": 0.97,
          "max_displacement": -0.54,
          "min_displacement": -3.98
        }
      }
    },
    {
      "type": "Feature",
      "geometry": {
        "type": "Point",
        "coordinates": [
          126.901401,
          37.450608
        ]
      },
      "properties": {
        "point_id": "P130",
        "index": 130,
        "velocity": -2.63,
        "timeseries": [
          {
            "date": "2024-01-01",
            "displacement": -0.13,
            "coherence": 0.627
          },
          {
            "date": "2024-01-13",
            "displacement": -0.57,
            "coherence": 0.889
          },
          {
            "date": "2024-01-25",
            "displacement": -0.14,
            "coherence": 0.778
          },
          {
            "date": "2024-02-06",
            "displacement": 0.66,
            "coherence": 0.826
          },
          {
            "date": "2024-02-18",
            "displacement": 1.04,
            "coherence": 0.835
          },
          {
            "date": "2024-03-01",
            "displacement": 1.02,
            "coherence": 0.761
          },
          {
            "date": "2024-03-13",
            "displacement": 0.74,
            "coherence": 0.752
          },
          {
            "date": "2024-03-25",
            "displacement": 1.05,
            "coherence": 0.67
          },
          {
            "date": "2024-04-06",
            "displacement": 1.0,
            "coherence": 0.833
          },
          {
            "date": "2024-04-18",
            "displacement": 1.0,
            "coherence": 0.722
          },
          {
            "date": "2024-04-30",
            "displacement": -0.08,
            "coherence": 0.763
          },
          {
            "date": "2024-05-12",
            "displacement": -0.18,
            "coherence": 0.946
          },
          {
            "date": "2024-05-24",
            "displacement": 0.53,
            "coherence": 0.778
          },
          {
            "date": "2024-06-05",
            "displacement": 0.68,
            "coherence": 0.928
          },
          {
            "date": "2024-06-17",
            "displacement": -0.12,
            "coherence": 0.866
          },
          {
            "date": "2024-06-29",
            "displacement": -0.36,
            "coherence": 0.842
          },
          {
            "date": "2024-07-11",
            "displacement": 0.2,
            "coherence": 0.646
          },
          {
            "date": "2024-07-23",
            "displacement": -0.71,
            "coherence": 0.737
          },
          {
            "date": "2024-08-04",
            "displacement": -0.38,
            "coherence": 0.608
          },
          {
            "date": "2024-08-16",
            "displacement": -0.25,
            "coherence": 0.895
          }
        ],
        "statistics": {
          "mean_displacement": 0.25,
          "std_displacement": 0.59,
          "max_displacement": 1.05,
          "min_displacement": -0.71
        }
      }
    },
    {
      "type": "Feature",
      "geometry": {
        "type": "Point",
        "coordinates": [
          126.99789,
          37.491861
        ]
      },
      "properties": {
        "point_id": "P131",
        "index": 131,
        "velocity": -6.85,
        "timeseries": [
          {
            "date": "2024-01-01",
            "displacement": -0.8,
            "coherence": 0.833
          },
          {
            "date": "2024-01-13",
            "displacement": -0.43,
            "coherence": 0.75
          },
          {
            "date": "2024-01-25",
            "displacement": -0.1,
            "coherence": 0.834
          },
          {
            "date": "2024-02-06",
            "displacement": -0.86,
            "coherence": 0.837
          },
          {
            "date": "2024-02-18",
            "displacement": -1.39,
            "coherence": 0.608
          },
          {
            "date": "2024-03-01",
            "displacement": -0.95,
            "coherence": 0.765
          },
          {
            "date": "2024-03-13",
            "displacement": -1.11,
            "coherence": 0.601
          },
          {
            "date": "2024-03-25",
            "displacement": -1.14,
            "coherence": 0.723
          },
          {
            "date": "2024-04-06",
            "displacement": -1.3,
            "coherence": 0.912
          },
          {
            "date": "2024-04-18",
            "displacement": -1.09,
            "coherence": 0.878
          },
          {
            "date": "2024-04-30",
            "displacement": -0.96,
            "coherence": 0.711
          },
          {
            "date": "2024-05-12",
            "displacement": -0.66,
            "coherence": 0.813
          },
          {
            "date": "2024-05-24",
            "displacement": -0.54,
            "coherence": 0.943
          },
          {
            "date": "2024-06-05",
            "displacement": -0.84,
            "coherence": 0.609
          },
          {
            "date": "2024-06-17",
            "displacement": -1.18,
            "coherence": 0.674
          },
          {
            "date": "2024-06-29",
            "displacement": -1.78,
            "coherence": 0.633
          },
          {
            "date": "2024-07-11",
            "displacement": -1.44,
            "coherence": 0.659
          },
          {
            "date": "2024-07-23",
            "displacement": -2.46,
            "coherence": 0.662
          },
          {
            "date": "2024-08-04",
            "displacement": -2.48,
            "coherence": 0.736
          },
          {
            "date": "2024-08-16",
            "displacement": -2.75,
            "coherence": 0.653
          }
        ],
        "statistics": {
          "mean_displacement": -1.21,
          "std_displacement": 0.68,
          "max_displacement": -0.1,
          "min_displacement": -2.75
        }
      }
    },
    {
      "type": "Feature",
      "geometry": {
        "type": "Point",
        "coordinates": [
          126.995719,
          37.512963
        ]
      },
      "properties": {
        "point_id": "P132",
        "index": 132,
        "velocity": -8.15,
        "timeseries": [
          {
            "date": "2024-01-01",
            "displacement": -0.82,
            "coherence": 0.687
          },
          {
            "date": "2024-01-13",
            "displacement": -1.96,
            "coherence": 0.773
          },
          {
            "date": "2024-01-25",
            "displacement": -1.03,
            "coherence": 0.739
          },
          {
            "date": "2024-02-06",
            "displacement": -0.93,
            "coherence": 0.643
          },
          {
            "date": "2024-02-18",
            "displacement": -1.5,
            "coherence": 0.705
          },
          {
            "date": "2024-03-01",
            "displacement": -1.9,
            "coherence": 0.799
          },
          {
            "date": "2024-03-13",
            "displacement": -2.4,
            "coherence": 0.732
          },
          {
            "date": "2024-03-25",
            "displacement": -2.37,
            "coherence": 0.674
          },
          {
            "date": "2024-04-06",
            "displacement": -2.98,
            "coherence": 0.609
          },
          {
            "date": "2024-04-18",
            "displacement": -4.2,
            "coherence": 0.672
          },
          {
            "date": "2024-04-30",
            "displacement": -4.53,
            "coherence": 0.949
          },
          {
            "date": "2024-05-12",
            "displacement": -5.87,
            "coherence": 0.849
          },
          {
            "date": "2024-05-24",
            "displacement": -6.31,
            "coherence": 0.877
          },
          {
            "date": "2024-06-05",
            "displacement": -6.14,
            "coherence": 0.65
          },
          {
            "date": "2024-06-17",
            "displacement": -6.1,
            "coherence": 0.854
          },
          {
            "date": "2024-06-29",
            "displacement": -5.87,
            "coherence": 0.725
          },
          {
            "date": "2024-07-11",
            "displacement": -6.11,
            "coherence": 0.926
          },
          {
            "date": "2024-07-23",
            "displacement": -6.87,
            "coherence": 0.863
          },
          {
            "date": "2024-08-04",
            "displacement": -7.4,
            "coherence": 0.831
          },
          {
            "date": "2024-08-16",
            "displacement": -8.2,
            "coherence": 0.91
          }
        ],
        "statistics": {
          "mean_displacement": -4.17,
          "std_displacement": 2.37,
          "max_displacement": -0.82,
          "min_displacement": -8.2
        }
      }
    },
    {
      "type": "Feature",
      "geometry": {
        "type": "Point",
        "coordinates": [
          126.936373,
          37.46898
        ]
      },
      "properties": {
        "point_id": "P133",
        "index": 133,
        "velocity": -3.11,
        "timeseries": [
          {
            "date": "2024-01-01",
            "displacement": -1.23,
            "coherence": 0.947
          },
          {
            "date": "2024-01-13",
            "displacement": -1.02,
            "coherence": 0.844
          },
          {
            "date": "2024-01-25",
            "displacement": -0.64,
            "coherence": 0.739
          },
          {
            "date": "2024-02-06",
            "displacement": -2.12,
            "coherence": 0.922
          },
          {
            "date": "2024-02-18",
            "displacement": -2.49,
            "coherence": 0.746
          },
          {
            "date": "2024-03-01",
            "displacement": -3.33,
            "coherence": 0.676
          },
          {
            "date": "2024-03-13",
            "displacement": -2.69,
            "coherence": 0.945
          },
          {
            "date": "2024-03-25",
            "displacement": -1.72,
            "coherence": 0.794
          },
          {
            "date": "2024-04-06",
            "displacement": -2.16,
            "coherence": 0.946
          },
          {
            "date": "2024-04-18",
            "displacement": -2.44,
            "coherence": 0.829
          },
          {
            "date": "2024-04-30",
            "displacement": -2.64,
            "coherence": 0.654
          },
          {
            "date": "2024-05-12",
            "displacement": -2.17,
            "coherence": 0.7
          },
          {
            "date": "2024-05-24",
            "displacement": -2.6,
            "coherence": 0.873
          },
          {
            "date": "2024-06-05",
            "displacement": -3.53,
            "coherence": 0.649
          },
          {
            "date": "2024-06-17",
            "displacement": -3.01,
            "coherence": 0.668
          },
          {
            "date": "2024-06-29",
            "displacement": -3.19,
            "coherence": 0.657
          },
          {
            "date": "2024-07-11",
            "displacement": -3.18,
            "coherence": 0.681
          },
          {
            "date": "2024-07-23",
            "displacement": -2.6,
            "coherence": 0.907
          },
          {
            "date": "2024-08-04",
            "displacement": -3.32,
            "coherence": 0.879
          },
          {
            "date": "2024-08-16",
            "displacement": -3.04,
            "coherence": 0.752
          }
        ],
        "statistics": {
          "mean_displacement": -2.46,
          "std_displacement": 0.78,
          "max_displacement": -0.64,
          "min_displacement": -3.53
        }
      }
    },
    {
      "type": "Feature",
      "geometry": {
        "type": "Point",
        "coordinates": [
          127.038367,
          37.491749
        ]
      },
      "properties": {
        "point_id": "P134",
        "index": 134,
        "velocity": 3.29,
        "timeseries": [
          {
            "date": "2024-01-01",
            "displacement": 0.59,
            "coherence": 0.865
          },
          {
            "date": "2024-01-13",
            "displacement": 0.54,
            "coherence": 0.636
          },
          {
            "date": "2024-01-25",
            "displacement": 1.04,
            "coherence": 0.84
          },
          {
            "date": "2024-02-06",
            "displacement": 1.09,
            "coherence": 0.642
          },
          {
            "date": "2024-02-18",
            "displacement": 0.97,
            "coherence": 0.659
          },
          {
            "date": "2024-03-01",
            "displacement": 1.11,
            "coherence": 0.825
          },
          {
            "date": "2024-03-13",
            "displacement": 1.91,
            "coherence": 0.868
          },
          {
            "date": "2024-03-25",
            "displacement": 3.2,
            "coherence": 0.764
          },
          {
            "date": "2024-04-06",
            "displacement": 2.64,
            "coherence": 0.65
          },
          {
            "date": "2024-04-18",
            "displacement": 3.31,
            "coherence": 0.645
          },
          {
            "date": "2024-04-30",
            "displacement": 4.39,
            "coherence": 0.693
          },
          {
            "date": "2024-05-12",
            "displacement": 4.47,
            "coherence": 0.633
          },
          {
            "date": "2024-05-24",
            "displacement": 4.72,
            "coherence": 0.731
          },
          {
            "date": "2024-06-05",
            "displacement": 5.62,
            "coherence": 0.682
          },
          {
            "date": "2024-06-17",
            "displacement": 6.58,
            "coherence": 0.878
          },
          {
            "date": "2024-06-29",
            "displacement": 6.64,
            "coherence": 0.844
          },
          {
            "date": "2024-07-11",
            "displacement": 6.74,
            "coherence": 0.622
          },
          {
            "date": "2024-07-23",
            "displacement": 6.68,
            "coherence": 0.752
          },
          {
            "date": "2024-08-04",
            "displacement": 6.47,
            "coherence": 0.853
          },
          {
            "date": "2024-08-16",
            "displacement": 7.09,
            "coherence": 0.662
          }
        ],
        "statistics": {
          "mean_displacement": 3.79,
          "std_displacement": 2.37,
          "max_displacement": 7.09,
          "min_displacement": 0.54
        }
      }
    },
    {
      "type": "Feature",
      "geometry": {
        "type": "Point",
        "coordinates": [
          127.043391,
          37.424643
        ]
      },
      "properties": {
        "point_id": "P135",
        "index": 135,
        "velocity": -3.41,
        "timeseries": [
          {
            "date": "2024-01-01",
            "displacement": 0.33,
            "coherence": 0.712
          },
          {
            "date": "2024-01-13",
            "displacement": 0.51,
            "coherence": 0.854
          },
          {
            "date": "2024-01-25",
            "displacement": 0.73,
            "coherence": 0.885
          },
          {
            "date": "2024-02-06",
            "displacement": 0.86,
            "coherence": 0.785
          },
          {
            "date": "2024-02-18",
            "displacement": 1.86,
            "coherence": 0.683
          },
          {
            "date": "2024-03-01",
            "displacement": 2.08,
            "coherence": 0.736
          },
          {
            "date": "2024-03-13",
            "displacement": 2.42,
            "coherence": 0.711
          },
          {
            "date": "2024-03-25",
            "displacement": 2.54,
            "coherence": 0.697
          },
          {
            "date": "2024-04-06",
            "displacement": 1.97,
            "coherence": 0.718
          },
          {
            "date": "2024-04-18",
            "displacement": 2.12,
            "coherence": 0.828
          },
          {
            "date": "2024-04-30",
            "displacement": 1.79,
            "coherence": 0.86
          },
          {
            "date": "2024-05-12",
            "displacement": 2.16,
            "coherence": 0.773
          },
          {
            "date": "2024-05-24",
            "displacement": 0.54,
            "coherence": 0.929
          },
          {
            "date": "2024-06-05",
            "displacement": 0.6,
            "coherence": 0.691
          },
          {
            "date": "2024-06-17",
            "displacement": 0.79,
            "coherence": 0.648
          },
          {
            "date": "2024-06-29",
            "displacement": 0.1,
            "coherence": 0.774
          },
          {
            "date": "2024-07-11",
            "displacement": -0.77,
            "coherence": 0.894
          },
          {
            "date": "2024-07-23",
            "displacement": -0.93,
            "coherence": 0.85
          },
          {
            "date": "2024-08-04",
            "displacement": -0.36,
            "coherence": 0.65
          },
          {
            "date": "2024-08-16",
            "displacement": 0.35,
            "coherence": 0.824
          }
        ],
        "statistics": {
          "mean_displacement": 0.98,
          "std_displacement": 1.04,
          "max_displacement": 2.54,
          "min_displacement": -0.93
        }
      }
    },
    {
      "type": "Feature",
      "geometry": {
        "type": "Point",
        "coordinates": [
          126.985881,
          37.586055
        ]
      },
      "properties": {
        "point_id": "P136",
        "index": 136,
        "velocity": -7.53,
        "timeseries": [
          {
            "date": "2024-01-01",
            "displacement": 0.53,
            "coherence": 0.822
          },
          {
            "date": "2024-01-13",
            "displacement": 0.39,
            "coherence": 0.681
          },
          {
            "date": "2024-01-25",
            "displacement": -0.06,
            "coherence": 0.912
          },
          {
            "date": "2024-02-06",
            "displacement": -0.3,
            "coherence": 0.803
          },
          {
            "date": "2024-02-18",
            "displacement": -0.19,
            "coherence": 0.803
          },
          {
            "date": "2024-03-01",
            "displacement": 0.39,
            "coherence": 0.875
          },
          {
            "date": "2024-03-13",
            "displacement": -0.31,
            "coherence": 0.645
          },
          {
            "date": "2024-03-25",
            "displacement": -0.2,
            "coherence": 0.813
          },
          {
            "date": "2024-04-06",
            "displacement": -0.2,
            "coherence": 0.793
          },
          {
            "date": "2024-04-18",
            "displacement": -0.54,
            "coherence": 0.88
          },
          {
            "date": "2024-04-30",
            "displacement": -1.66,
            "coherence": 0.865
          },
          {
            "date": "2024-05-12",
            "displacement": -2.31,
            "coherence": 0.898
          },
          {
            "date": "2024-05-24",
            "displacement": -2.5,
            "coherence": 0.64
          },
          {
            "date": "2024-06-05",
            "displacement": -2.75,
            "coherence": 0.666
          },
          {
            "date": "2024-06-17",
            "displacement": -2.49,
            "coherence": 0.885
          },
          {
            "date": "2024-06-29",
            "displacement": -3.42,
            "coherence": 0.705
          },
          {
            "date": "2024-07-11",
            "displacement": -3.83,
            "coherence": 0.678
          },
          {
            "date": "2024-07-23",
            "displacement": -4.45,
            "coherence": 0.926
          },
          {
            "date": "2024-08-04",
            "displacement": -4.12,
            "coherence": 0.722
          },
          {
            "date": "2024-08-16",
            "displacement": -4.3,
            "coherence": 0.89
          }
        ],
        "statistics": {
          "mean_displacement": -1.62,
          "std_displacement": 1.71,
          "max_displacement": 0.53,
          "min_displacement": -4.45
        }
      }
    },
    {
      "type": "Feature",
      "geometry": {
        "type": "Point",
        "coordinates": [
          127.000511,
          37.437693
        ]
      },
      "properties": {
        "point_id": "P137",
        "index": 137,
        "velocity": 1.13,
        "timeseries": [
          {
            "date": "2024-01-01",
            "displacement": 0.41,
            "coherence": 0.739
          },
          {
            "date": "2024-01-13",
            "displacement": 0.25,
            "coherence": 0.732
          },
          {
            "date": "2024-01-25",
            "displacement": -0.67,
            "coherence": 0.82
          },
          {
            "date": "2024-02-06",
            "displacement": 0.32,
            "coherence": 0.821
          },
          {
            "date": "2024-02-18",
            "displacement": 0.37,
            "coherence": 0.724
          },
          {
            "date": "2024-03-01",
            "displacement": -0.53,
            "coherence": 0.615
          },
          {
            "date": "2024-03-13",
            "displacement": -0.77,
            "coherence": 0.672
          },
          {
            "date": "2024-03-25",
            "displacement": -0.92,
            "coherence": 0.717
          },
          {
            "date": "2024-04-06",
            "displacement": -1.26,
            "coherence": 0.865
          },
          {
            "date": "2024-04-18",
            "displacement": -1.63,
            "coherence": 0.887
          },
          {
            "date": "2024-04-30",
            "displacement": -2.18,
            "coherence": 0.93
          },
          {
            "date": "2024-05-12",
            "displacement": -2.15,
            "coherence": 0.675
          },
          {
            "date": "2024-05-24",
            "displacement": -1.24,
            "coherence": 0.804
          },
          {
            "date": "2024-06-05",
            "displacement": -1.82,
            "coherence": 0.813
          },
          {
            "date": "2024-06-17",
            "displacement": -2.61,
            "coherence": 0.64
          },
          {
            "date": "2024-06-29",
            "displacement": -1.98,
            "coherence": 0.674
          },
          {
            "date": "2024-07-11",
            "displacement": -1.77,
            "coherence": 0.619
          },
          {
            "date": "2024-07-23",
            "displacement": -1.95,
            "coherence": 0.798
          },
          {
            "date": "2024-08-04",
            "displacement": -1.95,
            "coherence": 0.708
          },
          {
            "date": "2024-08-16",
            "displacement": -1.16,
            "coherence": 0.828
          }
        ],
        "statistics": {
          "mean_displacement": -1.16,
          "std_displacement": 0.92,
          "max_displacement": 0.41,
          "min_displacement": -2.61
        }
      }
    },
    {
      "type": "Feature",
      "geometry": {
        "type": "Point",
        "coordinates": [
          126.919829,
          37.407044
        ]
      },
      "properties": {
        "point_id": "P138",
        "index": 138,
        "velocity": -5.14,
        "timeseries": [
          {
            "date": "2024-01-01",
            "displacement": -0.34,
            "coherence": 0.899
          },
          {
            "date": "2024-01-13",
            "displacement": -1.3,
            "coherence": 0.753
          },
          {
            "date": "2024-01-25",
            "displacement": -2.22,
            "coherence": 0.735
          },
          {
            "date": "2024-02-06",
            "displacement": -1.94,
            "coherence": 0.868
          },
          {
            "date": "2024-02-18",
            "displacement": -2.97,
            "coherence": 0.945
          },
          {
            "date": "2024-03-01",
            "displacement": -2.77,
            "coherence": 0.863
          },
          {
            "date": "2024-03-13",
            "displacement": -3.4,
            "coherence": 0.736
          },
          {
            "date": "2024-03-25",
            "displacement": -3.89,
            "coherence": 0.723
          },
          {
            "date": "2024-04-06",
            "displacement": -3.56,
            "coherence": 0.695
          },
          {
            "date": "2024-04-18",
            "displacement": -2.93,
            "coherence": 0.725
          },
          {
            "date": "2024-04-30",
            "displacement": -2.61,
            "coherence": 0.703
          },
          {
            "date": "2024-05-12",
            "displacement": -3.1,
            "coherence": 0.85
          },
          {
            "date": "2024-05-24",
            "displacement": -2.85,
            "coherence": 0.604
          },
          {
            "date": "2024-06-05",
            "displacement": -2.83,
            "coherence": 0.822
          },
          {
            "date": "2024-06-17",
            "displacement": -3.79,
            "coherence": 0.634
          },
          {
            "date": "2024-06-29",
            "displacement": -3.29,
            "coherence": 0.718
          },
          {
            "date": "2024-07-11",
            "displacement": -3.68,
            "coherence": 0.853
          },
          {
            "date": "2024-07-23",
            "displacement": -3.87,
            "coherence": 0.859
          },
          {
            "date": "2024-08-04",
            "displacement": -4.35,
            "coherence": 0.932
          },
          {
            "date": "2024-08-16",
            "displacement": -4.98,
            "coherence": 0.618
          }
        ],
        "statistics": {
          "mean_displacement": -3.03,
          "std_displacement": 1.02,
          "max_displacement": -0.34,
          "min_displacement": -4.98
        }
      }
    },
    {
      "type": "Feature",
      "geometry": {
        "type": "Point",
        "coordinates": [
          126.973782,
          37.431232
        ]
      },
      "properties": {
        "point_id": "P139",
        "index": 139,
        "velocity": -10.73,
        "timeseries": [
          {
            "date": "2024-01-01",
            "displacement": -0.49,
            "coherence": 0.62
          },
          {
            "date": "2024-01-13",
            "displacement": -1.79,
            "coherence": 0.716
          },
          {
            "date": "2024-01-25",
            "displacement": -2.04,
            "coherence": 0.703
          },
          {
            "date": "2024-02-06",
            "displacement": -3.14,
            "coherence": 0.728
          },
          {
            "date": "2024-02-18",
            "displacement": -3.17,
            "coherence": 0.947
          },
          {
            "date": "2024-03-01",
            "displacement": -3.56,
            "coherence": 0.682
          },
          {
            "date": "2024-03-13",
            "displacement": -3.14,
            "coherence": 0.904
          },
          {
            "date": "2024-03-25",
            "displacement": -3.49,
            "coherence": 0.915
          },
          {
            "date": "2024-04-06",
            "displacement": -4.91,
            "coherence": 0.89
          },
          {
            "date": "2024-04-18",
            "displacement": -5.49,
            "coherence": 0.833
          },
          {
            "date": "2024-04-30",
            "displacement": -5.46,
            "coherence": 0.67
          },
          {
            "date": "2024-05-12",
            "displacement": -5.54,
            "coherence": 0.667
          },
          {
            "date": "2024-05-24",
            "displacement": -5.65,
            "coherence": 0.605
          },
          {
            "date": "2024-06-05",
            "displacement": -5.91,
            "coherence": 0.831
          },
          {
            "date": "2024-06-17",
            "displacement": -6.23,
            "coherence": 0.927
          },
          {
            "date": "2024-06-29",
            "displacement": -7.19,
            "coherence": 0.727
          },
          {
            "date": "2024-07-11",
            "displacement": -8.11,
            "coherence": 0.779
          },
          {
            "date": "2024-07-23",
            "displacement": -8.43,
            "coherence": 0.797
          },
          {
            "date": "2024-08-04",
            "displacement": -9.97,
            "coherence": 0.715
          },
          {
            "date": "2024-08-16",
            "displacement": -10.91,
            "coherence": 0.744
          }
        ],
        "statistics": {
          "mean_displacement": -5.23,
          "std_displacement": 2.67,
          "max_displacement": -0.49,
          "min_displacement": -10.91
        }
      }
    },
    {
      "type": "Feature",
      "geometry": {
        "type": "Point",
        "coordinates": [
          126.937165,
          37.438678
        ]
      },
      "properties": {
        "point_id": "P140",
        "index": 140,
        "velocity": -4.47,
        "timeseries": [
          {
            "date": "2024-01-01",
            "displacement": 0.14,
            "coherence": 0.778
          },
          {
            "date": "2024-01-13",
            "displacement": -0.45,
            "coherence": 0.768
          },
          {
            "date": "2024-01-25",
            "displacement": -0.51,
            "coherence": 0.796
          },
          {
            "date": "2024-02-06",
            "displacement": -1.51,
            "coherence": 0.916
          },
          {
            "date": "2024-02-18",
            "displacement": -1.55,
            "coherence": 0.68
          },
          {
            "date": "2024-03-01",
            "displacement": -2.22,
            "coherence": 0.865
          },
          {
            "date": "2024-03-13",
            "displacement": -1.76,
            "coherence": 0.943
          },
          {
            "date": "2024-03-25",
            "displacement": -2.37,
            "coherence": 0.692
          },
          {
            "date": "2024-04-06",
            "displacement": -3.36,
            "coherence": 0.748
          },
          {
            "date": "2024-04-18",
            "displacement": -3.53,
            "coherence": 0.825
          },
          {
            "date": "2024-04-30",
            "displacement": -4.45,
            "coherence": 0.679
          },
          {
            "date": "2024-05-12",
            "displacement": -5.73,
            "coherence": 0.677
          },
          {
            "date": "2024-05-24",
            "displacement": -5.83,
            "coherence": 0.788
          },
          {
            "date": "2024-06-05",
            "displacement": -6.34,
            "coherence": 0.613
          },
          {
            "date": "2024-06-17",
            "displacement": -5.74,
            "coherence": 0.887
          },
          {
            "date": "2024-06-29",
            "displacement": -5.91,
            "coherence": 0.835
          },
          {
            "date": "2024-07-11",
            "displacement": -6.13,
            "coherence": 0.645
          },
          {
            "date": "2024-07-23",
            "displacement": -6.04,
            "coherence": 0.766
          },
          {
            "date": "2024-08-04",
            "displacement": -5.99,
            "coherence": 0.873
          },
          {
            "date": "2024-08-16",
            "displacement": -6.55,
            "coherence": 0.649
          }
        ],
        "statistics": {
          "mean_displacement": -3.79,
          "std_displacement": 2.26,
          "max_displacement": 0.14,
          "min_displacement": -6.55
        }
      }
    },
    {
      "type": "Feature",
      "geometry": {
        "type": "Point",
        "coordinates": [
          126.953332,
          37.577166
        ]
      },
      "properties": {
        "point_id": "P141",
        "index": 141,
        "velocity": 5.43,
        "timeseries": [
          {
            "date": "2024-01-01",
            "displacement": 0.14,
            "coherence": 0.873
          },
          {
            "date": "2024-01-13",
            "displacement": 0.84,
            "coherence": 0.761
          },
          {
            "date": "2024-01-25",
            "displacement": 1.02,
            "coherence": 0.842
          },
          {
            "date": "2024-02-06",
            "displacement": 1.05,
            "coherence": 0.768
          },
          {
            "date": "2024-02-18",
            "displacement": 1.77,
            "coherence": 0.816
          },
          {
            "date": "2024-03-01",
            "displacement": 1.74,
            "coherence": 0.759
          },
          {
            "date": "2024-03-13",
            "displacement": 1.53,
            "coherence": 0.771
          },
          {
            "date": "2024-03-25",
            "displacement": 0.95,
            "coherence": 0.914
          },
          {
            "date": "2024-04-06",
            "displacement": 0.67,
            "coherence": 0.703
          },
          {
            "date": "2024-04-18",
            "displacement": -0.04,
            "coherence": 0.941
          },
          {
            "date": "2024-04-30",
            "displacement": 0.88,
            "coherence": 0.675
          },
          {
            "date": "2024-05-12",
            "displacement": 1.47,
            "coherence": 0.897
          },
          {
            "date": "2024-05-24",
            "displacement": 0.96,
            "coherence": 0.608
          },
          {
            "date": "2024-06-05",
            "displacement": 1.17,
            "coherence": 0.698
          },
          {
            "date": "2024-06-17",
            "displacement": 1.39,
            "coherence": 0.905
          },
          {
            "date": "2024-06-29",
            "displacement": 2.13,
            "coherence": 0.761
          },
          {
            "date": "2024-07-11",
            "displacement": 2.05,
            "coherence": 0.653
          },
          {
            "date": "2024-07-23",
            "displacement": 3.04,
            "coherence": 0.879
          },
          {
            "date": "2024-08-04",
            "displacement": 2.36,
            "coherence": 0.675
          },
          {
            "date": "2024-08-16",
            "displacement": 3.51,
            "coherence": 0.696
          }
        ],
        "statistics": {
          "mean_displacement": 1.43,
          "std_displacement": 0.86,
          "max_displacement": 3.51,
          "min_displacement": -0.04
        }
      }
    },
    {
      "type": "Feature",
      "geometry": {
        "type": "Point",
        "coordinates": [
          127.031918,
          37.420969
        ]
      },
      "properties": {
        "point_id": "P142",
        "index": 142,
        "velocity": -7.13,
        "timeseries": [
          {
            "date": "2024-01-01",
            "displacement": 0.11,
            "coherence": 0.834
          },
          {
            "date": "2024-01-13",
            "displacement": -0.65,
            "coherence": 0.629
          },
          {
            "date": "2024-01-25",
            "displacement": -1.08,
            "coherence": 0.728
          },
          {
            "date": "2024-02-06",
            "displacement": -1.23,
            "coherence": 0.657
          },
          {
            "date": "2024-02-18",
            "displacement": -1.29,
            "coherence": 0.889
          },
          {
            "date": "2024-03-01",
            "displacement": -2.44,
            "coherence": 0.747
          },
          {
            "date": "2024-03-13",
            "displacement": -2.65,
            "coherence": 0.837
          },
          {
            "date": "2024-03-25",
            "displacement": -3.05,
            "coherence": 0.764
          },
          {
            "date": "2024-04-06",
            "displacement": -4.19,
            "coherence": 0.748
          },
          {
            "date": "2024-04-18",
            "displacement": -4.76,
            "coherence": 0.738
          },
          {
            "date": "2024-04-30",
            "displacement": -5.2,
            "coherence": 0.714
          },
          {
            "date": "2024-05-12",
            "displacement": -4.68,
            "coherence": 0.767
          },
          {
            "date": "2024-05-24",
            "displacement": -5.11,
            "coherence": 0.634
          },
          {
            "date": "2024-06-05",
            "displacement": -4.65,
            "coherence": 0.614
          },
          {
            "date": "2024-06-17",
            "displacement": -5.12,
            "coherence": 0.711
          },
          {
            "date": "2024-06-29",
            "displacement": -4.52,
            "coherence": 0.62
          },
          {
            "date": "2024-07-11",
            "displacement": -3.64,
            "coherence": 0.694
          },
          {
            "date": "2024-07-23",
            "displacement": -4.9,
            "coherence": 0.878
          },
          {
            "date": "2024-08-04",
            "displacement": -5.3,
            "coherence": 0.877
          },
          {
            "date": "2024-08-16",
            "displacement": -5.55,
            "coherence": 0.717
          }
        ],
        "statistics": {
          "mean_displacement": -3.5,
          "std_displacement": 1.77,
          "max_displacement": 0.11,
          "min_displacement": -5.55
        }
      }
    },
    {
      "type": "Feature",
      "geometry": {
        "type": "Point",
        "coordinates": [
          127.061424,
          37.414579
        ]
      },
      "properties": {
        "point_id": "P143",
        "index": 143,
        "velocity": -3.82,
        "timeseries": [
          {
            "date": "2024-01-01",
            "displacement": -0.26,
            "coherence": 0.734
          },
          {
            "date": "2024-01-13",
            "displacement": 0.96,
            "coherence": 0.882
          },
          {
            "date": "2024-01-25",
            "displacement": -0.19,
            "coherence": 0.82
          },
          {
            "date": "2024-02-06",
            "displacement": -0.05,
            "coherence": 0.639
          },
          {
            "date": "2024-02-18",
            "displacement": 0.26,
            "coherence": 0.928
          },
          {
            "date": "2024-03-01",
            "displacement": 0.58,
            "coherence": 0.631
          },
          {
            "date": "2024-03-13",
            "displacement": 0.14,
            "coherence": 0.64
          },
          {
            "date": "2024-03-25",
            "displacement": 0.02,
            "coherence": 0.853
          },
          {
            "date": "2024-04-06",
            "displacement": 0.65,
            "coherence": 0.664
          },
          {
            "date": "2024-04-18",
            "displacement": 0.8,
            "coherence": 0.786
          },
          {
            "date": "2024-04-30",
            "displacement": 0.51,
            "coherence": 0.721
          },
          {
            "date": "2024-05-12",
            "displacement": -0.18,
            "coherence": 0.797
          },
          {
            "date": "2024-05-24",
            "displacement": -0.12,
            "coherence": 0.811
          },
          {
            "date": "2024-06-05",
            "displacement": -0.25,
            "coherence": 0.651
          },
          {
            "date": "2024-06-17",
            "displacement": -0.92,
            "coherence": 0.782
          },
          {
            "date": "2024-06-29",
            "displacement": -1.1,
            "coherence": 0.722
          },
          {
            "date": "2024-07-11",
            "displacement": -1.22,
            "coherence": 0.773
          },
          {
            "date": "2024-07-23",
            "displacement": -1.83,
            "coherence": 0.948
          },
          {
            "date": "2024-08-04",
            "displacement": -0.85,
            "coherence": 0.807
          },
          {
            "date": "2024-08-16",
            "displacement": -1.11,
            "coherence": 0.684
          }
        ],
        "statistics": {
          "mean_displacement": -0.21,
          "std_displacement": 0.74,
          "max_displacement": 0.96,
          "min_displacement": -1.83
        }
      }
    },
    {
      "type": "Feature",
      "geometry": {
        "type": "Point",
        "coordinates": [
          127.040318,
          37.520689
        ]
      },
      "properties": {
        "point_id": "P144",
        "index": 144,
        "velocity": -12.2,
        "timeseries": [
          {
            "date": "2024-01-01",
            "displacement": -0.65,
            "coherence": 0.907
          },
          {
            "date": "2024-01-13",
            "displacement": -0.0,
            "coherence": 0.626
          },
          {
            "date": "2024-01-25",
            "displacement": -0.13,
            "coherence": 0.602
          },
          {
            "date": "2024-02-06",
            "displacement": -0.2,
            "coherence": 0.756
          },
          {
            "date": "2024-02-18",
            "displacement": -0.6,
            "coherence": 0.609
          },
          {
            "date": "2024-03-01",
            "displacement": 0.02,
            "coherence": 0.849
          },
          {
            "date": "2024-03-13",
            "displacement": -0.59,
            "coherence": 0.694
          },
          {
            "date": "2024-03-25",
            "displacement": -2.05,
            "coherence": 0.603
          },
          {
            "date": "2024-04-06",
            "displacement": -3.28,
            "coherence": 0.913
          },
          {
            "date": "2024-04-18",
            "displacement": -4.86,
            "coherence": 0.915
          },
          {
            "date": "2024-04-30",
            "displacement": -4.86,
            "coherence": 0.852
          },
          {
            "date": "2024-05-12",
            "displacement": -4.7,
            "coherence": 0.906
          },
          {
            "date": "2024-05-24",
            "displacement": -4.24,
            "coherence": 0.908
          },
          {
            "date": "2024-06-05",
            "displacement": -4.75,
            "coherence": 0.704
          },
          {
            "date": "2024-06-17",
            "displacement": -5.52,
            "coherence": 0.64
          },
          {
            "date": "2024-06-29",
            "displacement": -5.73,
            "coherence": 0.94
          },
          {
            "date": "2024-07-11",
            "displacement": -6.26,
            "coherence": 0.828
          },
          {
            "date": "2024-07-23",
            "displacement": -6.42,
            "coherence": 0.893
          },
          {
            "date": "2024-08-04",
            "displacement": -6.77,
            "coherence": 0.889
          },
          {
            "date": "2024-08-16",
            "displacement": -7.78,
            "coherence": 0.826
          }
        ],
        "statistics": {
          "mean_displacement": -3.47,
          "std_displacement": 2.6,
          "max_displacement": 0.02,
          "min_displacement": -7.78
        }
      }
    },
    {
      "type": "Feature",
      "geometry": {
        "type": "Point",
        "coordinates": [
          127.07303,
          37.409145
        ]
      },
      "properties": {
        "point_id": "P145",
        "index": 145,
        "velocity": -5.65,
        "timeseries": [
          {
            "date": "2024-01-01",
            "displacement": 0.2,
            "coherence": 0.66
          },
          {
            "date": "2024-01-13",
            "displacement": 1.27,
            "coherence": 0.822
          },
          {
            "date": "2024-01-25",
            "displacement": 1.8,
            "coherence": 0.908
          },
          {
            "date": "2024-02-06",
            "displacement": 1.42,
            "coherence": 0.683
          },
          {
            "date": "2024-02-18",
            "displacement": 1.33,
            "coherence": 0.841
          },
          {
            "date": "2024-03-01",
            "displacement": 2.0,
            "coherence": 0.819
          },
          {
            "date": "2024-03-13",
            "displacement": 2.54,
            "coherence": 0.894
          },
          {
            "date": "2024-03-25",
            "displacement": 2.5,
            "coherence": 0.632
          },
          {
            "date": "2024-04-06",
            "displacement": 2.09,
            "coherence": 0.799
          },
          {
            "date": "2024-04-18",
            "displacement": 2.57,
            "coherence": 0.767
          },
          {
            "date": "2024-04-30",
            "displacement": 2.43,
            "coherence": 0.94
          },
          {
            "date": "2024-05-12",
            "displacement": 2.45,
            "coherence": 0.632
          },
          {
            "date": "2024-05-24",
            "displacement": 1.96,
            "coherence": 0.919
          },
          {
            "date": "2024-06-05",
            "displacement": 2.51,
            "coherence": 0.692
          },
          {
            "date": "2024-06-17",
            "displacement": 1.97,
            "coherence": 0.692
          },
          {
            "date": "2024-06-29",
            "displacement": 2.3,
            "coherence": 0.942
          },
          {
            "date": "2024-07-11",
            "displacement": 2.36,
            "coherence": 0.828
          },
          {
            "date": "2024-07-23",
            "displacement": 2.6,
            "coherence": 0.67
          },
          {
            "date": "2024-08-04",
            "displacement": 1.84,
            "coherence": 0.811
          },
          {
            "date": "2024-08-16",
            "displacement": 2.48,
            "coherence": 0.642
          }
        ],
        "statistics": {
          "mean_displacement": 2.03,
          "std_displacement": 0.59,
          "max_displacement": 2.6,
          "min_displacement": 0.2
        }
      }
    },
    {
      "type": "Feature",
      "geometry": {
        "type": "Point",
        "coordinates": [
          126.975104,
          37.561904
        ]
      },
      "properties": {
        "point_id": "P146",
        "index": 146,
        "velocity": -5.6,
        "timeseries": [
          {
            "date": "2024-01-01",
            "displacement": 0.07,
            "coherence": 0.93
          },
          {
            "date": "2024-01-13",
            "displacement": -0.74,
            "coherence": 0.876
          },
          {
            "date": "2024-01-25",
            "displacement": -0.63,
            "coherence": 0.72
          },
          {
            "date": "2024-02-06",
            "displacement": -1.02,
            "coherence": 0.768
          },
          {
            "date": "2024-02-18",
            "displacement": -1.8,
            "coherence": 0.837
          },
          {
            "date": "2024-03-01",
            "displacement": -0.88,
            "coherence": 0.876
          },
          {
            "date": "2024-03-13",
            "displacement": -1.01,
            "coherence": 0.727
          },
          {
            "date": "2024-03-25",
            "displacement": 0.04,
            "coherence": 0.843
          },
          {
            "date": "2024-04-06",
            "displacement": 0.99,
            "coherence": 0.765
          },
          {
            "date": "2024-04-18",
            "displacement": 1.14,
            "coherence": 0.655
          },
          {
            "date": "2024-04-30",
            "displacement": 0.5,
            "coherence": 0.666
          },
          {
            "date": "2024-05-12",
            "displacement": -0.49,
            "coherence": 0.67
          },
          {
            "date": "2024-05-24",
            "displacement": -1.02,
            "coherence": 0.931
          },
          {
            "date": "2024-06-05",
            "displacement": -0.91,
            "coherence": 0.799
          },
          {
            "date": "2024-06-17",
            "displacement": -1.46,
            "coherence": 0.645
          },
          {
            "date": "2024-06-29",
            "displacement": -1.46,
            "coherence": 0.853
          },
          {
            "date": "2024-07-11",
            "displacement": -0.67,
            "coherence": 0.805
          },
          {
            "date": "2024-07-23",
            "displacement": -1.32,
            "coherence": 0.674
          },
          {
            "date": "2024-08-04",
            "displacement": -1.93,
            "coherence": 0.739
          },
          {
            "date": "2024-08-16",
            "displacement": -1.27,
            "coherence": 0.666
          }
        ],
        "statistics": {
          "mean_displacement": -0.69,
          "std_displacement": 0.83,
          "max_displacement": 1.14,
          "min_displacement": -1.93
        }
      }
    },
    {
      "type": "Feature",
      "geometry": {
        "type": "Point",
        "coordinates": [
          127.05169,
          37.520206
        ]
      },
      "properties": {
        "point_id": "P147",
        "index": 147,
        "velocity": 0.72,
        "timeseries": [
          {
            "date": "2024-01-01",
            "displacement": 0.49,
            "coherence": 0.919
          },
          {
            "date": "2024-01-13",
            "displacement": 1.04,
            "coherence": 0.736
          },
          {
            "date": "2024-01-25",
            "displacement": 0.78,
            "coherence": 0.807
          },
          {
            "date": "2024-02-06",
            "displacement": 0.17,
            "coherence": 0.627
          },
          {
            "date": "2024-02-18",
            "displacement": -0.05,
            "coherence": 0.69
          },
          {
            "date": "2024-03-01",
            "displacement": 0.03,
            "coherence": 0.724
          },
          {
            "date": "2024-03-13",
            "displacement": 0.41,
            "coherence": 0.761
          },
          {
            "date": "2024-03-25",
            "displacement": 1.09,
            "coherence": 0.89
          },
          {
            "date": "2024-04-06",
            "displacement": 0.47,
            "coherence": 0.764
          },
          {
            "date": "2024-04-18",
            "displacement": 0.52,
            "coherence": 0.749
          },
          {
            "date": "2024-04-30",
            "displacement": 0.13,
            "coherence": 0.876
          },
          {
            "date": "2024-05-12",
            "displacement": 0.76,
            "coherence": 0.685
          },
          {
            "date": "2024-05-24",
            "displacement": 1.6,
            "coherence": 0.649
          },
          {
            "date": "2024-06-05",
            "displacement": 1.21,
            "coherence": 0.749
          },
          {
            "date": "2024-06-17",
            "displacement": 0.73,
            "coherence": 0.709
          },
          {
            "date": "2024-06-29",
            "displacement": 0.1,
            "coherence": 0.934
          },
          {
            "date": "2024-07-11",
            "displacement": -0.4,
            "coherence": 0.839
          },
          {
            "date": "2024-07-23",
            "displacement": -0.79,
            "coherence": 0.719
          },
          {
            "date": "2024-08-04",
            "displacement": -0.33,
            "coherence": 0.705
          },
          {
            "date": "2024-08-16",
            "displacement": -0.32,
            "coherence": 0.66
          }
        ],
        "statistics": {
          "mean_displacement": 0.38,
          "std_displacement": 0.59,
          "max_displacement": 1.6,
          "min_displacement": -0.79
        }
      }
    },
    {
      "type": "Feature",
      "geometry": {
        "type": "Point",
        "coordinates": [
          126.93587,
          37.488076
        ]
      },
      "properties": {
        "point_id": "P148",
        "index": 148,
        "velocity": -2.92,
        "timeseries": [
          {
            "date": "2024-01-01",
            "displacement": -0.2,
            "coherence": 0.729
          },
          {
            "date": "2024-01-13",
            "displacement": 0.44,
            "coherence": 0.77
          },
          {
            "date": "2024-01-25",
            "displacement": -1.06,
            "coherence": 0.839
          },
          {
            "date": "2024-02-06",
            "displacement": -0.65,
            "coherence": 0.926
          },
          {
            "date": "2024-02-18",
            "displacement": -1.29,
            "coherence": 0.914
          },
          {
            "date": "2024-03-01",
            "displacement": -1.28,
            "coherence": 0.921
          },
          {
            "date": "2024-03-13",
            "displacement": -0.64,
            "coherence": 0.74
          },
          {
            "date": "2024-03-25",
            "displacement": -1.4,
            "coherence": 0.793
          },
          {
            "date": "2024-04-06",
            "displacement": -1.16,
            "coherence": 0.879
          },
          {
            "date": "2024-04-18",
            "displacement": -1.25,
            "coherence": 0.775
          },
          {
            "date": "2024-04-30",
            "displacement": -1.86,
            "coherence": 0.902
          },
          {
            "date": "2024-05-12",
            "displacement": -2.74,
            "coherence": 0.834
          },
          {
            "date": "2024-05-24",
            "displacement": -2.67,
            "coherence": 0.942
          },
          {
            "date": "2024-06-05",
            "displacement": -2.9,
            "coherence": 0.61
          },
          {
            "date": "2024-06-17",
            "displacement": -2.82,
            "coherence": 0.646
          },
          {
            "date": "2024-06-29",
            "displacement": -3.14,
            "coherence": 0.933
          },
          {
            "date": "2024-07-11",
            "displacement": -3.5,
            "coherence": 0.733
          },
          {
            "date": "2024-07-23",
            "displacement": -3.3,
            "coherence": 0.761
          },
          {
            "date": "2024-08-04",
            "displacement": -3.96,
            "coherence": 0.757
          },
          {
            "date": "2024-08-16",
            "displacement": -5.27,
            "coherence": 0.773
          }
        ],
        "statistics": {
          "mean_displacement": -2.03,
          "std_displacement": 1.39,
          "max_displacement": 0.44,
          "min_displacement": -5.27
        }
      }
    },
    {
      "type": "Feature",
      "geometry": {
        "type": "Point",
        "coordinates": [
          126.917951,
          37.48514
        ]
      },
      "properties": {
        "point_id": "P149",
        "index": 149,
        "velocity": -8.16,
        "timeseries": [
          {
            "date": "2024-01-01",
            "displacement": -0.12,
            "coherence": 0.685
          },
          {
            "date": "2024-01-13",
            "displacement": -0.06,
            "coherence": 0.914
          },
          {
            "date": "2024-01-25",
            "displacement": -0.03,
            "coherence": 0.753
          },
          {
            "date": "2024-02-06",
            "displacement": -0.03,
            "coherence": 0.656
          },
          {
            "date": "2024-02-18",
            "displacement": -0.34,
            "coherence": 0.862
          },
          {
            "date": "2024-03-01",
            "displacement": -0.41,
            "coherence": 0.911
          },
          {
            "date": "2024-03-13",
            "displacement": -0.93,
            "coherence": 0.817
          },
          {
            "date": "2024-03-25",
            "displacement": -0.4,
            "coherence": 0.934
          },
          {
            "date": "2024-04-06",
            "displacement": -1.33,
            "coherence": 0.606
          },
          {
            "date": "2024-04-18",
            "displacement": -1.36,
            "coherence": 0.876
          },
          {
            "date": "2024-04-30",
            "displacement": -0.85,
            "coherence": 0.698
          },
          {
            "date": "2024-05-12",
            "displacement": -0.84,
            "coherence": 0.801
          },
          {
            "date": "2024-05-24",
            "displacement": -0.89,
            "coherence": 0.779
          },
          {
            "date": "2024-06-05",
            "displacement": -1.72,
            "coherence": 0.802
          },
          {
            "date": "2024-06-17",
            "displacement": -1.82,
            "coherence": 0.814
          },
          {
            "date": "2024-06-29",
            "displacement": -0.85,
            "coherence": 0.646
          },
          {
            "date": "2024-07-11",
            "displacement": -1.06,
            "coherence": 0.943
          },
          {
            "date": "2024-07-23",
            "displacement": -1.6,
            "coherence": 0.947
          },
          {
            "date": "2024-08-04",
            "displacement": -1.74,
            "coherence": 0.733
          },
          {
            "date": "2024-08-16",
            "displacement": -1.81,
            "coherence": 0.731
          }
        ],
        "statistics": {
          "mean_displacement": -0.91,
          "std_displacement": 0.62,
          "max_displacement": -0.03,
          "min_displacement": -1.82
        }
      }
    },
    {
      "type": "Feature",
      "geometry": {
        "type": "Point",
        "coordinates": [
          127.021213,
          37.495264
        ]
      },
      "properties": {
        "point_id": "P150",
        "index": 150,
        "velocity": -0.18,
        "timeseries": [
          {
            "date": "2024-01-01",
            "displacement": 0.57,
            "coherence": 0.606
          },
          {
            "date": "2024-01-13",
            "displacement": 0.47,
            "coherence": 0.676
          },
          {
            "date": "2024-01-25",
            "displacement": 0.86,
            "coherence": 0.935
          },
          {
            "date": "2024-02-06",
            "displacement": 0.78,
            "coherence": 0.718
          },
          {
            "date": "2024-02-18",
            "displacement": 1.28,
            "coherence": 0.877
          },
          {
            "date": "2024-03-01",
            "displacement": 0.35,
            "coherence": 0.809
          },
          {
            "date": "2024-03-13",
            "displacement": -0.21,
            "coherence": 0.918
          },
          {
            "date": "2024-03-25",
            "displacement": 0.61,
            "coherence": 0.832
          },
          {
            "date": "2024-04-06",
            "displacement": 1.53,
            "coherence": 0.932
          },
          {
            "date": "2024-04-18",
            "displacement": 1.07,
            "coherence": 0.701
          },
          {
            "date": "2024-04-30",
            "displacement": 1.12,
            "coherence": 0.815
          },
          {
            "date": "2024-05-12",
            "displacement": 1.77,
            "coherence": 0.647
          },
          {
            "date": "2024-05-24",
            "displacement": 1.17,
            "coherence": 0.867
          },
          {
            "date": "2024-06-05",
            "displacement": 1.25,
            "coherence": 0.701
          },
          {
            "date": "2024-06-17",
            "displacement": 1.39,
            "coherence": 0.857
          },
          {
            "date": "2024-06-29",
            "displacement": 2.39,
            "coherence": 0.907
          },
          {
            "date": "2024-07-11",
            "displacement": 2.55,
            "coherence": 0.726
          },
          {
            "date": "2024-07-23",
            "displacement": 2.43,
            "coherence": 0.903
          },
          {
            "date": "2024-08-04",
            "displacement": 3.06,
            "coherence": 0.68
          },
          {
            "date": "2024-08-16",
            "displacement": 2.68,
            "coherence": 0.772
          }
        ],
        "statistics": {
          "mean_displacement": 1.36,
          "std_displacement": 0.86,
          "max_displacement": 3.06,
          "min_displacement": -0.21
        }
      }
    },
    {
      "type": "Feature",
      "geometry": {
        "type": "Point",
        "coordinates": [
          126.963759,
          37.578129
        ]
      },
      "properties": {
        "point_id": "P151",
        "index": 151,
        "velocity": 1.95,
        "timeseries": [
          {
            "date": "2024-01-01",
            "displacement": 0.18,
            "coherence": 0.616
          },
          {
            "date": "2024-01-13",
            "displacement": 0.35,
            "coherence": 0.825
          },
          {
            "date": "2024-01-25",
            "displacement": 0.22,
            "coherence": 0.876
          },
          {
            "date": "2024-02-06",
            "displacement": 0.36,
            "coherence": 0.613
          },
          {
            "date": "2024-02-18",
            "displacement": 0.74,
            "coherence": 0.833
          },
          {
            "date": "2024-03-01",
            "displacement": 0.86,
            "coherence": 0.851
          },
          {
            "date": "2024-03-13",
            "displacement": 0.72,
            "coherence": 0.638
          },
          {
            "date": "2024-03-25",
            "displacement": -0.64,
            "coherence": 0.807
          },
          {
            "date": "2024-04-06",
            "displacement": -0.84,
            "coherence": 0.654
          },
          {
            "date": "2024-04-18",
            "displacement": -0.79,
            "coherence": 0.768
          },
          {
            "date": "2024-04-30",
            "displacement": -0.96,
            "coherence": 0.9
          },
          {
            "date": "2024-05-12",
            "displacement": -0.91,
            "coherence": 0.678
          },
          {
            "date": "2024-05-24",
            "displacement": -1.55,
            "coherence": 0.774
          },
          {
            "date": "2024-06-05",
            "displacement": -1.75,
            "coherence": 0.794
          },
          {
            "date": "2024-06-17",
            "displacement": -1.9,
            "coherence": 0.669
          },
          {
            "date": "2024-06-29",
            "displacement": -1.57,
            "coherence": 0.666
          },
          {
            "date": "2024-07-11",
            "displacement": -1.4,
            "coherence": 0.934
          },
          {
            "date": "2024-07-23",
            "displacement": -1.76,
            "coherence": 0.614
          },
          {
            "date": "2024-08-04",
            "displacement": -1.66,
            "coherence": 0.731
          },
          {
            "date": "2024-08-16",
            "displacement": -1.43,
            "coherence": 0.845
          }
        ],
        "statistics": {
          "mean_displacement": -0.69,
          "std_displacement": 0.94,
          "max_displacement": 0.86,
          "min_displacement": -1.9
        }
      }
    },
    {
      "type": "Feature",
      "geometry": {
        "type": "Point",
        "coordinates": [
          127.065063,
          37.42726
        ]
      },
      "properties": {
        "point_id": "P152",
        "index": 152,
        "velocity": -4.62,
        "timeseries": [
          {
            "date": "2024-01-01",
            "displacement": -0.11,
            "coherence": 0.627
          },
          {
            "date": "2024-01-13",
            "displacement": 0.54,
            "coherence": 0.681
          },
          {
            "date": "2024-01-25",
            "displacement": 0.21,
            "coherence": 0.614
          },
          {
            "date": "2024-02-06",
            "displacement": 0.04,
            "coherence": 0.755
          },
          {
            "date": "2024-02-18",
            "displacement": 0.75,
            "coherence": 0.907
          },
          {
            "date": "2024-03-01",
            "displacement": -0.01,
            "coherence": 0.828
          },
          {
            "date": "2024-03-13",
            "displacement": 0.01,
            "coherence": 0.658
          },
          {
            "date": "2024-03-25",
            "displacement": 0.4,
            "coherence": 0.757
          },
          {
            "date": "2024-04-06",
            "displacement": 0.23,
            "coherence": 0.705
          },
          {
            "date": "2024-04-18",
            "displacement": 0.2,
            "coherence": 0.866
          },
          {
            "date": "2024-04-30",
            "displacement": 0.1,
            "coherence": 0.745
          },
          {
            "date": "2024-05-12",
            "displacement": -0.25,
            "coherence": 0.753
          },
          {
            "date": "2024-05-24",
            "displacement": -1.06,
            "coherence": 0.606
          },
          {
            "date": "2024-06-05",
            "displacement": -0.53,
            "coherence": 0.604
          },
          {
            "date": "2024-06-17",
            "displacement": -0.6,
            "coherence": 0.686
          },
          {
            "date": "2024-06-29",
            "displacement": -0.9,
            "coherence": 0.771
          },
          {
            "date": "2024-07-11",
            "displacement": -0.82,
            "coherence": 0.637
          },
          {
            "date": "2024-07-23",
            "displacement": -1.56,
            "coherence": 0.929
          },
          {
            "date": "2024-08-04",
            "displacement": -2.14,
            "coherence": 0.827
          },
          {
            "date": "2024-08-16",
            "displacement": -1.72,
            "coherence": 0.805
          }
        ],
        "statistics": {
          "mean_displacement": -0.36,
          "std_displacement": 0.77,
          "max_displacement": 0.75,
          "min_displacement": -2.14
        }
      }
    },
    {
      "type": "Feature",
      "geometry": {
        "type": "Point",
        "coordinates": [
          126.922448,
          37.404465
        ]
      },
      "properties": {
        "point_id": "P153",
        "index": 153,
        "velocity": -4.08,
        "timeseries": [
          {
            "date": "2024-01-01",
            "displacement": -0.94,
            "coherence": 0.611
          },
          {
            "date": "2024-01-13",
            "displacement": -0.45,
            "coherence": 0.711
          },
          {
            "date": "2024-01-25",
            "displacement": -0.63,
            "coherence": 0.868
          },
          {
            "date": "2024-02-06",
            "displacement": -0.65,
            "coherence": 0.737
          },
          {
            "date": "2024-02-18",
            "displacement": -1.09,
            "coherence": 0.777
          },
          {
            "date": "2024-03-01",
            "displacement": -1.06,
            "coherence": 0.647
          },
          {
            "date": "2024-03-13",
            "displacement": -0.83,
            "coherence": 0.923
          },
          {
            "date": "2024-03-25",
            "displacement": -0.94,
            "coherence": 0.629
          },
          {
            "date": "2024-04-06",
            "displacement": -1.3,
            "coherence": 0.819
          },
          {
            "date": "2024-04-18",
            "displacement": -1.23,
            "coherence": 0.692
          },
          {
            "date": "2024-04-30",
            "displacement": -1.74,
            "coherence": 0.758
          },
          {
            "date": "2024-05-12",
            "displacement": -1.7,
            "coherence": 0.91
          },
          {
            "date": "2024-05-24",
            "displacement": -1.86,
            "coherence": 0.687
          },
          {
            "date": "2024-06-05",
            "displacement": -2.74,
            "coherence": 0.766
          },
          {
            "date": "2024-06-17",
            "displacement": -3.42,
            "coherence": 0.825
          },
          {
            "date": "2024-06-29",
            "displacement": -3.37,
            "coherence": 0.648
          },
          {
            "date": "2024-07-11",
            "displacement": -3.62,
            "coherence": 0.66
          },
          {
            "date": "2024-07-23",
            "displacement": -2.88,
            "coherence": 0.874
          },
          {
            "date": "2024-08-04",
            "displacement": -3.26,
            "coherence": 0.809
          },
          {
            "date": "2024-08-16",
            "displacement": -3.34,
            "coherence": 0.639
          }
        ],
        "statistics": {
          "mean_displacement": -1.85,
          "std_displacement": 1.08,
          "max_displacement": -0.45,
          "min_displacement": -3.62
        }
      }
    },
    {
      "type": "Feature",
      "geometry": {
        "type": "Point",
        "coordinates": [
          126.950413,
          37.5195
        ]
      },
      "properties": {
        "point_id": "P154",
        "index": 154,
        "velocity": 13.58,
        "timeseries": [
          {
            "date": "2024-01-01",
            "displacement": 0.36,
            "coherence": 0.706
          },
          {
            "date": "2024-01-13",
            "displacement": 0.91,
            "coherence": 0.878
          },
          {
            "date": "2024-01-25",
            "displacement": 1.14,
            "coherence": 0.801
          },
          {
            "date": "2024-02-06",
            "displacement": 1.56,
            "coherence": 0.687
          },
          {
            "date": "2024-02-18",
            "displacement": 2.98,
            "coherence": 0.862
          },
          {
            "date": "2024-03-01",
            "displacement": 3.13,
            "coherence": 0.674
          },
          {
            "date": "2024-03-13",
            "displacement": 2.92,
            "coherence": 0.768
          },
          {
            "date": "2024-03-25",
            "displacement": 3.1,
            "coherence": 0.753
          },
          {
            "date": "2024-04-06",
            "displacement": 3.79,
            "coherence": 0.817
          },
          {
            "date": "2024-04-18",
            "displacement": 4.43,
            "coherence": 0.914
          },
          {
            "date": "2024-04-30",
            "displacement": 5.22,
            "coherence": 0.831
          },
          {
            "date": "2024-05-12",
            "displacement": 5.47,
            "coherence": 0.869
          },
          {
            "date": "2024-05-24",
            "displacement": 6.67,
            "coherence": 0.614
          },
          {
            "date": "2024-06-05",
            "displacement": 6.33,
            "coherence": 0.898
          },
          {
            "date": "2024-06-17",
            "displacement": 6.35,
            "coherence": 0.602
          },
          {
            "date": "2024-06-29",
            "displacement": 7.15,
            "coherence": 0.848
          },
          {
            "date": "2024-07-11",
            "displacement": 7.85,
            "coherence": 0.717
          },
          {
            "date": "2024-07-23",
            "displacement": 8.29,
            "coherence": 0.917
          },
          {
            "date": "2024-08-04",
            "displacement": 8.5,
            "coherence": 0.786
          },
          {
            "date": "2024-08-16",
            "displacement": 9.17,
            "coherence": 0.846
          }
        ],
        "statistics": {
          "mean_displacement": 4.77,
          "std_displacement": 2.66,
          "max_displacement": 9.17,
          "min_displacement": 0.36
        }
      }
    },
    {
      "type": "Feature",
      "geometry": {
        "type": "Point",
        "coordinates": [
          127.028788,
          37.565512
        ]
      },
      "properties": {
        "point_id": "P155",
        "index": 155,
        "velocity": 6.13,
        "timeseries": [
          {
            "date": "2024-01-01",
            "displacement": -0.31,
            "coherence": 0.863
          },
          {
            "date": "2024-01-13",
            "displacement": 0.34,
            "coherence": 0.837
          },
          {
            "date": "2024-01-25",
            "displacement": 1.01,
            "coherence": 0.746
          },
          {
            "date": "2024-02-06",
            "displacement": 0.5,
            "coherence": 0.618
          },
          {
            "date": "2024-02-18",
            "displacement": 0.42,
            "coherence": 0.714
          },
          {
            "date": "2024-03-01",
            "displacement": 0.68,
            "coherence": 0.866
          },
          {
            "date": "2024-03-13",
            "displacement": 0.97,
            "coherence": 0.609
          },
          {
            "date": "2024-03-25",
            "displacement": 1.77,
            "coherence": 0.911
          },
          {
            "date": "2024-04-06",
            "displacement": 2.05,
            "coherence": 0.757
          },
          {
            "date": "2024-04-18",
            "displacement": 1.6,
            "coherence": 0.608
          },
          {
            "date": "2024-04-30",
            "displacement": 2.73,
            "coherence": 0.825
          },
          {
            "date": "2024-05-12",
            "displacement": 2.95,
            "coherence": 0.843
          },
          {
            "date": "2024-05-24",
            "displacement": 2.72,
            "coherence": 0.706
          },
          {
            "date": "2024-06-05",
            "displacement": 3.23,
            "coherence": 0.851
          },
          {
            "date": "2024-06-17",
            "displacement": 3.42,
            "coherence": 0.604
          },
          {
            "date": "2024-06-29",
            "displacement": 4.38,
            "coherence": 0.831
          },
          {
            "date": "2024-07-11",
            "displacement": 4.46,
            "coherence": 0.941
          },
          {
            "date": "2024-07-23",
            "displacement": 4.69,
            "coherence": 0.711
          },
          {
            "date": "2024-08-04",
            "displacement": 5.23,
            "coherence": 0.871
          },
          {
            "date": "2024-08-16",
            "displacement": 6.31,
            "coherence": 0.779
          }
        ],
        "statistics": {
          "mean_displacement": 2.46,
          "std_displacement": 1.82,
          "max_displacement": 6.31,
          "min_displacement": -0.31
        }
      }
    },
    {
      "type": "Feature",
      "geometry": {
        "type": "Point",
        "coordinates": [
          126.958374,
          37.586378
        ]
      },
      "properties": {
        "point_id": "P156",
        "index": 156,
        "velocity": 0.11,
        "timeseries": [
          {
            "date": "2024-01-01",
            "displacement": -1.07,
            "coherence": 0.681
          },
          {
            "date": "2024-01-13",
            "displacement": -1.31,
            "coherence": 0.627
          },
          {
            "date": "2024-01-25",
            "displacement": -1.19,
            "coherence": 0.926
          },
          {
            "date": "2024-02-06",
            "displacement": -1.44,
            "coherence": 0.845
          },
          {
            "date": "2024-02-18",
            "displacement": -1.89,
            "coherence": 0.844
          },
          {
            "date": "2024-03-01",
            "displacement": -1.88,
            "coherence": 0.895
          },
          {
            "date": "2024-03-13",
            "displacement": -1.18,
            "coherence": 0.793
          },
          {
            "date": "2024-03-25",
            "displacement": -1.68,
            "coherence": 0.908
          },
          {
            "date": "2024-04-06",
            "displacement": -2.19,
            "coherence": 0.649
          },
          {
            "date": "2024-04-18",
            "displacement": -1.36,
            "coherence": 0.627
          },
          {
            "date": "2024-04-30",
            "displacement": -0.89,
            "coherence": 0.668
          },
          {
            "date": "2024-05-12",
            "displacement": -0.97,
            "coherence": 0.691
          },
          {
            "date": "2024-05-24",
            "displacement": -0.25,
            "coherence": 0.614
          },
          {
            "date": "2024-06-05",
            "displacement": -0.07,
            "coherence": 0.843
          },
          {
            "date": "2024-06-17",
            "displacement": 0.5,
            "coherence": 0.896
          },
          {
            "date": "2024-06-29",
            "displacement": 0.21,
            "coherence": 0.607
          },
          {
            "date": "2024-07-11",
            "displacement": 0.45,
            "coherence": 0.807
          },
          {
            "date": "2024-07-23",
            "displacement": 0.64,
            "coherence": 0.785
          },
          {
            "date": "2024-08-04",
            "displacement": 0.46,
            "coherence": 0.902
          },
          {
            "date": "2024-08-16",
            "displacement": -0.56,
            "coherence": 0.766
          }
        ],
        "statistics": {
          "mean_displacement": -0.78,
          "std_displacement": 0.87,
          "max_displacement": 0.64,
          "min_displacement": -2.19
        }
      }
    },
    {
      "type": "Feature",
      "geometry": {
        "type": "Point",
        "coordinates": [
          127.055786,
          37.478153
        ]
      },
      "properties": {
        "point_id": "P157",
        "index": 157,
        "velocity": -2.35,
        "timeseries": [
          {
            "date": "2024-01-01",
            "displacement": 0.06,
            "coherence": 0.722
          },
          {
            "date": "2024-01-13",
            "displacement": 0.15,
            "coherence": 0.804
          },
          {
            "date": "2024-01-25",
            "displacement": -0.76,
            "coherence": 0.904
          },
          {
            "date": "2024-02-06",
            "displacement": -1.03,
            "coherence": 0.664
          },
          {
            "date": "2024-02-18",
            "displacement": -0.99,
            "coherence": 0.608
          },
          {
            "date": "2024-03-01",
            "displacement": -1.44,
            "coherence": 0.869
          },
          {
            "date": "2024-03-13",
            "displacement": -1.78,
            "coherence": 0.826
          },
          {
            "date": "2024-03-25",
            "displacement": -2.0,
            "coherence": 0.754
          },
          {
            "date": "2024-04-06",
            "displacement": -2.2,
            "coherence": 0.936
          },
          {
            "date": "2024-04-18",
            "displacement": -2.31,
            "coherence": 0.869
          },
          {
            "date": "2024-04-30",
            "displacement": -3.38,
            "coherence": 0.614
          },
          {
            "date": "2024-05-12",
            "displacement": -3.11,
            "coherence": 0.931
          },
          {
            "date": "2024-05-24",
            "displacement": -4.01,
            "coherence": 0.868
          },
          {
            "date": "2024-06-05",
            "displacement": -4.16,
            "coherence": 0.621
          },
          {
            "date": "2024-06-17",
            "displacement": -3.88,
            "coherence": 0.922
          },
          {
            "date": "2024-06-29",
            "displacement": -4.6,
            "coherence": 0.672
          },
          {
            "date": "2024-07-11",
            "displacement": -5.1,
            "coherence": 0.909
          },
          {
            "date": "2024-07-23",
            "displacement": -4.83,
            "coherence": 0.831
          },
          {
            "date": "2024-08-04",
            "displacement": -4.45,
            "coherence": 0.865
          },
          {
            "date": "2024-08-16",
            "displacement": -4.63,
            "coherence": 0.63
          }
        ],
        "statistics": {
          "mean_displacement": -2.72,
          "std_displacement": 1.66,
          "max_displacement": 0.15,
          "min_displacement": -5.1
        }
      }
    },
    {
      "type": "Feature",
      "geometry": {
        "type": "Point",
        "coordinates": [
          127.005898,
          37.445728
        ]
      },
      "properties": {
        "point_id": "P158",
        "index": 158,
        "velocity": 0.93,
        "timeseries": [
          {
            "date": "2024-01-01",
            "displacement": -0.32,
            "coherence": 0.863
          },
          {
            "date": "2024-01-13",
            "displacement": 0.19,
            "coherence": 0.871
          },
          {
            "date": "2024-01-25",
            "displacement": -0.41,
            "coherence": 0.616
          },
          {
            "date": "2024-02-06",
            "displacement": 0.15,
            "coherence": 0.852
          },
          {
            "date": "2024-02-18",
            "displacement": -0.43,
            "coherence": 0.902
          },
          {
            "date": "2024-03-01",
            "displacement": -1.15,
            "coherence": 0.614
          },
          {
            "date": "2024-03-13",
            "displacement": -1.29,
            "coherence": 0.766
          },
          {
            "date": "2024-03-25",
            "displacement": -1.41,
            "coherence": 0.62
          },
          {
            "date": "2024-04-06",
            "displacement": -1.64,
            "coherence": 0.857
          },
          {
            "date": "2024-04-18",
            "displacement": -1.06,
            "coherence": 0.645
          },
          {
            "date": "2024-04-30",
            "displacement": -0.34,
            "coherence": 0.643
          },
          {
            "date": "2024-05-12",
            "displacement": -0.29,
            "coherence": 0.85
          },
          {
            "date": "2024-05-24",
            "displacement": -0.85,
            "coherence": 0.888
          },
          {
            "date": "2024-06-05",
            "displacement": -1.24,
            "coherence": 0.653
          },
          {
            "date": "2024-06-17",
            "displacement": -2.11,
            "coherence": 0.863
          },
          {
            "date": "2024-06-29",
            "displacement": -2.11,
            "coherence": 0.765
          },
          {
            "date": "2024-07-11",
            "displacement": -2.64,
            "coherence": 0.817
          },
          {
            "date": "2024-07-23",
            "displacement": -2.99,
            "coherence": 0.653
          },
          {
            "date": "2024-08-04",
            "displacement": -3.81,
            "coherence": 0.65
          },
          {
            "date": "2024-08-16",
            "displacement": -4.03,
            "coherence": 0.85
          }
        ],
        "statistics": {
          "mean_displacement": -1.39,
          "std_displacement": 1.2,
          "max_displacement": 0.19,
          "min_displacement": -4.03
        }
      }
    },
    {
      "type": "Feature",
      "geometry": {
        "type": "Point",
        "coordinates": [
          127.009305,
          37.566603
        ]
      },
      "properties": {
        "point_id": "P159",
        "index": 159,
        "velocity": -10.21,
        "timeseries": [
          {
            "date": "2024-01-01",
            "displacement": -0.28,
            "coherence": 0.714
          },
          {
            "date": "2024-01-13",
            "displacement": -0.8,
            "coherence": 0.711
          },
          {
            "date": "2024-01-25",
            "displacement": -1.62,
            "coherence": 0.67
          },
          {
            "date": "2024-02-06",
            "displacement": -1.56,
            "coherence": 0.888
          },
          {
            "date": "2024-02-18",
            "displacement": -1.74,
            "coherence": 0.93
          },
          {
            "date": "2024-03-01",
            "displacement": -2.05,
            "coherence": 0.829
          },
          {
            "date": "2024-03-13",
            "displacement": -2.52,
            "coherence": 0.94
          },
          {
            "date": "2024-03-25",
            "displacement": -2.96,
            "coherence": 0.904
          },
          {
            "date": "2024-04-06",
            "displacement": -2.82,
            "coherence": 0.717
          },
          {
            "date": "2024-04-18",
            "displacement": -2.56,
            "coherence": 0.828
          },
          {
            "date": "2024-04-30",
            "displacement": -2.18,
            "coherence": 0.818
          },
          {
            "date": "2024-05-12",
            "displacement": -3.64,
            "coherence": 0.909
          },
          {
            "date": "2024-05-24",
            "displacement": -4.21,
            "coherence": 0.668
          },
          {
            "date": "2024-06-05",
            "displacement": -3.19,
            "coherence": 0.687
          },
          {
            "date": "2024-06-17",
            "displacement": -3.5,
            "coherence": 0.731
          },
          {
            "date": "2024-06-29",
            "displacement": -4.05,
            "coherence": 0.697
          },
          {
            "date": "2024-07-11",
            "displacement": -4.02,
            "coherence": 0.604
          },
          {
            "date": "2024-07-23",
            "displacement": -3.7,
            "coherence": 0.622
          },
          {
            "date": "2024-08-04",
            "displacement": -4.47,
            "coherence": 0.767
          },
          {
            "date": "2024-08-16",
            "displacement": -5.22,
            "coherence": 0.789
          }
        ],
        "statistics": {
          "mean_displacement": -2.85,
          "std_displacement": 1.25,
          "max_displacement": -0.28,
          "min_displacement": -5.22
        }
      }
    },
    {
      "type": "Feature",
      "geometry": {
        "type": "Point",
        "coordinates": [
          126.965919,
          37.451085
        ]
      },
      "properties": {
        "point_id": "P160",
        "index": 160,
        "velocity": 5.47,
        "timeseries": [
          {
            "date": "2024-01-01",
            "displacement": 0.01,
            "coherence": 0.787
          },
          {
            "date": "2024-01-13",
            "displacement": 0.27,
            "coherence": 0.799
          },
          {
            "date": "2024-01-25",
            "displacement": 0.33,
            "coherence": 0.811
          },
          {
            "date": "2024-02-06",
            "displacement": 0.6,
            "coherence": 0.877
          },
          {
            "date": "2024-02-18",
            "displacement": 1.07,
            "coherence": 0.727
          },
          {
            "date": "2024-03-01",
            "displacement": 0.94,
            "coherence": 0.725
          },
          {
            "date": "2024-03-13",
            "displacement": 1.28,
            "coherence": 0.685
          },
          {
            "date": "2024-03-25",
            "displacement": 1.13,
            "coherence": 0.719
          },
          {
            "date": "2024-04-06",
            "displacement": 0.78,
            "coherence": 0.843
          },
          {
            "date": "2024-04-18",
            "displacement": 0.44,
            "coherence": 0.781
          },
          {
            "date": "2024-04-30",
            "displacement": 0.81,
            "coherence": 0.695
          },
          {
            "date": "2024-05-12",
            "displacement": 1.3,
            "coherence": 0.764
          },
          {
            "date": "2024-05-24",
            "displacement": 1.69,
            "coherence": 0.733
          },
          {
            "date": "2024-06-05",
            "displacement": 1.8,
            "coherence": 0.735
          },
          {
            "date": "2024-06-17",
            "displacement": 1.93,
            "coherence": 0.92
          },
          {
            "date": "2024-06-29",
            "displacement": 2.26,
            "coherence": 0.763
          },
          {
            "date": "2024-07-11",
            "displacement": 3.14,
            "coherence": 0.792
          },
          {
            "date": "2024-07-23",
            "displacement": 3.36,
            "coherence": 0.903
          },
          {
            "date": "2024-08-04",
            "displacement": 2.56,
            "coherence": 0.641
          },
          {
            "date": "2024-08-16",
            "displacement": 2.76,
            "coherence": 0.603
          }
        ],
        "statistics": {
          "mean_displacement": 1.42,
          "std_displacement": 0.96,
          "max_displacement": 3.36,
          "min_displacement": 0.01
        }
      }
    },
    {
      "type": "Feature",
      "geometry": {
        "type": "Point",
        "coordinates": [
          126.902099,
          37.550511
        ]
      },
      "properties": {
        "point_id": "P161",
        "index": 161,
        "velocity": -1.04,
        "timeseries": [
          {
            "date": "2024-01-01",
            "displacement": 0.5,
            "coherence": 0.882
          },
          {
            "date": "2024-01-13",
            "displacement": -0.17,
            "coherence": 0.739
          },
          {
            "date": "2024-01-25",
            "displacement": -0.87,
            "coherence": 0.862
          },
          {
            "date": "2024-02-06",
            "displacement": -1.35,
            "coherence": 0.819
          },
          {
            "date": "2024-02-18",
            "displacement": -1.55,
            "coherence": 0.694
          },
          {
            "date": "2024-03-01",
            "displacement": -1.15,
            "coherence": 0.65
          },
          {
            "date": "2024-03-13",
            "displacement": -1.47,
            "coherence": 0.809
          },
          {
            "date": "2024-03-25",
            "displacement": -1.77,
            "coherence": 0.758
          },
          {
            "date": "2024-04-06",
            "displacement": -1.42,
            "coherence": 0.91
          },
          {
            "date": "2024-04-18",
            "displacement": -0.93,
            "coherence": 0.74
          },
          {
            "date": "2024-04-30",
            "displacement": -1.13,
            "coherence": 0.713
          },
          {
            "date": "2024-05-12",
            "displacement": -1.41,
            "coherence": 0.912
          },
          {
            "date": "2024-05-24",
            "displacement": -1.71,
            "coherence": 0.825
          },
          {
            "date": "2024-06-05",
            "displacement": -1.63,
            "coherence": 0.866
          },
          {
            "date": "2024-06-17",
            "displacement": -2.08,
            "coherence": 0.789
          },
          {
            "date": "2024-06-29",
            "displacement": -2.6,
            "coherence": 0.604
          },
          {
            "date": "2024-07-11",
            "displacement": -3.0,
            "coherence": 0.845
          },
          {
            "date": "2024-07-23",
            "displacement": -2.8,
            "coherence": 0.724
          },
          {
            "date": "2024-08-04",
            "displacement": -2.33,
            "coherence": 0.636
          },
          {
            "date": "2024-08-16",
            "displacement": -1.9,
            "coherence": 0.663
          }
        ],
        "statistics": {
          "mean_displacement": -1.54,
          "std_displacement": 0.81,
          "max_displacement": 0.5,
          "min_displacement": -3.0
        }
      }
    },
    {
      "type": "Feature",
      "geometry": {
        "type": "Point",
        "coordinates": [
          127.026319,
          37.597753
        ]
      },
      "properties": {
        "point_id": "P162",
        "index": 162,
        "velocity": -5.79,
        "timeseries": [
          {
            "date": "2024-01-01",
            "displacement": -0.18,
            "coherence": 0.906
          },
          {
            "date": "2024-01-13",
            "displacement": -0.34,
            "coherence": 0.734
          },
          {
            "date": "2024-01-25",
            "displacement": -0.46,
            "coherence": 0.796
          },
          {
            "date": "2024-02-06",
            "displacement": -1.16,
            "coherence": 0.883
          },
          {
            "date": "2024-02-18",
            "displacement": -1.3,
            "coherence": 0.849
          },
          {
            "date": "2024-03-01",
            "displacement": -1.07,
            "coherence": 0.939
          },
          {
            "date": "2024-03-13",
            "displacement": -1.4,
            "coherence": 0.928
          },
          {
            "date": "2024-03-25",
            "displacement": -0.96,
            "coherence": 0.64
          },
          {
            "date": "2024-04-06",
            "displacement": -0.69,
            "coherence": 0.733
          },
          {
            "date": "2024-04-18",
            "displacement": -1.67,
            "coherence": 0.789
          },
          {
            "date": "2024-04-30",
            "displacement": -2.06,
            "coherence": 0.748
          },
          {
            "date": "2024-05-12",
            "displacement": -2.26,
            "coherence": 0.857
          },
          {
            "date": "2024-05-24",
            "displacement": -2.83,
            "coherence": 0.819
          },
          {
            "date": "2024-06-05",
            "displacement": -3.62,
            "coherence": 0.935
          },
          {
            "date": "2024-06-17",
            "displacement": -4.02,
            "coherence": 0.797
          },
          {
            "date": "2024-06-29",
            "displacement": -4.09,
            "coherence": 0.887
          },
          {
            "date": "2024-07-11",
            "displacement": -4.83,
            "coherence": 0.868
          },
          {
            "date": "2024-07-23",
            "displacement": -5.43,
            "coherence": 0.885
          },
          {
            "date": "2024-08-04",
            "displacement": -6.67,
            "coherence": 0.891
          },
          {
            "date": "2024-08-16",
            "displacement": -6.8,
            "coherence": 0.735
          }
        ],
        "statistics": {
          "mean_displacement": -2.59,
          "std_displacement": 2.04,
          "max_displacement": -0.18,
          "min_displacement": -6.8
        }
      }
    },
    {
      "type": "Feature",
      "geometry": {
        "type": "Point",
        "coordinates": [
          127.007689,
          37.528622
        ]
      },
      "properties": {
        "point_id": "P163",
        "index": 163,
        "velocity": -8.19,
        "timeseries": [
          {
            "date": "2024-01-01",
            "displacement": -0.49,
            "coherence": 0.913
          },
          {
            "date": "2024-01-13",
            "displacement": -0.35,
            "coherence": 0.691
          },
          {
            "date": "2024-01-25",
            "displacement": -0.6,
            "coherence": 0.633
          },
          {
            "date": "2024-02-06",
            "displacement": -0.23,
            "coherence": 0.647
          },
          {
            "date": "2024-02-18",
            "displacement": -0.14,
            "coherence": 0.797
          },
          {
            "date": "2024-03-01",
            "displacement": 0.39,
            "coherence": 0.85
          },
          {
            "date": "2024-03-13",
            "displacement": -0.33,
            "coherence": 0.663
          },
          {
            "date": "2024-03-25",
            "displacement": -0.22,
            "coherence": 0.632
          },
          {
            "date": "2024-04-06",
            "displacement": -0.3,
            "coherence": 0.724
          },
          {
            "date": "2024-04-18",
            "displacement": 0.09,
            "coherence": 0.715
          },
          {
            "date": "2024-04-30",
            "displacement": -0.56,
            "coherence": 0.94
          },
          {
            "date": "2024-05-12",
            "displacement": -1.2,
            "coherence": 0.841
          },
          {
            "date": "2024-05-24",
            "displacement": -0.73,
            "coherence": 0.722
          },
          {
            "date": "2024-06-05",
            "displacement": -1.03,
            "coherence": 0.672
          },
          {
            "date": "2024-06-17",
            "displacement": -0.4,
            "coherence": 0.899
          },
          {
            "date": "2024-06-29",
            "displacement": -0.83,
            "coherence": 0.636
          },
          {
            "date": "2024-07-11",
            "displacement": -0.92,
            "coherence": 0.767
          },
          {
            "date": "2024-07-23",
            "displacement": -1.38,
            "coherence": 0.832
          },
          {
            "date": "2024-08-04",
            "displacement": -1.01,
            "coherence": 0.873
          },
          {
            "date": "2024-08-16",
            "displacement": -1.24,
            "coherence": 0.891
          }
        ],
        "statistics": {
          "mean_displacement": -0.57,
          "std_displacement": 0.45,
          "max_displacement": 0.39,
          "min_displacement": -1.38
        }
      }
    },
    {
      "type": "Feature",
      "geometry": {
        "type": "Point",
        "coordinates": [
          127.014858,
          37.53951
        ]
      },
      "properties": {
        "point_id": "P164",
        "index": 164,
        "velocity": -1.81,
        "timeseries": [
          {
            "date": "2024-01-01",
            "displacement": -0.41,
            "coherence": 0.84
          },
          {
            "date": "2024-01-13",
            "displacement": -0.36,
            "coherence": 0.624
          },
          {
            "date": "2024-01-25",
            "displacement": -0.23,
            "coherence": 0.905
          },
          {
            "date": "2024-02-06",
            "displacement": 0.63,
            "coherence": 0.856
          },
          {
            "date": "2024-02-18",
            "displacement": 0.93,
            "coherence": 0.693
          },
          {
            "date": "2024-03-01",
            "displacement": 1.42,
            "coherence": 0.764
          },
          {
            "date": "2024-03-13",
            "displacement": 1.66,
            "coherence": 0.704
          },
          {
            "date": "2024-03-25",
            "displacement": 1.74,
            "coherence": 0.662
          },
          {
            "date": "2024-04-06",
            "displacement": 2.57,
            "coherence": 0.718
          },
          {
            "date": "2024-04-18",
            "displacement": 2.85,
            "coherence": 0.725
          },
          {
            "date": "2024-04-30",
            "displacement": 2.51,
            "coherence": 0.865
          },
          {
            "date": "2024-05-12",
            "displacement": 2.25,
            "coherence": 0.892
          },
          {
            "date": "2024-05-24",
            "displacement": 3.32,
            "coherence": 0.669
          },
          {
            "date": "2024-06-05",
            "displacement": 2.5,
            "coherence": 0.803
          },
          {
            "date": "2024-06-17",
            "displacement": 2.59,
            "coherence": 0.767
          },
          {
            "date": "2024-06-29",
            "displacement": 2.06,
            "coherence": 0.935
          },
          {
            "date": "2024-07-11",
            "displacement": 1.62,
            "coherence": 0.731
          },
          {
            "date": "2024-07-23",
            "displacement": 1.59,
            "coherence": 0.809
          },
          {
            "date": "2024-08-04",
            "displacement": 2.12,
            "coherence": 0.887
          },
          {
            "date": "2024-08-16",
            "displacement": 2.77,
            "coherence": 0.787
          }
        ],
        "statistics": {
          "mean_displacement": 1.71,
          "std_displacement": 1.07,
          "max_displacement": 3.32,
          "min_displacement": -0.41
        }
      }
    },
    {
      "type": "Feature",
      "geometry": {
        "type": "Point",
        "coordinates": [
          126.969798,
          37.403433
        ]
      },
      "properties": {
        "point_id": "P165",
        "index": 165,
        "velocity": -3.76,
        "timeseries": [
          {
            "date": "2024-01-01",
            "displacement": 0.76,
            "coherence": 0.844
          },
          {
            "date": "2024-01-13",
            "displacement": 0.26,
            "coherence": 0.771
          },
          {
            "date": "2024-01-25",
            "displacement": -0.47,
            "coherence": 0.796
          },
          {
            "date": "2024-02-06",
            "displacement": 0.05,
            "coherence": 0.64
          },
          {
            "date": "2024-02-18",
            "displacement": -0.04,
            "coherence": 0.738
          },
          {
            "date": "2024-03-01",
            "displacement": -0.52,
            "coherence": 0.928
          },
          {
            "date": "2024-03-13",
            "displacement": -0.71,
            "coherence": 0.911
          },
          {
            "date": "2024-03-25",
            "displacement": -0.93,
            "coherence": 0.753
          },
          {
            "date": "2024-04-06",
            "displacement": -1.85,
            "coherence": 0.762
          },
          {
            "date": "2024-04-18",
            "displacement": -2.59,
            "coherence": 0.623
          },
          {
            "date": "2024-04-30",
            "displacement": -2.95,
            "coherence": 0.638
          },
          {
            "date": "2024-05-12",
            "displacement": -2.37,
            "coherence": 0.781
          },
          {
            "date": "2024-05-24",
            "displacement": -2.31,
            "coherence": 0.941
          },
          {
            "date": "2024-06-05",
            "displacement": -1.74,
            "coherence": 0.625
          },
          {
            "date": "2024-06-17",
            "displacement": -1.03,
            "coherence": 0.838
          },
          {
            "date": "2024-06-29",
            "displacement": -0.52,
            "coherence": 0.812
          },
          {
            "date": "2024-07-11",
            "displacement": -0.85,
            "coherence": 0.678
          },
          {
            "date": "2024-07-23",
            "displacement": -0.97,
            "coherence": 0.855
          },
          {
            "date": "2024-08-04",
            "displacement": -0.3,
            "coherence": 0.609
          },
          {
            "date": "2024-08-16",
            "displacement": -1.01,
            "coherence": 0.781
          }
        ],
        "statistics": {
          "mean_displacement": -1.0,
          "std_displacement": 0.98,
          "max_displacement": 0.76,
          "min_displacement": -2.95
        }
      }
    },
    {
      "type": "Feature",
      "geometry": {
        "type": "Point",
        "coordinates": [
          126.91509,
          37.42617
        ]
      },
      "properties": {
        "point_id": "P166",
        "index": 166,
        "velocity": -5.95,
        "timeseries": [
          {
            "date": "2024-01-01",
            "displacement": 0.46,
            "coherence": 0.866
          },
          {
            "date": "2024-01-13",
            "displacement": 0.56,
            "coherence": 0.604
          },
          {
            "date": "2024-01-25",
            "displacement": -0.45,
            "coherence": 0.875
          },
          {
            "date": "2024-02-06",
            "displacement": -1.07,
            "coherence": 0.619
          },
          {
            "date": "2024-02-18",
            "displacement": -0.38,
            "coherence": 0.683
          },
          {
            "date": "2024-03-01",
            "displacement": 0.13,
            "coherence": 0.815
          },
          {
            "date": "2024-03-13",
            "displacement": -0.45,
            "coherence": 0.702
          },
          {
            "date": "2024-03-25",
            "displacement": 0.01,
            "coherence": 0.677
          },
          {
            "date": "2024-04-06",
            "displacement": -0.76,
            "coherence": 0.703
          },
          {
            "date": "2024-04-18",
            "displacement": -0.58,
            "coherence": 0.693
          },
          {
            "date": "2024-04-30",
            "displacement": 0.04,
            "coherence": 0.639
          },
          {
            "date": "2024-05-12",
            "displacement": 0.38,
            "coherence": 0.744
          },
          {
            "date": "2024-05-24",
            "displacement": -0.71,
            "coherence": 0.857
          },
          {
            "date": "2024-06-05",
            "displacement": -1.56,
            "coherence": 0.931
          },
          {
            "date": "2024-06-17",
            "displacement": -1.9,
            "coherence": 0.705
          },
          {
            "date": "2024-06-29",
            "displacement": -2.02,
            "coherence": 0.76
          },
          {
            "date": "2024-07-11",
            "displacement": -2.53,
            "coherence": 0.681
          },
          {
            "date": "2024-07-23",
            "displacement": -3.62,
            "coherence": 0.909
          },
          {
            "date": "2024-08-04",
            "displacement": -4.03,
            "coherence": 0.95
          },
          {
            "date": "2024-08-16",
            "displacement": -4.45,
            "coherence": 0.732
          }
        ],
        "statistics": {
          "mean_displacement": -1.15,
          "std_displacement": 1.47,
          "max_displacement": 0.56,
          "min_displacement": -4.45
        }
      }
    },
    {
      "type": "Feature",
      "geometry": {
        "type": "Point",
        "coordinates": [
          126.930027,
          37.405063
        ]
      },
      "properties": {
        "point_id": "P167",
        "index": 167,
        "velocity": -9.8,
        "timeseries": [
          {
            "date": "2024-01-01",
            "displacement": -1.07,
            "coherence": 0.759
          },
          {
            "date": "2024-01-13",
            "displacement": -1.77,
            "coherence": 0.746
          },
          {
            "date": "2024-01-25",
            "displacement": -3.01,
            "coherence": 0.623
          },
          {
            "date": "2024-02-06",
            "displacement": -3.95,
            "coherence": 0.851
          },
          {
            "date": "2024-02-18",
            "displacement": -3.48,
            "coherence": 0.875
          },
          {
            "date": "2024-03-01",
            "displacement": -3.81,
            "coherence": 0.634
          },
          {
            "date": "2024-03-13",
            "displacement": -4.15,
            "coherence": 0.806
          },
          {
            "date": "2024-03-25",
            "displacement": -4.75,
            "coherence": 0.788
          },
          {
            "date": "2024-04-06",
            "displacement": -5.43,
            "coherence": 0.719
          },
          {
            "date": "2024-04-18",
            "displacement": -6.19,
            "coherence": 0.818
          },
          {
            "date": "2024-04-30",
            "displacement": -6.43,
            "coherence": 0.772
          },
          {
            "date": "2024-05-12",
            "displacement": -6.42,
            "coherence": 0.897
          },
          {
            "date": "2024-05-24",
            "displacement": -6.72,
            "coherence": 0.793
          },
          {
            "date": "2024-06-05",
            "displacement": -7.67,
            "coherence": 0.653
          },
          {
            "date": "2024-06-17",
            "displacement": -8.18,
            "coherence": 0.752
          },
          {
            "date": "2024-06-29",
            "displacement": -9.18,
            "coherence": 0.846
          },
          {
            "date": "2024-07-11",
            "displacement": -9.14,
            "coherence": 0.73
          },
          {
            "date": "2024-07-23",
            "displacement": -8.83,
            "coherence": 0.771
          },
          {
            "date": "2024-08-04",
            "displacement": -9.26,
            "coherence": 0.874
          },
          {
            "date": "2024-08-16",
            "displacement": -9.79,
            "coherence": 0.837
          }
        ],
        "statistics": {
          "mean_displacement": -5.96,
          "std_displacement": 2.58,
          "max_displacement": -1.07,
          "min_displacement": -9.79
        }
      }
    },
    {
      "type": "Feature",
      "geometry": {
        "type": "Point",
        "coordinates": [
          127.054964,
          37.444254
        ]
      },
      "properties": {
        "point_id": "P168",
        "index": 168,
        "velocity": 1.64,
        "timeseries": [
          {
            "date": "2024-01-01",
            "displacement": 0.07,
            "coherence": 0.792
          },
          {
            "date": "2024-01-13",
            "displacement": -0.61,
            "coherence": 0.905
          },
          {
            "date": "2024-01-25",
            "displacement": -0.84,
            "coherence": 0.748
          },
          {
            "date": "2024-02-06",
            "displacement": -0.89,
            "coherence": 0.844
          },
          {
            "date": "2024-02-18",
            "displacement": 0.29,
            "coherence": 0.785
          },
          {
            "date": "2024-03-01",
            "displacement": 1.24,
            "coherence": 0.807
          },
          {
            "date": "2024-03-13",
            "displacement": 1.59,
            "coherence": 0.701
          },
          {
            "date": "2024-03-25",
            "displacement": 1.55,
            "coherence": 0.873
          },
          {
            "date": "2024-04-06",
            "displacement": 2.0,
            "coherence": 0.727
          },
          {
            "date": "2024-04-18",
            "displacement": 2.54,
            "coherence": 0.715
          },
          {
            "date": "2024-04-30",
            "displacement": 2.72,
            "coherence": 0.908
          },
          {
            "date": "2024-05-12",
            "displacement": 3.46,
            "coherence": 0.905
          },
          {
            "date": "2024-05-24",
            "displacement": 3.35,
            "coherence": 0.862
          },
          {
            "date": "2024-06-05",
            "displacement": 4.11,
            "coherence": 0.636
          },
          {
            "date": "2024-06-17",
            "displacement": 3.96,
            "coherence": 0.621
          },
          {
            "date": "2024-06-29",
            "displacement": 3.78,
            "coherence": 0.68
          },
          {
            "date": "2024-07-11",
            "displacement": 3.4,
            "coherence": 0.823
          },
          {
            "date": "2024-07-23",
            "displacement": 3.62,
            "coherence": 0.829
          },
          {
            "date": "2024-08-04",
            "displacement": 4.88,
            "coherence": 0.75
          },
          {
            "date": "2024-08-16",
            "displacement": 5.94,
            "coherence": 0.882
          }
        ],
        "statistics": {
          "mean_displacement": 2.31,
          "std_displacement": 1.92,
          "max_displacement": 5.94,
          "min_displacement": -0.89
        }
      }
    },
    {
      "type": "Feature",
      "geometry": {
        "type": "Point",
        "coordinates": [
          126.942275,
          37.511167
        ]
      },
      "properties": {
        "point_id": "P169",
        "index": 169,
        "velocity": 4.63,
        "timeseries": [
          {
            "date": "2024-01-01",
            "displacement": 0.32,
            "coherence": 0.627
          },
          {
            "date": "2024-01-13",
            "displacement": -0.01,
            "coherence": 0.894
          },
          {
            "date": "2024-01-25",
            "displacement": 0.19,
            "coherence": 0.926
          },
          {
            "date": "2024-02-06",
            "displacement": -0.47,
            "coherence": 0.642
          },
          {
            "date": "2024-02-18",
            "displacement": -0.86,
            "coherence": 0.912
          },
          {
            "date": "2024-03-01",
            "displacement": -1.19,
            "coherence": 0.774
          },
          {
            "date": "2024-03-13",
            "displacement": -0.75,
            "coherence": 0.828
          },
          {
            "date": "2024-03-25",
            "displacement": -0.32,
            "coherence": 0.873
          },
          {
            "date": "2024-04-06",
            "displacement": -0.88,
            "coherence": 0.625
          },
          {
            "date": "2024-04-18",
            "displacement": -0.8,
            "coherence": 0.914
          },
          {
            "date": "2024-04-30",
            "displacement": -0.29,
            "coherence": 0.897
          },
          {
            "date": "2024-05-12",
            "displacement": 0.08,
            "coherence": 0.76
          },
          {
            "date": "2024-05-24",
            "displacement": 0.3,
            "coherence": 0.83
          },
          {
            "date": "2024-06-05",
            "displacement": 0.58,
            "coherence": 0.767
          },
          {
            "date": "2024-06-17",
            "displacement": 0.55,
            "coherence": 0.799
          },
          {
            "date": "2024-06-29",
            "displacement": 0.08,
            "coherence": 0.677
          },
          {
            "date": "2024-07-11",
            "displacement": 0.19,
            "coherence": 0.867
          },
          {
            "date": "2024-07-23",
            "displacement": -0.02,
            "coherence": 0.797
          },
          {
            "date": "2024-08-04",
            "displacement": 0.12,
            "coherence": 0.817
          },
          {
            "date": "2024-08-16",
            "displacement": 1.08,
            "coherence": 0.83
          }
        ],
        "statistics": {
          "mean_displacement": -0.1,
          "std_displacement": 0.57,
          "max_displacement": 1.08,
          "min_displacement": -1.19
        }
      }
    },
    {
      "type": "Feature",
      "geometry": {
        "type": "Point",
        "coordinates": [
          126.932573,
          37.408521
        ]
      },
      "properties": {
        "point_id": "P170",
        "index": 170,
        "velocity": -11.46,
        "timeseries": [
          {
            "date": "2024-01-01",
            "displacement": -0.26,
            "coherence": 0.653
          },
          {
            "date": "2024-01-13",
            "displacement": -1.25,
            "coherence": 0.644
          },
          {
            "date": "2024-01-25",
            "displacement": -2.07,
            "coherence": 0.794
          },
          {
            "date": "2024-02-06",
            "displacement": -3.04,
            "coherence": 0.648
          },
          {
            "date": "2024-02-18",
            "displacement": -2.89,
            "coherence": 0.637
          },
          {
            "date": "2024-03-01",
            "displacement": -3.31,
            "coherence": 0.649
          },
          {
            "date": "2024-03-13",
            "displacement": -3.69,
            "coherence": 0.773
          },
          {
            "date": "2024-03-25",
            "displacement": -5.14,
            "coherence": 0.705
          },
          {
            "date": "2024-04-06",
            "displacement": -5.36,
            "coherence": 0.76
          },
          {
            "date": "2024-04-18",
            "displacement": -5.99,
            "coherence": 0.666
          },
          {
            "date": "2024-04-30",
            "displacement": -6.2,
            "coherence": 0.774
          },
          {
            "date": "2024-05-12",
            "displacement": -6.49,
            "coherence": 0.668
          },
          {
            "date": "2024-05-24",
            "displacement": -6.76,
            "coherence": 0.839
          },
          {
            "date": "2024-06-05",
            "displacement": -6.99,
            "coherence": 0.824
          },
          {
            "date": "2024-06-17",
            "displacement": -7.44,
            "coherence": 0.862
          },
          {
            "date": "2024-06-29",
            "displacement": -7.27,
            "coherence": 0.761
          },
          {
            "date": "2024-07-11",
            "displacement": -7.96,
            "coherence": 0.893
          },
          {
            "date": "2024-07-23",
            "displacement": -8.16,
            "coherence": 0.719
          },
          {
            "date": "2024-08-04",
            "displacement": -8.87,
            "coherence": 0.761
          },
          {
            "date": "2024-08-16",
            "displacement": -9.03,
            "coherence": 0.688
          }
        ],
        "statistics": {
          "mean_displacement": -5.41,
          "std_displacement": 2.53,
          "max_displacement": -0.26,
          "min_displacement": -9.03
        }
      }
    },
    {
      "type": "Feature",
      "geometry": {
        "type": "Point",
        "coordinates": [
          126.940379,
          37.434557
        ]
      },
      "properties": {
        "point_id": "P171",
        "index": 171,
        "velocity": 1.05,
        "timeseries": [
          {
            "date": "2024-01-01",
            "displacement": 1.19,
            "coherence": 0.618
          },
          {
            "date": "2024-01-13",
            "displacement": 0.97,
            "coherence": 0.757
          },
          {
            "date": "2024-01-25",
            "displacement": 1.51,
            "coherence": 0.772
          },
          {
            "date": "2024-02-06",
            "displacement": 1.27,
            "coherence": 0.911
          },
          {
            "date": "2024-02-18",
            "displacement": 1.38,
            "coherence": 0.794
          },
          {
            "date": "2024-03-01",
            "displacement": 1.84,
            "coherence": 0.798
          },
          {
            "date": "2024-03-13",
            "displacement": 1.92,
            "coherence": 0.866
          },
          {
            "date": "2024-03-25",
            "displacement": 2.54,
            "coherence": 0.634
          },
          {
            "date": "2024-04-06",
            "displacement": 3.06,
            "coherence": 0.715
          },
          {
            "date": "2024-04-18",
            "displacement": 3.31,
            "coherence": 0.851
          },
          {
            "date": "2024-04-30",
            "displacement": 3.57,
            "coherence": 0.608
          },
          {
            "date": "2024-05-12",
            "displacement": 3.27,
            "coherence": 0.773
          },
          {
            "date": "2024-05-24",
            "displacement": 3.93,
            "coherence": 0.821
          },
          {
            "date": "2024-06-05",
            "displacement": 3.68,
            "coherence": 0.658
          },
          {
            "date": "2024-06-17",
            "displacement": 4.25,
            "coherence": 0.915
          },
          {
            "date": "2024-06-29",
            "displacement": 3.44,
            "coherence": 0.7
          },
          {
            "date": "2024-07-11",
            "displacement": 3.78,
            "coherence": 0.848
          },
          {
            "date": "2024-07-23",
            "displacement": 3.8,
            "coherence": 0.692
          },
          {
            "date": "2024-08-04",
            "displacement": 3.08,
            "coherence": 0.713
          },
          {
            "date": "2024-08-16",
            "displacement": 3.31,
            "coherence": 0.906
          }
        ],
        "statistics": {
          "mean_displacement": 2.75,
          "std_displacement": 1.04,
          "max_displacement": 4.25,
          "min_displacement": 0.97
        }
      }
    },
    {
      "type": "Feature",
      "geometry": {
        "type": "Point",
        "coordinates": [
          126.957528,
          37.463673
        ]
      },
      "properties": {
        "point_id": "P172",
        "index": 172,
        "velocity": 4.11,
        "timeseries": [
          {
            "date": "2024-01-01",
            "displacement": 0.27,
            "coherence": 0.705
          },
          {
            "date": "2024-01-13",
            "displacement": -0.38,
            "coherence": 0.682
          },
          {
            "date": "2024-01-25",
            "displacement": -0.06,
            "coherence": 0.878
          },
          {
            "date": "2024-02-06",
            "displacement": 0.95,
            "coherence": 0.682
          },
          {
            "date": "2024-02-18",
            "displacement": 0.99,
            "coherence": 0.763
          },
          {
            "date": "2024-03-01",
            "displacement": 1.05,
            "coherence": 0.806
          },
          {
            "date": "2024-03-13",
            "displacement": 1.09,
            "coherence": 0.846
          },
          {
            "date": "2024-03-25",
            "displacement": 2.41,
            "coherence": 0.868
          },
          {
            "date": "2024-04-06",
            "displacement": 2.85,
            "coherence": 0.881
          },
          {
            "date": "2024-04-18",
            "displacement": 2.47,
            "coherence": 0.825
          },
          {
            "date": "2024-04-30",
            "displacement": 2.41,
            "coherence": 0.623
          },
          {
            "date": "2024-05-12",
            "displacement": 3.01,
            "coherence": 0.925
          },
          {
            "date": "2024-05-24",
            "displacement": 3.95,
            "coherence": 0.729
          },
          {
            "date": "2024-06-05",
            "displacement": 4.12,
            "coherence": 0.726
          },
          {
            "date": "2024-06-17",
            "displacement": 4.3,
            "coherence": 0.922
          },
          {
            "date": "2024-06-29",
            "displacement": 4.72,
            "coherence": 0.812
          },
          {
            "date": "2024-07-11",
            "displacement": 5.85,
            "coherence": 0.805
          },
          {
            "date": "2024-07-23",
            "displacement": 6.71,
            "coherence": 0.777
          },
          {
            "date": "2024-08-04",
            "displacement": 7.05,
            "coherence": 0.72
          },
          {
            "date": "2024-08-16",
            "displacement": 6.71,
            "coherence": 0.658
          }
        ],
        "statistics": {
          "mean_displacement": 3.02,
          "std_displacement": 2.28,
          "max_displacement": 7.05,
          "min_displacement": -0.38
        }
      }
    },
    {
      "type": "Feature",
      "geometry": {
        "type": "Point",
        "coordinates": [
          127.009524,
          37.532673
        ]
      },
      "properties": {
        "point_id": "P173",
        "index": 173,
        "velocity": 3.9,
        "timeseries": [
          {
            "date": "2024-01-01",
            "displacement": -0.75,
            "coherence": 0.63
          },
          {
            "date": "2024-01-13",
            "displacement": -1.1,
            "coherence": 0.923
          },
          {
            "date": "2024-01-25",
            "displacement": -1.39,
            "coherence": 0.861
          },
          {
            "date": "2024-02-06",
            "displacement": -0.79,
            "coherence": 0.869
          },
          {
            "date": "2024-02-18",
            "displacement": -0.91,
            "coherence": 0.653
          },
          {
            "date": "2024-03-01",
            "displacement": -0.99,
            "coherence": 0.678
          },
          {
            "date": "2024-03-13",
            "displacement": -1.29,
            "coherence": 0.64
          },
          {
            "date": "2024-03-25",
            "displacement": -2.24,
            "coherence": 0.724
          },
          {
            "date": "2024-04-06",
            "displacement": -1.85,
            "coherence": 0.742
          },
          {
            "date": "2024-04-18",
            "displacement": -2.08,
            "coherence": 0.878
          },
          {
            "date": "2024-04-30",
            "displacement": -2.1,
            "coherence": 0.677
          },
          {
            "date": "2024-05-12",
            "displacement": -1.41,
            "coherence": 0.672
          },
          {
            "date": "2024-05-24",
            "displacement": -1.08,
            "coherence": 0.866
          },
          {
            "date": "2024-06-05",
            "displacement": -1.09,
            "coherence": 0.806
          },
          {
            "date": "2024-06-17",
            "displacement": -0.95,
            "coherence": 0.688
          },
          {
            "date": "2024-06-29",
            "displacement": -0.4,
            "coherence": 0.871
          },
          {
            "date": "2024-07-11",
            "displacement": -0.77,
            "coherence": 0.624
          },
          {
            "date": "2024-07-23",
            "displacement": 0.65,
            "coherence": 0.807
          },
          {
            "date": "2024-08-04",
            "displacement": 1.7,
            "coherence": 0.689
          },
          {
            "date": "2024-08-16",
            "displacement": 0.97,
            "coherence": 0.783
          }
        ],
        "statistics": {
          "mean_displacement": -0.89,
          "std_displacement": 0.98,
          "max_displacement": 1.7,
          "min_displacement": -2.24
        }
      }
    },
    {
      "type": "Feature",
      "geometry": {
        "type": "Point",
        "coordinates": [
          126.918216,
          37.463926
        ]
      },
      "properties": {
        "point_id": "P174",
        "index": 174,
        "velocity": -0.27,
        "timeseries": [
          {
            "date": "2024-01-01",
            "displacement": -0.31,
            "coherence": 0.929
          },
          {
            "date": "2024-01-13",
            "displacement": -0.21,
            "coherence": 0.612
          },
          {
            "date": "2024-01-25",
            "displacement": 0.15,
            "coherence": 0.821
          },
          {
            "date": "2024-02-06",
            "displacement": 0.16,
            "coherence": 0.698
          },
          {
            "date": "2024-02-18",
            "displacement": -0.5,
            "coherence": 0.84
          },
          {
            "date": "2024-03-01",
            "displacement": -1.23,
            "coherence": 0.905
          },
          {
            "date": "2024-03-13",
            "displacement": -1.47,
            "coherence": 0.765
          },
          {
            "date": "2024-03-25",
            "displacement": -1.69,
            "coherence": 0.748
          },
          {
            "date": "2024-04-06",
            "displacement": -0.97,
            "coherence": 0.666
          },
          {
            "date": "2024-04-18",
            "displacement": -0.71,
            "coherence": 0.647
          },
          {
            "date": "2024-04-30",
            "displacement": -0.99,
            "coherence": 0.946
          },
          {
            "date": "2024-05-12",
            "displacement": -0.11,
            "coherence": 0.91
          },
          {
            "date": "2024-05-24",
            "displacement": -0.31,
            "coherence": 0.744
          },
          {
            "date": "2024-06-05",
            "displacement": -0.18,
            "coherence": 0.698
          },
          {
            "date": "2024-06-17",
            "displacement": -0.95,
            "coherence": 0.891
          },
          {
            "date": "2024-06-29",
            "displacement": -1.56,
            "coherence": 0.684
          },
          {
            "date": "2024-07-11",
            "displacement": -1.04,
            "coherence": 0.943
          },
          {
            "date": "2024-07-23",
            "displacement": -0.22,
            "coherence": 0.741
          },
          {
            "date": "2024-08-04",
            "displacement": 0.18,
            "coherence": 0.819
          },
          {
            "date": "2024-08-16",
            "displacement": -0.85,
            "coherence": 0.629
          }
        ],
        "statistics": {
          "mean_displacement": -0.64,
          "std_displacement": 0.57,
          "max_displacement": 0.18,
          "min_displacement": -1.69
        }
      }
    },
    {
      "type": "Feature",
      "geometry": {
        "type": "Point",
        "coordinates": [
          126.975452,
          37.540951
        ]
      },
      "properties": {
        "point_id": "P175",
        "index": 175,
        "velocity": 0.15,
        "timeseries": [
          {
            "date": "2024-01-01",
            "displacement": 0.36,
            "coherence": 0.675
          },
          {
            "date": "2024-01-13",
            "displacement": -0.35,
            "coherence": 0.831
          },
          {
            "date": "2024-01-25",
            "displacement": 0.08,
            "coherence": 0.649
          },
          {
            "date": "2024-02-06",
            "displacement": 0.11,
            "coherence": 0.694
          },
          {
            "date": "2024-02-18",
            "displacement": -0.18,
            "coherence": 0.89
          },
          {
            "date": "2024-03-01",
            "displacement": -0.7,
            "coherence": 0.601
          },
          {
            "date": "2024-03-13",
            "displacement": -0.08,
            "coherence": 0.798
          },
          {
            "date": "2024-03-25",
            "displacement": -0.46,
            "coherence": 0.735
          },
          {
            "date": "2024-04-06",
            "displacement": 0.95,
            "coherence": 0.936
          },
          {
            "date": "2024-04-18",
            "displacement": 1.16,
            "coherence": 0.797
          },
          {
            "date": "2024-04-30",
            "displacement": 1.33,
            "coherence": 0.73
          },
          {
            "date": "2024-05-12",
            "displacement": 2.01,
            "coherence": 0.833
          },
          {
            "date": "2024-05-24",
            "displacement": 1.57,
            "coherence": 0.633
          },
          {
            "date": "2024-06-05",
            "displacement": 1.81,
            "coherence": 0.825
          },
          {
            "date": "2024-06-17",
            "displacement": 1.97,
            "coherence": 0.817
          },
          {
            "date": "2024-06-29",
            "displacement": 1.45,
            "coherence": 0.94
          },
          {
            "date": "2024-07-11",
            "displacement": 1.58,
            "coherence": 0.665
          },
          {
            "date": "2024-07-23",
            "displacement": 1.47,
            "coherence": 0.937
          },
          {
            "date": "2024-08-04",
            "displacement": 1.75,
            "coherence": 0.635
          },
          {
            "date": "2024-08-16",
            "displacement": 1.51,
            "coherence": 0.875
          }
        ],
        "statistics": {
          "mean_displacement": 0.87,
          "std_displacement": 0.89,
          "max_displacement": 2.01,
          "min_displacement": -0.7
        }
      }
    },
    {
      "type": "Feature",
      "geometry": {
        "type": "Point",
        "coordinates": [
          127.089589,
          37.484821
        ]
      },
      "properties": {
        "point_id": "P176",
        "index": 176,
        "velocity": -9.45,
        "timeseries": [
          {
            "date": "2024-01-01",
            "displacement": -0.05,
            "coherence": 0.752
          },
          {
            "date": "2024-01-13",
            "displacement": 0.17,
            "coherence": 0.762
          },
          {
            "date": "2024-01-25",
            "displacement": 0.02,
            "coherence": 0.891
          },
          {
            "date": "2024-02-06",
            "displacement": -0.67,
            "coherence": 0.856
          },
          {
            "date": "2024-02-18",
            "displacement": -0.46,
            "coherence": 0.687
          },
          {
            "date": "2024-03-01",
            "displacement": -1.03,
            "coherence": 0.774
          },
          {
            "date": "2024-03-13",
            "displacement": -1.1,
            "coherence": 0.753
          },
          {
            "date": "2024-03-25",
            "displacement": -1.64,
            "coherence": 0.899
          },
          {
            "date": "2024-04-06",
            "displacement": -2.36,
            "coherence": 0.889
          },
          {
            "date": "2024-04-18",
            "displacement": -2.75,
            "coherence": 0.611
          },
          {
            "date": "2024-04-30",
            "displacement": -3.26,
            "coherence": 0.659
          },
          {
            "date": "2024-05-12",
            "displacement": -3.94,
            "coherence": 0.661
          },
          {
            "date": "2024-05-24",
            "displacement": -3.89,
            "coherence": 0.811
          },
          {
            "date": "2024-06-05",
            "displacement": -4.41,
            "coherence": 0.793
          },
          {
            "date": "2024-06-17",
            "displacement": -4.94,
            "coherence": 0.899
          },
          {
            "date": "2024-06-29",
            "displacement": -5.62,
            "coherence": 0.655
          },
          {
            "date": "2024-07-11",
            "displacement": -5.35,
            "coherence": 0.608
          },
          {
            "date": "2024-07-23",
            "displacement": -6.53,
            "coherence": 0.903
          },
          {
            "date": "2024-08-04",
            "displacement": -6.99,
            "coherence": 0.683
          },
          {
            "date": "2024-08-16",
            "displacement": -7.51,
            "coherence": 0.83
          }
        ],
        "statistics": {
          "mean_displacement": -3.12,
          "std_displacement": 2.43,
          "max_displacement": 0.17,
          "min_displacement": -7.51
        }
      }
    },
    {
      "type": "Feature",
      "geometry": {
        "type": "Point",
        "coordinates": [
          126.941614,
          37.492185
        ]
      },
      "properties": {
        "point_id": "P177",
        "index": 177,
        "velocity": 5.63,
        "timeseries": [
          {
            "date": "2024-01-01",
            "displacement": -0.42,
            "coherence": 0.902
          },
          {
            "date": "2024-01-13",
            "displacement": -0.17,
            "coherence": 0.709
          },
          {
            "date": "2024-01-25",
            "displacement": -0.01,
            "coherence": 0.649
          },
          {
            "date": "2024-02-06",
            "displacement": -0.31,
            "coherence": 0.844
          },
          {
            "date": "2024-02-18",
            "displacement": -0.68,
            "coherence": 0.882
          },
          {
            "date": "2024-03-01",
            "displacement": -0.78,
            "coherence": 0.634
          },
          {
            "date": "2024-03-13",
            "displacement": -0.2,
            "coherence": 0.895
          },
          {
            "date": "2024-03-25",
            "displacement": 0.05,
            "coherence": 0.851
          },
          {
            "date": "2024-04-06",
            "displacement": 1.46,
            "coherence": 0.833
          },
          {
            "date": "2024-04-18",
            "displacement": 1.02,
            "coherence": 0.747
          },
          {
            "date": "2024-04-30",
            "displacement": 1.97,
            "coherence": 0.678
          },
          {
            "date": "2024-05-12",
            "displacement": 1.77,
            "coherence": 0.944
          },
          {
            "date": "2024-05-24",
            "displacement": 2.2,
            "coherence": 0.812
          },
          {
            "date": "2024-06-05",
            "displacement": 2.41,
            "coherence": 0.662
          },
          {
            "date": "2024-06-17",
            "displacement": 2.73,
            "coherence": 0.834
          },
          {
            "date": "2024-06-29",
            "displacement": 2.96,
            "coherence": 0.759
          },
          {
            "date": "2024-07-11",
            "displacement": 3.49,
            "coherence": 0.707
          },
          {
            "date": "2024-07-23",
            "displacement": 4.1,
            "coherence": 0.75
          },
          {
            "date": "2024-08-04",
            "displacement": 4.44,
            "coherence": 0.65
          },
          {
            "date": "2024-08-16",
            "displacement": 4.92,
            "coherence": 0.62
          }
        ],
        "statistics": {
          "mean_displacement": 1.55,
          "std_displacement": 1.78,
          "max_displacement": 4.92,
          "min_displacement": -0.78
        }
      }
    },
    {
      "type": "Feature",
      "geometry": {
        "type": "Point",
        "coordinates": [
          127.011417,
          37.402784
        ]
      },
      "properties": {
        "point_id": "P178",
        "index": 178,
        "velocity": -2.27,
        "timeseries": [
          {
            "date": "2024-01-01",
            "displacement": -0.01,
            "coherence": 0.917
          },
          {
            "date": "2024-01-13",
            "displacement": -0.35,
            "coherence": 0.697
          },
          {
            "date": "2024-01-25",
            "displacement": -1.26,
            "coherence": 0.76
          },
          {
            "date": "2024-02-06",
            "displacement": -2.32,
            "coherence": 0.645
          },
          {
            "date": "2024-02-18",
            "displacement": -1.6,
            "coherence": 0.679
          },
          {
            "date": "2024-03-01",
            "displacement": -2.05,
            "coherence": 0.835
          },
          {
            "date": "2024-03-13",
            "displacement": -1.48,
            "coherence": 0.884
          },
          {
            "date": "2024-03-25",
            "displacement": -1.69,
            "coherence": 0.942
          },
          {
            "date": "2024-04-06",
            "displacement": -1.61,
            "coherence": 0.755
          },
          {
            "date": "2024-04-18",
            "displacement": -1.61,
            "coherence": 0.894
          },
          {
            "date": "2024-04-30",
            "displacement": -1.77,
            "coherence": 0.676
          },
          {
            "date": "2024-05-12",
            "displacement": -2.17,
            "coherence": 0.679
          },
          {
            "date": "2024-05-24",
            "displacement": -1.64,
            "coherence": 0.678
          },
          {
            "date": "2024-06-05",
            "displacement": -2.11,
            "coherence": 0.732
          },
          {
            "date": "2024-06-17",
            "displacement": -2.68,
            "coherence": 0.866
          },
          {
            "date": "2024-06-29",
            "displacement": -2.36,
            "coherence": 0.73
          },
          {
            "date": "2024-07-11",
            "displacement": -1.98,
            "coherence": 0.753
          },
          {
            "date": "2024-07-23",
            "displacement": -2.78,
            "coherence": 0.795
          },
          {
            "date": "2024-08-04",
            "displacement": -2.89,
            "coherence": 0.617
          },
          {
            "date": "2024-08-16",
            "displacement": -2.42,
            "coherence": 0.727
          }
        ],
        "statistics": {
          "mean_displacement": -1.84,
          "std_displacement": 0.71,
          "max_displacement": -0.01,
          "min_displacement": -2.89
        }
      }
    },
    {
      "type": "Feature",
      "geometry": {
        "type": "Point",
        "coordinates": [
          126.966186,
          37.547427
        ]
      },
      "properties": {
        "point_id": "P179",
        "index": 179,
        "velocity": -0.56,
        "timeseries": [
          {
            "date": "2024-01-01",
            "displacement": 0.49,
            "coherence": 0.894
          },
          {
            "date": "2024-01-13",
            "displacement": 0.37,
            "coherence": 0.614
          },
          {
            "date": "2024-01-25",
            "displacement": -0.14,
            "coherence": 0.914
          },
          {
            "date": "2024-02-06",
            "displacement": 0.2,
            "coherence": 0.667
          },
          {
            "date": "2024-02-18",
            "displacement": 0.45,
            "coherence": 0.921
          },
          {
            "date": "2024-03-01",
            "displacement": 1.09,
            "coherence": 0.689
          },
          {
            "date": "2024-03-13",
            "displacement": 1.52,
            "coherence": 0.657
          },
          {
            "date": "2024-03-25",
            "displacement": 1.82,
            "coherence": 0.909
          },
          {
            "date": "2024-04-06",
            "displacement": 1.4,
            "coherence": 0.937
          },
          {
            "date": "2024-04-18",
            "displacement": 2.6,
            "coherence": 0.67
          },
          {
            "date": "2024-04-30",
            "displacement": 3.12,
            "coherence": 0.854
          },
          {
            "date": "2024-05-12",
            "displacement": 2.64,
            "coherence": 0.882
          },
          {
            "date": "2024-05-24",
            "displacement": 2.49,
            "coherence": 0.635
          },
          {
            "date": "2024-06-05",
            "displacement": 2.85,
            "coherence": 0.894
          },
          {
            "date": "2024-06-17",
            "displacement": 2.34,
            "coherence": 0.678
          },
          {
            "date": "2024-06-29",
            "displacement": 3.08,
            "coherence": 0.928
          },
          {
            "date": "2024-07-11",
            "displacement": 3.22,
            "coherence": 0.875
          },
          {
            "date": "2024-07-23",
            "displacement": 2.66,
            "coherence": 0.885
          },
          {
            "date": "2024-08-04",
            "displacement": 3.41,
            "coherence": 0.687
          },
          {
            "date": "2024-08-16",
            "displacement": 3.36,
            "coherence": 0.767
          }
        ],
        "statistics": {
          "mean_displacement": 1.95,
          "std_displacement": 1.15,
          "max_displacement": 3.41,
          "min_displacement": -0.14
        }
      }
    },
    {
      "type": "Feature",
      "geometry": {
        "type": "Point",
        "coordinates": [
          127.03125,
          37.594918
        ]
      },
      "properties": {
        "point_id": "P180",
        "index": 180,
        "velocity": 9.35,
        "timeseries": [
          {
            "date": "2024-01-01",
            "displacement": 0.74,
            "coherence": 0.916
          },
          {
            "date": "2024-01-13",
            "displacement": 0.74,
            "coherence": 0.86
          },
          {
            "date": "2024-01-25",
            "displacement": 1.3,
            "coherence": 0.705
          },
          {
            "date": "2024-02-06",
            "displacement": 3.28,
            "coherence": 0.707
          },
          {
            "date": "2024-02-18",
            "displacement": 4.59,
            "coherence": 0.898
          },
          {
            "date": "2024-03-01",
            "displacement": 4.44,
            "coherence": 0.625
          },
          {
            "date": "2024-03-13",
            "displacement": 5.15,
            "coherence": 0.891
          },
          {
            "date": "2024-03-25",
            "displacement": 5.83,
            "coherence": 0.83
          },
          {
            "date": "2024-04-06",
            "displacement": 6.18,
            "coherence": 0.845
          },
          {
            "date": "2024-04-18",
            "displacement": 5.61,
            "coherence": 0.664
          },
          {
            "date": "2024-04-30",
            "displacement": 5.98,
            "coherence": 0.658
          },
          {
            "date": "2024-05-12",
            "displacement": 7.26,
            "coherence": 0.889
          },
          {
            "date": "2024-05-24",
            "displacement": 7.41,
            "coherence": 0.678
          },
          {
            "date": "2024-06-05",
            "displacement": 7.48,
            "coherence": 0.807
          },
          {
            "date": "2024-06-17",
            "displacement": 7.48,
            "coherence": 0.77
          },
          {
            "date": "2024-06-29",
            "displacement": 8.67,
            "coherence": 0.606
          },
          {
            "date": "2024-07-11",
            "displacement": 9.14,
            "coherence": 0.764
          },
          {
            "date": "2024-07-23",
            "displacement": 9.41,
            "coherence": 0.688
          },
          {
            "date": "2024-08-04",
            "displacement": 9.62,
            "coherence": 0.756
          },
          {
            "date": "2024-08-16",
            "displacement": 9.92,
            "coherence": 0.669
          }
        ],
        "statistics": {
          "mean_displacement": 6.01,
          "std_displacement": 2.79,
          "max_displacement": 9.92,
          "min_displacement": 0.74
        }
      }
    },
    {
      "type": "Feature",
      "geometry": {
        "type": "Point",
        "coordinates": [
          127.055105,
          37.548355
        ]
      },
      "properties": {
        "point_id": "P181",
        "index": 181,
        "velocity": -6.78,
        "timeseries": [
          {
            "date": "2024-01-01",
            "displacement": -0.4,
            "coherence": 0.662
          },
          {
            "date": "2024-01-13",
            "displacement": -0.16,
            "coherence": 0.752
          },
          {
            "date": "2024-01-25",
            "displacement": -0.42,
            "coherence": 0.72
          },
          {
            "date": "2024-02-06",
            "displacement": -1.01,
            "coherence": 0.744
          },
          {
            "date": "2024-02-18",
            "displacement": -1.92,
            "coherence": 0.899
          },
          {
            "date": "2024-03-01",
            "displacement": -3.2,
            "coherence": 0.664
          },
          {
            "date": "2024-03-13",
            "displacement": -3.03,
            "coherence": 0.839
          },
          {
            "date": "2024-03-25",
            "displacement": -3.51,
            "coherence": 0.696
          },
          {
            "date": "2024-04-06",
            "displacement": -4.01,
            "coherence": 0.815
          },
          {
            "date": "2024-04-18",
            "displacement": -4.03,
            "coherence": 0.777
          },
          {
            "date": "2024-04-30",
            "displacement": -3.44,
            "coherence": 0.631
          },
          {
            "date": "2024-05-12",
            "displacement": -3.8,
            "coherence": 0.766
          },
          {
            "date": "2024-05-24",
            "displacement": -3.44,
            "coherence": 0.925
          },
          {
            "date": "2024-06-05",
            "displacement": -3.1,
            "coherence": 0.635
          },
          {
            "date": "2024-06-17",
            "displacement": -3.43,
            "coherence": 0.911
          },
          {
            "date": "2024-06-29",
            "displacement": -3.34,
            "coherence": 0.715
          },
          {
            "date": "2024-07-11",
            "displacement": -2.85,
            "coherence": 0.699
          },
          {
            "date": "2024-07-23",
            "displacement": -2.39,
            "coherence": 0.946
          },
          {
            "date": "2024-08-04",
            "displacement": -3.12,
            "coherence": 0.799
          },
          {
            "date": "2024-08-16",
            "displacement": -3.46,
            "coherence": 0.829
          }
        ],
        "statistics": {
          "mean_displacement": -2.7,
          "std_displacement": 1.21,
          "max_displacement": -0.16,
          "min_displacement": -4.03
        }
      }
    },
    {
      "type": "Feature",
      "geometry": {
        "type": "Point",
        "coordinates": [
          127.062495,
          37.583565
        ]
      },
      "properties": {
        "point_id": "P182",
        "index": 182,
        "velocity": -5.52,
        "timeseries": [
          {
            "date": "2024-01-01",
            "displacement": 0.67,
            "coherence": 0.653
          },
          {
            "date": "2024-01-13",
            "displacement": 1.06,
            "coherence": 0.658
          },
          {
            "date": "2024-01-25",
            "displacement": 0.84,
            "coherence": 0.629
          },
          {
            "date": "2024-02-06",
            "displacement": 1.05,
            "coherence": 0.777
          },
          {
            "date": "2024-02-18",
            "displacement": 1.36,
            "coherence": 0.796
          },
          {
            "date": "2024-03-01",
            "displacement": 1.91,
            "coherence": 0.729
          },
          {
            "date": "2024-03-13",
            "displacement": 2.44,
            "coherence": 0.899
          },
          {
            "date": "2024-03-25",
            "displacement": 3.15,
            "coherence": 0.702
          },
          {
            "date": "2024-04-06",
            "displacement": 2.98,
            "coherence": 0.818
          },
          {
            "date": "2024-04-18",
            "displacement": 2.71,
            "coherence": 0.647
          },
          {
            "date": "2024-04-30",
            "displacement": 2.16,
            "coherence": 0.734
          },
          {
            "date": "2024-05-12",
            "displacement": 2.15,
            "coherence": 0.76
          },
          {
            "date": "2024-05-24",
            "displacement": 1.82,
            "coherence": 0.882
          },
          {
            "date": "2024-06-05",
            "displacement": 1.7,
            "coherence": 0.875
          },
          {
            "date": "2024-06-17",
            "displacement": 1.02,
            "coherence": 0.662
          },
          {
            "date": "2024-06-29",
            "displacement": 1.15,
            "coherence": 0.782
          },
          {
            "date": "2024-07-11",
            "displacement": 1.22,
            "coherence": 0.743
          },
          {
            "date": "2024-07-23",
            "displacement": 1.26,
            "coherence": 0.787
          },
          {
            "date": "2024-08-04",
            "displacement": 0.5,
            "coherence": 0.889
          },
          {
            "date": "2024-08-16",
            "displacement": 0.89,
            "coherence": 0.779
          }
        ],
        "statistics": {
          "mean_displacement": 1.6,
          "std_displacement": 0.76,
          "max_displacement": 3.15,
          "min_displacement": 0.5
        }
      }
    },
    {
      "type": "Feature",
      "geometry": {
        "type": "Point",
        "coordinates": [
          126.941638,
          37.580617
        ]
      },
      "properties": {
        "point_id": "P183",
        "index": 183,
        "velocity": -4.29,
        "timeseries": [
          {
            "date": "2024-01-01",
            "displacement": -0.09,
            "coherence": 0.938
          },
          {
            "date": "2024-01-13",
            "displacement": -0.37,
            "coherence": 0.71
          },
          {
            "date": "2024-01-25",
            "displacement": -0.51,
            "coherence": 0.91
          },
          {
            "date": "2024-02-06",
            "displacement": -0.22,
            "coherence": 0.657
          },
          {
            "date": "2024-02-18",
            "displacement": 0.01,
            "coherence": 0.711
          },
          {
            "date": "2024-03-01",
            "displacement": -1.09,
            "coherence": 0.639
          },
          {
            "date": "2024-03-13",
            "displacement": -1.23,
            "coherence": 0.903
          },
          {
            "date": "2024-03-25",
            "displacement": -1.64,
            "coherence": 0.613
          },
          {
            "date": "2024-04-06",
            "displacement": -2.06,
            "coherence": 0.632
          },
          {
            "date": "2024-04-18",
            "displacement": -1.94,
            "coherence": 0.798
          },
          {
            "date": "2024-04-30",
            "displacement": -2.52,
            "coherence": 0.893
          },
          {
            "date": "2024-05-12",
            "displacement": -3.13,
            "coherence": 0.648
          },
          {
            "date": "2024-05-24",
            "displacement": -4.02,
            "coherence": 0.728
          },
          {
            "date": "2024-06-05",
            "displacement": -4.09,
            "coherence": 0.89
          },
          {
            "date": "2024-06-17",
            "displacement": -4.48,
            "coherence": 0.696
          },
          {
            "date": "2024-06-29",
            "displacement": -5.05,
            "coherence": 0.775
          },
          {
            "date": "2024-07-11",
            "displacement": -5.33,
            "coherence": 0.849
          },
          {
            "date": "2024-07-23",
            "displacement": -5.41,
            "coherence": 0.798
          },
          {
            "date": "2024-08-04",
            "displacement": -4.63,
            "coherence": 0.878
          },
          {
            "date": "2024-08-16",
            "displacement": -4.11,
            "coherence": 0.794
          }
        ],
        "statistics": {
          "mean_displacement": -2.6,
          "std_displacement": 1.87,
          "max_displacement": 0.01,
          "min_displacement": -5.41
        }
      }
    },
    {
      "type": "Feature",
      "geometry": {
        "type": "Point",
        "coordinates": [
          127.064277,
          37.584453
        ]
      },
      "properties": {
        "point_id": "P184",
        "index": 184,
        "velocity": -1.78,
        "timeseries": [
          {
            "date": "2024-01-01",
            "displacement": -0.36,
            "coherence": 0.787
          },
          {
            "date": "2024-01-13",
            "displacement": -0.32,
            "coherence": 0.659
          },
          {
            "date": "2024-01-25",
            "displacement": 0.05,
            "coherence": 0.853
          },
          {
            "date": "2024-02-06",
            "displacement": 0.3,
            "coherence": 0.784
          },
          {
            "date": "2024-02-18",
            "displacement": 0.59,
            "coherence": 0.718
          },
          {
            "date": "2024-03-01",
            "displacement": 0.57,
            "coherence": 0.793
          },
          {
            "date": "2024-03-13",
            "displacement": 0.26,
            "coherence": 0.751
          },
          {
            "date": "2024-03-25",
            "displacement": 0.45,
            "coherence": 0.632
          },
          {
            "date": "2024-04-06",
            "displacement": -0.4,
            "coherence": 0.851
          },
          {
            "date": "2024-04-18",
            "displacement": -0.53,
            "coherence": 0.777
          },
          {
            "date": "2024-04-30",
            "displacement": -0.56,
            "coherence": 0.946
          },
          {
            "date": "2024-05-12",
            "displacement": -0.47,
            "coherence": 0.933
          },
          {
            "date": "2024-05-24",
            "displacement": -0.95,
            "coherence": 0.716
          },
          {
            "date": "2024-06-05",
            "displacement": -0.51,
            "coherence": 0.794
          },
          {
            "date": "2024-06-17",
            "displacement": -0.11,
            "coherence": 0.753
          },
          {
            "date": "2024-06-29",
            "displacement": -0.44,
            "coherence": 0.702
          },
          {
            "date": "2024-07-11",
            "displacement": -0.41,
            "coherence": 0.863
          },
          {
            "date": "2024-07-23",
            "displacement": -0.32,
            "coherence": 0.949
          },
          {
            "date": "2024-08-04",
            "displacement": -1.19,
            "coherence": 0.822
          },
          {
            "date": "2024-08-16",
            "displacement": -0.24,
            "coherence": 0.936
          }
        ],
        "statistics": {
          "mean_displacement": -0.23,
          "std_displacement": 0.46,
          "max_displacement": 0.59,
          "min_displacement": -1.19
        }
      }
    },
    {
      "type": "Feature",
      "geometry": {
        "type": "Point",
        "coordinates": [
          126.905132,
          37.525522
        ]
      },
      "properties": {
        "point_id": "P185",
        "index": 185,
        "velocity": -5.65,
        "timeseries": [
          {
            "date": "2024-01-01",
            "displacement": -0.64,
            "coherence": 0.606
          },
          {
            "date": "2024-01-13",
            "displacement": -0.33,
            "coherence": 0.806
          },
          {
            "date": "2024-01-25",
            "displacement": -0.8,
            "coherence": 0.802
          },
          {
            "date": "2024-02-06",
            "displacement": -0.4,
            "coherence": 0.779
          },
          {
            "date": "2024-02-18",
            "displacement": 0.2,
            "coherence": 0.763
          },
          {
            "date": "2024-03-01",
            "displacement": -0.3,
            "coherence": 0.941
          },
          {
            "date": "2024-03-13",
            "displacement": -0.11,
            "coherence": 0.816
          },
          {
            "date": "2024-03-25",
            "displacement": -0.61,
            "coherence": 0.795
          },
          {
            "date": "2024-04-06",
            "displacement": -1.26,
            "coherence": 0.799
          },
          {
            "date": "2024-04-18",
            "displacement": -1.4,
            "coherence": 0.733
          },
          {
            "date": "2024-04-30",
            "displacement": -1.56,
            "coherence": 0.886
          },
          {
            "date": "2024-05-12",
            "displacement": -1.97,
            "coherence": 0.768
          },
          {
            "date": "2024-05-24",
            "displacement": -2.27,
            "coherence": 0.912
          },
          {
            "date": "2024-06-05",
            "displacement": -3.15,
            "coherence": 0.941
          },
          {
            "date": "2024-06-17",
            "displacement": -3.07,
            "coherence": 0.846
          },
          {
            "date": "2024-06-29",
            "displacement": -2.87,
            "coherence": 0.904
          },
          {
            "date": "2024-07-11",
            "displacement": -2.66,
            "coherence": 0.926
          },
          {
            "date": "2024-07-23",
            "displacement": -2.68,
            "coherence": 0.794
          },
          {
            "date": "2024-08-04",
            "displacement": -2.96,
            "coherence": 0.819
          },
          {
            "date": "2024-08-16",
            "displacement": -3.33,
            "coherence": 0.865
          }
        ],
        "statistics": {
          "mean_displacement": -1.61,
          "std_displacement": 1.16,
          "max_displacement": 0.2,
          "min_displacement": -3.33
        }
      }
    },
    {
      "type": "Feature",
      "geometry": {
        "type": "Point",
        "coordinates": [
          126.961838,
          37.412287
        ]
      },
      "properties": {
        "point_id": "P186",
        "index": 186,
        "velocity": -2.56,
        "timeseries": [
          {
            "date": "2024-01-01",
            "displacement": -0.88,
            "coherence": 0.865
          },
          {
            "date": "2024-01-13",
            "displacement": -1.52,
            "coherence": 0.805
          },
          {
            "date": "2024-01-25",
            "displacement": -1.32,
            "coherence": 0.906
          },
          {
            "date": "2024-02-06",
            "displacement": -1.24,
            "coherence": 0.647
          },
          {
            "date": "2024-02-18",
            "displacement": -1.03,
            "coherence": 0.831
          },
          {
            "date": "2024-03-01",
            "displacement": 0.11,
            "coherence": 0.739
          },
          {
            "date": "2024-03-13",
            "displacement": 0.47,
            "coherence": 0.935
          },
          {
            "date": "2024-03-25",
            "displacement": 0.64,
            "coherence": 0.656
          },
          {
            "date": "2024-04-06",
            "displacement": 0.99,
            "coherence": 0.617
          },
          {
            "date": "2024-04-18",
            "displacement": 0.61,
            "coherence": 0.684
          },
          {
            "date": "2024-04-30",
            "displacement": 0.07,
            "coherence": 0.712
          },
          {
            "date": "2024-05-12",
            "displacement": 0.32,
            "coherence": 0.803
          },
          {
            "date": "2024-05-24",
            "displacement": -0.31,
            "coherence": 0.949
          },
          {
            "date": "2024-06-05",
            "displacement": -0.5,
            "coherence": 0.918
          },
          {
            "date": "2024-06-17",
            "displacement": 0.34,
            "coherence": 0.666
          },
          {
            "date": "2024-06-29",
            "displacement": -0.55,
            "coherence": 0.618
          },
          {
            "date": "2024-07-11",
            "displacement": -1.08,
            "coherence": 0.908
          },
          {
            "date": "2024-07-23",
            "displacement": -0.97,
            "coherence": 0.753
          },
          {
            "date": "2024-08-04",
            "displacement": -0.81,
            "coherence": 0.841
          },
          {
            "date": "2024-08-16",
            "displacement": -0.36,
            "coherence": 0.607
          }
        ],
        "statistics": {
          "mean_displacement": -0.35,
          "std_displacement": 0.73,
          "max_displacement": 0.99,
          "min_displacement": -1.52
        }
      }
    },
    {
      "type": "Feature",
      "geometry": {
        "type": "Point",
        "coordinates": [
          127.00079,
          37.415786
        ]
      },
      "properties": {
        "point_id": "P187",
        "index": 187,
        "velocity": 5.63,
        "timeseries": [
          {
            "date": "2024-01-01",
            "displacement": 0.71,
            "coherence": 0.894
          },
          {
            "date": "2024-01-13",
            "displacement": 1.53,
            "coherence": 0.935
          },
          {
            "date": "2024-01-25",
            "displacement": 0.63,
            "coherence": 0.733
          },
          {
            "date": "2024-02-06",
            "displacement": 1.1,
            "coherence": 0.617
          },
          {
            "date": "2024-02-18",
            "displacement": 1.46,
            "coherence": 0.877
          },
          {
            "date": "2024-03-01",
            "displacement": 1.9,
            "coherence": 0.831
          },
          {
            "date": "2024-03-13",
            "displacement": 1.73,
            "coherence": 0.705
          },
          {
            "date": "2024-03-25",
            "displacement": 1.29,
            "coherence": 0.866
          },
          {
            "date": "2024-04-06",
            "displacement": 1.25,
            "coherence": 0.614
          },
          {
            "date": "2024-04-18",
            "displacement": 1.67,
            "coherence": 0.936
          },
          {
            "date": "2024-04-30",
            "displacement": 1.65,
            "coherence": 0.905
          },
          {
            "date": "2024-05-12",
            "displacement": 1.27,
            "coherence": 0.823
          },
          {
            "date": "2024-05-24",
            "displacement": 1.83,
            "coherence": 0.924
          },
          {
            "date": "2024-06-05",
            "displacement": 2.0,
            "coherence": 0.794
          },
          {
            "date": "2024-06-17",
            "displacement": 1.12,
            "coherence": 0.804
          },
          {
            "date": "2024-06-29",
            "displacement": 1.51,
            "coherence": 0.894
          },
          {
            "date": "2024-07-11",
            "displacement": 2.04,
            "coherence": 0.716
          },
          {
            "date": "2024-07-23",
            "displacement": 1.91,
            "coherence": 0.793
          },
          {
            "date": "2024-08-04",
            "displacement": 1.42,
            "coherence": 0.672
          },
          {
            "date": "2024-08-16",
            "displacement": 2.07,
            "coherence": 0.921
          }
        ],
        "statistics": {
          "mean_displacement": 1.5,
          "std_displacement": 0.4,
          "max_displacement": 2.07,
          "min_displacement": 0.63
        }
      }
    },
    {
      "type": "Feature",
      "geometry": {
        "type": "Point",
        "coordinates": [
          126.950278,
          37.498208
        ]
      },
      "properties": {
        "point_id": "P188",
        "index": 188,
        "velocity": 0.58,
        "timeseries": [
          {
            "date": "2024-01-01",
            "displacement": -0.59,
            "coherence": 0.84
          },
          {
            "date": "2024-01-13",
            "displacement": -0.21,
            "coherence": 0.683
          },
          {
            "date": "2024-01-25",
            "displacement": 0.57,
            "coherence": 0.663
          },
          {
            "date": "2024-02-06",
            "displacement": 1.12,
            "coherence": 0.621
          },
          {
            "date": "2024-02-18",
            "displacement": 2.11,
            "coherence": 0.88
          },
          {
            "date": "2024-03-01",
            "displacement": 1.9,
            "coherence": 0.821
          },
          {
            "date": "2024-03-13",
            "displacement": 2.1,
            "coherence": 0.665
          },
          {
            "date": "2024-03-25",
            "displacement": 1.71,
            "coherence": 0.765
          },
          {
            "date": "2024-04-06",
            "displacement": 1.78,
            "coherence": 0.826
          },
          {
            "date": "2024-04-18",
            "displacement": 1.7,
            "coherence": 0.775
          },
          {
            "date": "2024-04-30",
            "displacement": 1.4,
            "coherence": 0.851
          },
          {
            "date": "2024-05-12",
            "displacement": 1.81,
            "coherence": 0.742
          },
          {
            "date": "2024-05-24",
            "displacement": 1.42,
            "coherence": 0.639
          },
          {
            "date": "2024-06-05",
            "displacement": 1.0,
            "coherence": 0.822
          },
          {
            "date": "2024-06-17",
            "displacement": 1.8,
            "coherence": 0.602
          },
          {
            "date": "2024-06-29",
            "displacement": 0.63,
            "coherence": 0.606
          },
          {
            "date": "2024-07-11",
            "displacement": 0.5,
            "coherence": 0.772
          },
          {
            "date": "2024-07-23",
            "displacement": 0.57,
            "coherence": 0.899
          },
          {
            "date": "2024-08-04",
            "displacement": 0.6,
            "coherence": 0.62
          },
          {
            "date": "2024-08-16",
            "displacement": 0.15,
            "coherence": 0.907
          }
        ],
        "statistics": {
          "mean_displacement": 1.1,
          "std_displacement": 0.77,
          "max_displacement": 2.11,
          "min_displacement": -0.59
        }
      }
    },
    {
      "type": "Feature",
      "geometry": {
        "type": "Point",
        "coordinates": [
          126.917036,
          37.586716
        ]
      },
      "properties": {
        "point_id": "P189",
        "index": 189,
        "velocity": -0.53,
        "timeseries": [
          {
            "date": "2024-01-01",
            "displacement": 0.28,
            "coherence": 0.66
          },
          {
            "date": "2024-01-13",
            "displacement": 0.05,
            "coherence": 0.92
          },
          {
            "date": "2024-01-25",
            "displacement": -0.11,
            "coherence": 0.701
          },
          {
            "date": "2024-02-06",
            "displacement": 0.08,
            "coherence": 0.834
          },
          {
            "date": "2024-02-18",
            "displacement": -0.22,
            "coherence": 0.664
          },
          {
            "date": "2024-03-01",
            "displacement": -0.4,
            "coherence": 0.813
          },
          {
            "date": "2024-03-13",
            "displacement": -0.22,
            "coherence": 0.737
          },
          {
            "date": "2024-03-25",
            "displacement": 0.25,
            "coherence": 0.692
          },
          {
            "date": "2024-04-06",
            "displacement": 0.92,
            "coherence": 0.77
          },
          {
            "date": "2024-04-18",
            "displacement": 1.42,
            "coherence": 0.888
          },
          {
            "date": "2024-04-30",
            "displacement": 1.29,
            "coherence": 0.661
          },
          {
            "date": "2024-05-12",
            "displacement": 0.34,
            "coherence": 0.662
          },
          {
            "date": "2024-05-24",
            "displacement": -0.26,
            "coherence": 0.825
          },
          {
            "date": "2024-06-05",
            "displacement": 0.21,
            "coherence": 0.638
          },
          {
            "date": "2024-06-17",
            "displacement": -0.46,
            "coherence": 0.732
          },
          {
            "date": "2024-06-29",
            "displacement": -0.22,
            "coherence": 0.655
          },
          {
            "date": "2024-07-11",
            "displacement": -0.43,
            "coherence": 0.938
          },
          {
            "date": "2024-07-23",
            "displacement": 0.08,
            "coherence": 0.841
          },
          {
            "date": "2024-08-04",
            "displacement": 1.24,
            "coherence": 0.821
          },
          {
            "date": "2024-08-16",
            "displacement": 1.39,
            "coherence": 0.649
          }
        ],
        "statistics": {
          "mean_displacement": 0.26,
          "std_displacement": 0.62,
          "max_displacement": 1.42,
          "min_displacement": -0.46
        }
      }
    },
    {
      "type": "Feature",
      "geometry": {
        "type": "Point",
        "coordinates": [
          127.041494,
          37.449812
        ]
      },
      "properties": {
        "point_id": "P190",
        "index": 190,
        "velocity": -0.63,
        "timeseries": [
          {
            "date": "2024-01-01",
            "displacement": 0.66,
            "coherence": 0.724
          },
          {
            "date": "2024-01-13",
            "displacement": 0.79,
            "coherence": 0.847
          },
          {
            "date": "2024-01-25",
            "displacement": 1.4,
            "coherence": 0.789
          },
          {
            "date": "2024-02-06",
            "displacement": 0.95,
            "coherence": 0.716
          },
          {
            "date": "2024-02-18",
            "displacement": 0.59,
            "coherence": 0.782
          },
          {
            "date": "2024-03-01",
            "displacement": 0.1,
            "coherence": 0.936
          },
          {
            "date": "2024-03-13",
            "displacement": 0.15,
            "coherence": 0.934
          },
          {
            "date": "2024-03-25",
            "displacement": 0.11,
            "coherence": 0.701
          },
          {
            "date": "2024-04-06",
            "displacement": -0.3,
            "coherence": 0.895
          },
          {
            "date": "2024-04-18",
            "displacement": -0.81,
            "coherence": 0.619
          },
          {
            "date": "2024-04-30",
            "displacement": -0.7,
            "coherence": 0.754
          },
          {
            "date": "2024-05-12",
            "displacement": -1.3,
            "coherence": 0.902
          },
          {
            "date": "2024-05-24",
            "displacement": -0.9,
            "coherence": 0.716
          },
          {
            "date": "2024-06-05",
            "displacement": -1.05,
            "coherence": 0.789
          },
          {
            "date": "2024-06-17",
            "displacement": -2.28,
            "coherence": 0.915
          },
          {
            "date": "2024-06-29",
            "displacement": -2.19,
            "coherence": 0.877
          },
          {
            "date": "2024-07-11",
            "displacement": -3.01,
            "coherence": 0.619
          },
          {
            "date": "2024-07-23",
            "displacement": -2.55,
            "coherence": 0.735
          },
          {
            "date": "2024-08-04",
            "displacement": -2.15,
            "coherence": 0.637
          },
          {
            "date": "2024-08-16",
            "displacement": -1.89,
            "coherence": 0.902
          }
        ],
        "statistics": {
          "mean_displacement": -0.72,
          "std_displacement": 1.28,
          "max_displacement": 1.4,
          "min_displacement": -3.01
        }
      }
    }
  ]
}