{
  "type": "FeatureCollection",
  "name": "subsidence_timeseries_subsidence_points_timeseries",
  "crs": {
    "type": "name",
    "properties": {
      "name": "urn:ogc:def:crs:OGC:1.3:CRS84"
    }
  },
  "metadata": {
    "date_range": "2024-01-07T00:00:00.000000000 to 2024-09-27T00:00:00.000000000",
    "num_dates": 20,
    "coherence_threshold": 0.5,
    "subsidence_threshold": -10.0,
    "created": "2025-11-11T05:28:26.996839"
  },
  "features": [
    {
      "type": "Feature",
      "geometry": {
        "type": "Point",
        "coordinates": [
          126.98946855672115,
          37.40408249575758
        ]
      },
      "properties": {
        "id": 0,
        "lon": 126.98946855672115,
        "lat": 37.40408249575758,
        "velocity": -19.792503356933594,
        "coherence": 0.8707537055015564,
        "disp_final": -27.437660217285156,
        "subsid_cm": -1.9792503118515015,
        "timeseries": {
          "dates": [
            "20240107",
            "20240119",
            "20240131",
            "20240212",
            "20240224",
            "20240307",
            "20240319",
            "20240331",
            "20240412",
            "20240424",
            "20240506",
            "20240530",
            "20240705",
            "20240717",
            "20240729",
            "20240810",
            "20240822",
            "20240903",
            "20240915",
            "20240927"
          ],
          "displacement_mm": [
            -0.0,
            -0.0,
            -1.0498826503753662,
            -0.40245571732521057,
            2.7887911796569824,
            -11.910058975219727,
            -7.041306972503662,
            0.9284395575523376,
            -7.001895904541016,
            -7.001895904541016,
            -18.175466537475586,
            -17.852209091186523,
            -17.852209091186523,
            -12.84173583984375,
            -12.804789543151855,
            -4.643513202667236,
            -10.600765228271484,
            4.1570892333984375,
            -14.526246070861816,
            -27.437660217285156
          ]
        }
      }
    },
    {
      "type": "Feature",
      "geometry": {
        "type": "Point",
        "coordinates": [
          126.99096373337717,
          37.404210862727275
        ]
      },
      "properties": {
        "id": 1,
        "lon": 126.99096373337717,
        "lat": 37.404210862727275,
        "velocity": -25.344884872436523,
        "coherence": 0.5938109755516052,
        "disp_final": -12.827712059020996,
        "subsid_cm": -2.5344884395599365,
        "timeseries": {
          "dates": [
            "20240107",
            "20240119",
            "20240131",
            "20240212",
            "20240224",
            "20240307",
            "20240319",
            "20240331",
            "20240412",
            "20240424",
            "20240506",
            "20240530",
            "20240705",
            "20240717",
            "20240729",
            "20240810",
            "20240822",
            "20240903",
            "20240915",
            "20240927"
          ],
          "displacement_mm": [
            -0.0,
            0.6318198442459106,
            1.8178706169128418,
            0.27507758140563965,
            -0.0973563864827156,
            -0.4820012152194977,
            -1.982367992401123,
            -0.6367891430854797,
            -0.6983237862586975,
            1.4616875648498535,
            -3.7943849563598633,
            -8.018579483032227,
            -8.018579483032227,
            -11.611515045166016,
            -15.6315336227417,
            -17.198122024536133,
            -5.168387413024902,
            -18.88672637939453,
            -13.166430473327637,
            -12.827712059020996
          ]
        }
      }
    },
    {
      "type": "Feature",
      "geometry": {
        "type": "Point",
        "coordinates": [
          126.98232493492016,
          37.40459596363637
        ]
      },
      "properties": {
        "id": 2,
        "lon": 126.98232493492016,
        "lat": 37.40459596363637,
        "velocity": -10.91948127746582,
        "coherence": 0.6031401753425598,
        "disp_final": -4.982872486114502,
        "subsid_cm": -1.09194815158844,
        "timeseries": {
          "dates": [
            "20240107",
            "20240119",
            "20240131",
            "20240212",
            "20240224",
            "20240307",
            "20240319",
            "20240331",
            "20240412",
            "20240424",
            "20240506",
            "20240530",
            "20240705",
            "20240717",
            "20240729",
            "20240810",
            "20240822",
            "20240903",
            "20240915",
            "20240927"
          ],
          "displacement_mm": [
            -0.0,
            -1.6196444034576416,
            -2.3870720863342285,
            0.36118897795677185,
            -4.038022041320801,
            -1.4394340515136719,
            0.4530787169933319,
            1.2721946239471436,
            5.0864715576171875,
            1.3942031860351562,
            -0.5871222019195557,
            2.3905889987945557,
            -5.7004475593566895,
            -4.125136375427246,
            -4.878778457641602,
            -1.6698788404464722,
            -14.319632530212402,
            -5.650821685791016,
            -9.023137092590332,
            -4.982872486114502
          ]
        }
      }
    },
    {
      "type": "Feature",
      "geometry": {
        "type": "Point",
        "coordinates": [
          126.97219095980712,
          37.404724330606065
        ]
      },
      "properties": {
        "id": 3,
        "lon": 126.97219095980712,
        "lat": 37.404724330606065,
        "velocity": -16.159828186035156,
        "coherence": 0.6915122866630554,
        "disp_final": -12.391112327575684,
        "subsid_cm": -1.6159827709197998,
        "timeseries": {
          "dates": [
            "20240107",
            "20240119",
            "20240131",
            "20240212",
            "20240224",
            "20240307",
            "20240319",
            "20240331",
            "20240412",
            "20240424",
            "20240506",
            "20240530",
            "20240705",
            "20240717",
            "20240729",
            "20240810",
            "20240822",
            "20240903",
            "20240915",
            "20240927"
          ],
          "displacement_mm": [
            -0.0,
            -4.906020164489746,
            -4.188277721405029,
            -1.4791775941848755,
            -0.43382400274276733,
            -0.6997523307800293,
            -2.3022141456604004,
            5.88869047164917,
            0.0571189820766449,
            -5.774452209472656,
            -5.774452209472656,
            -5.774452209472656,
            -5.774452209472656,
            -4.215763092041016,
            -14.195451736450195,
            -16.744218826293945,
            -4.3829474449157715,
            -12.854863166809082,
            -7.539143085479736,
            -12.391112327575684
          ]
        }
      }
    },
    {
      "type": "Feature",
      "geometry": {
        "type": "Point",
        "coordinates": [
          126.9726893520258,
          37.40510943151516
        ]
      },
      "properties": {
        "id": 4,
        "lon": 126.9726893520258,
        "lat": 37.40510943151516,
        "velocity": -16.385047912597656,
        "coherence": 0.6510248780250549,
        "disp_final": -9.161567687988281,
        "subsid_cm": -1.6385047435760498,
        "timeseries": {
          "dates": [
            "20240107",
            "20240119",
            "20240131",
            "20240212",
            "20240224",
            "20240307",
            "20240319",
            "20240331",
            "20240412",
            "20240424",
            "20240506",
            "20240530",
            "20240705",
            "20240717",
            "20240729",
            "20240810",
            "20240822",
            "20240903",
            "20240915",
            "20240927"
          ],
          "displacement_mm": [
            -0.0,
            -0.42849576473236084,
            -0.8231979608535767,
            -0.6250443458557129,
            -0.18428081274032593,
            0.5647057890892029,
            -2.96815824508667,
            -0.691781222820282,
            -12.25623607635498,
            -4.670764446258545,
            -4.670764446258545,
            -4.670764446258545,
            -4.670764446258545,
            -6.497529983520508,
            -12.473922729492188,
            -15.821514129638672,
            -11.786876678466797,
            -9.790465354919434,
            -6.835355281829834,
            -9.161567687988281
          ]
        }
      }
    },
    {
      "type": "Feature",
      "geometry": {
        "type": "Point",
        "coordinates": [
          126.979002320129,
          37.405237798484855
        ]
      },
      "properties": {
        "id": 5,
        "lon": 126.979002320129,
        "lat": 37.405237798484855,
        "velocity": -19.765756607055664,
        "coherence": 0.5757034420967102,
        "disp_final": -12.23422908782959,
        "subsid_cm": -1.9765756130218506,
        "timeseries": {
          "dates": [
            "20240107",
            "20240119",
            "20240131",
            "20240212",
            "20240224",
            "20240307",
            "20240319",
            "20240331",
            "20240412",
            "20240424",
            "20240506",
            "20240530",
            "20240705",
            "20240717",
            "20240729",
            "20240810",
            "20240822",
            "20240903",
            "20240915",
            "20240927"
          ],
          "displacement_mm": [
            -0.0,
            0.7640501260757446,
            -3.3400726318359375,
            -0.27975645661354065,
            -0.8258470892906189,
            -2.322929859161377,
            -4.269781112670898,
            0.14023526012897491,
            -1.8289740085601807,
            -7.759947299957275,
            -7.253575801849365,
            -10.492902755737305,
            -10.773364067077637,
            -10.690855026245117,
            -13.79224681854248,
            -12.399818420410156,
            -11.815576553344727,
            -10.819979667663574,
            -10.563857078552246,
            -12.23422908782959
          ]
        }
      }
    },
    {
      "type": "Feature",
      "geometry": {
        "type": "Point",
        "coordinates": [
          126.99262504077275,
          37.405237798484855
        ]
      },
      "properties": {
        "id": 6,
        "lon": 126.99262504077275,
        "lat": 37.405237798484855,
        "velocity": -10.354025840759277,
        "coherence": 0.597601592540741,
        "disp_final": -7.673650741577148,
        "subsid_cm": -1.035402536392212,
        "timeseries": {
          "dates": [
            "20240107",
            "20240119",
            "20240131",
            "20240212",
            "20240224",
            "20240307",
            "20240319",
            "20240331",
            "20240412",
            "20240424",
            "20240506",
            "20240530",
            "20240705",
            "20240717",
            "20240729",
            "20240810",
            "20240822",
            "20240903",
            "20240915",
            "20240927"
          ],
          "displacement_mm": [
            -0.0,
            1.4099899530410767,
            3.5484085083007812,
            6.942678451538086,
            15.071883201599121,
            3.8555781841278076,
            4.497151851654053,
            5.611905574798584,
            5.611905574798584,
            5.611905574798584,
            2.9706873893737793,
            2.9706873893737793,
            2.9706873893737793,
            -3.924551486968994,
            -10.819790840148926,
            13.853206634521484,
            5.715681552886963,
            0.20459206402301788,
            -3.7345292568206787,
            -7.673650741577148
          ]
        }
      }
    },
    {
      "type": "Feature",
      "geometry": {
        "type": "Point",
        "coordinates": [
          126.99279117151231,
          37.405237798484855
        ]
      },
      "properties": {
        "id": 7,
        "lon": 126.99279117151231,
        "lat": 37.405237798484855,
        "velocity": -10.354025840759277,
        "coherence": 0.597601592540741,
        "disp_final": -7.673650741577148,
        "subsid_cm": -1.035402536392212,
        "timeseries": {
          "dates": [
            "20240107",
            "20240119",
            "20240131",
            "20240212",
            "20240224",
            "20240307",
            "20240319",
            "20240331",
            "20240412",
            "20240424",
            "20240506",
            "20240530",
            "20240705",
            "20240717",
            "20240729",
            "20240810",
            "20240822",
            "20240903",
            "20240915",
            "20240927"
          ],
          "displacement_mm": [
            -0.0,
            1.4099899530410767,
            3.5484085083007812,
            6.942678451538086,
            15.071883201599121,
            3.8555781841278076,
            4.497151851654053,
            5.611905574798584,
            5.611905574798584,
            5.611905574798584,
            2.9706873893737793,
            2.9706873893737793,
            2.9706873893737793,
            -3.924551486968994,
            -10.819790840148926,
            13.853206634521484,
            5.715681552886963,
            0.20459206402301788,
            -3.7345292568206787,
            -7.673650741577148
          ]
        }
      }
    },
    {
      "type": "Feature",
      "geometry": {
        "type": "Point",
        "coordinates": [
          126.99129599485629,
          37.40536616545455
        ]
      },
      "properties": {
        "id": 8,
        "lon": 126.99129599485629,
        "lat": 37.40536616545455,
        "velocity": -11.041396141052246,
        "coherence": 0.5229232907295227,
        "disp_final": 4.8172607421875,
        "subsid_cm": -1.1041395664215088,
        "timeseries": {
          "dates": [
            "20240107",
            "20240119",
            "20240131",
            "20240212",
            "20240224",
            "20240307",
            "20240319",
            "20240331",
            "20240412",
            "20240424",
            "20240506",
            "20240530",
            "20240705",
            "20240717",
            "20240729",
            "20240810",
            "20240822",
            "20240903",
            "20240915",
            "20240927"
          ],
          "displacement_mm": [
            -0.0,
            6.274081230163574,
            7.813859462738037,
            4.387845993041992,
            5.575767993927002,
            10.339370727539062,
            2.833472967147827,
            8.860977172851562,
            22.85845375061035,
            5.983495235443115,
            6.619874954223633,
            6.619874954223633,
            0.47733402252197266,
            -4.811408519744873,
            3.1091954708099365,
            0.17737871408462524,
            0.1979568600654602,
            -1.9439960718154907,
            -1.9439960718154907,
            4.8172607421875
          ]
        }
      }
    },
    {
      "type": "Feature",
      "geometry": {
        "type": "Point",
        "coordinates": [
          126.97534744385872,
          37.40549453242425
        ]
      },
      "properties": {
        "id": 9,
        "lon": 126.97534744385872,
        "lat": 37.40549453242425,
        "velocity": -35.007408142089844,
        "coherence": 0.525638222694397,
        "disp_final": -19.43830680847168,
        "subsid_cm": -3.5007407665252686,
        "timeseries": {
          "dates": [
            "20240107",
            "20240119",
            "20240131",
            "20240212",
            "20240224",
            "20240307",
            "20240319",
            "20240331",
            "20240412",
            "20240424",
            "20240506",
            "20240530",
            "20240705",
            "20240717",
            "20240729",
            "20240810",
            "20240822",
            "20240903",
            "20240915",
            "20240927"
          ],
          "displacement_mm": [
            -0.0,
            9.287943840026855,
            2.684917449951172,
            5.01572847366333,
            -6.185722827911377,
            0.5676562786102295,
            -1.6485248804092407,
            -13.416611671447754,
            -10.37185287475586,
            -14.529987335205078,
            -17.587453842163086,
            -17.038488388061523,
            -19.693927764892578,
            -19.693927764892578,
            -26.50946617126465,
            -18.66766929626465,
            -16.18756675720215,
            -16.6257266998291,
            -13.94848346710205,
            -19.43830680847168
          ]
        }
      }
    },
    {
      "type": "Feature",
      "geometry": {
        "type": "Point",
        "coordinates": [
          126.97850392791032,
          37.40562289939395
        ]
      },
      "properties": {
        "id": 10,
        "lon": 126.97850392791032,
        "lat": 37.40562289939395,
        "velocity": -28.417490005493164,
        "coherence": 0.576906681060791,
        "disp_final": -22.72071075439453,
        "subsid_cm": -2.8417489528656006,
        "timeseries": {
          "dates": [
            "20240107",
            "20240119",
            "20240131",
            "20240212",
            "20240224",
            "20240307",
            "20240319",
            "20240331",
            "20240412",
            "20240424",
            "20240506",
            "20240530",
            "20240705",
            "20240717",
            "20240729",
            "20240810",
            "20240822",
            "20240903",
            "20240915",
            "20240927"
          ],
          "displacement_mm": [
            -0.0,
            -5.093637466430664,
            1.4100230932235718,
            -1.8760833740234375,
            -3.8045623302459717,
            -4.645406723022461,
            -2.4160866737365723,
            2.217575788497925,
            -7.164505481719971,
            -16.287853240966797,
            -15.190808296203613,
            -17.066511154174805,
            -8.210733413696289,
            -13.695822715759277,
            -13.235363006591797,
            -16.00265121459961,
            -15.52588176727295,
            -15.759936332702637,
            -23.62946128845215,
            -22.72071075439453
          ]
        }
      }
    },
    {
      "type": "Feature",
      "geometry": {
        "type": "Point",
        "coordinates": [
          126.9841523730553,
          37.40562289939395
        ]
      },
      "properties": {
        "id": 11,
        "lon": 126.9841523730553,
        "lat": 37.40562289939395,
        "velocity": -18.212263107299805,
        "coherence": 0.5552738308906555,
        "disp_final": -6.271022319793701,
        "subsid_cm": -1.8212263584136963,
        "timeseries": {
          "dates": [
            "20240107",
            "20240119",
            "20240131",
            "20240212",
            "20240224",
            "20240307",
            "20240319",
            "20240331",
            "20240412",
            "20240424",
            "20240506",
            "20240530",
            "20240705",
            "20240717",
            "20240729",
            "20240810",
            "20240822",
            "20240903",
            "20240915",
            "20240927"
          ],
          "displacement_mm": [
            -0.0,
            -1.348122239112854,
            -0.8709057569503784,
            1.1933046579360962,
            4.243220806121826,
            1.9958853721618652,
            0.6849644184112549,
            -1.8001712560653687,
            0.4393913149833679,
            -2.1748719215393066,
            0.35685402154922485,
            -4.35818338394165,
            -10.687241554260254,
            -8.318731307983398,
            -11.25277042388916,
            -6.023972511291504,
            -16.58772087097168,
            -9.221250534057617,
            -7.120881080627441,
            -6.271022319793701
          ]
        }
      }
    },
    {
      "type": "Feature",
      "geometry": {
        "type": "Point",
        "coordinates": [
          126.98033136604546,
          37.40587963333334
        ]
      },
      "properties": {
        "id": 12,
        "lon": 126.98033136604546,
        "lat": 37.40587963333334,
        "velocity": -35.724796295166016,
        "coherence": 0.5415096282958984,
        "disp_final": -20.70415687561035,
        "subsid_cm": -3.572479724884033,
        "timeseries": {
          "dates": [
            "20240107",
            "20240119",
            "20240131",
            "20240212",
            "20240224",
            "20240307",
            "20240319",
            "20240331",
            "20240412",
            "20240424",
            "20240506",
            "20240530",
            "20240705",
            "20240717",
            "20240729",
            "20240810",
            "20240822",
            "20240903",
            "20240915",
            "20240927"
          ],
          "displacement_mm": [
            -0.0,
            -1.483797311782837,
            -2.1925175189971924,
            -2.553601026535034,
            -1.1472870111465454,
            -1.323919653892517,
            -2.36928391456604,
            -3.414522647857666,
            -7.127280235290527,
            -7.76284122467041,
            -15.191350936889648,
            -6.979123592376709,
            -18.977981567382812,
            -21.52788543701172,
            -24.802902221679688,
            -18.790725708007812,
            -17.03322410583496,
            -24.276811599731445,
            -21.155681610107422,
            -20.70415687561035
          ]
        }
      }
    },
    {
      "type": "Feature",
      "geometry": {
        "type": "Point",
        "coordinates": [
          126.98049749678502,
          37.40587963333334
        ]
      },
      "properties": {
        "id": 13,
        "lon": 126.98049749678502,
        "lat": 37.40587963333334,
        "velocity": -35.724796295166016,
        "coherence": 0.5415096282958984,
        "disp_final": -20.70415687561035,
        "subsid_cm": -3.572479724884033,
        "timeseries": {
          "dates": [
            "20240107",
            "20240119",
            "20240131",
            "20240212",
            "20240224",
            "20240307",
            "20240319",
            "20240331",
            "20240412",
            "20240424",
            "20240506",
            "20240530",
            "20240705",
            "20240717",
            "20240729",
            "20240810",
            "20240822",
            "20240903",
            "20240915",
            "20240927"
          ],
          "displacement_mm": [
            -0.0,
            -1.483797311782837,
            -2.1925175189971924,
            -2.553601026535034,
            -1.1472870111465454,
            -1.323919653892517,
            -2.36928391456604,
            -3.414522647857666,
            -7.127280235290527,
            -7.76284122467041,
            -15.191350936889648,
            -6.979123592376709,
            -18.977981567382812,
            -21.52788543701172,
            -24.802902221679688,
            -18.790725708007812,
            -17.03322410583496,
            -24.276811599731445,
            -21.155681610107422,
            -20.70415687561035
          ]
        }
      }
    },
    {
      "type": "Feature",
      "geometry": {
        "type": "Point",
        "coordinates": [
          126.9809958890037,
          37.40587963333334
        ]
      },
      "properties": {
        "id": 14,
        "lon": 126.9809958890037,
        "lat": 37.40587963333334,
        "velocity": -14.395549774169922,
        "coherence": 0.6944116950035095,
        "disp_final": -12.363903045654297,
        "subsid_cm": -1.4395549297332764,
        "timeseries": {
          "dates": [
            "20240107",
            "20240119",
            "20240131",
            "20240212",
            "20240224",
            "20240307",
            "20240319",
            "20240331",
            "20240412",
            "20240424",
            "20240506",
            "20240530",
            "20240705",
            "20240717",
            "20240729",
            "20240810",
            "20240822",
            "20240903",
            "20240915",
            "20240927"
          ],
          "displacement_mm": [
            -0.0,
            -0.9984701871871948,
            -0.7465177178382874,
            -1.9369739294052124,
            0.2863384187221527,
            -0.6063185930252075,
            -2.401987314224243,
            -4.126817226409912,
            2.6774609088897705,
            -4.881129264831543,
            -6.684502124786377,
            -2.4643173217773438,
            -2.4643173217773438,
            -7.545533657073975,
            -8.025442123413086,
            -6.303237438201904,
            -9.618843078613281,
            -9.204651832580566,
            -8.310450553894043,
            -12.363903045654297
          ]
        }
      }
    },
    {
      "type": "Feature",
      "geometry": {
        "type": "Point",
        "coordinates": [
          126.98681046488822,
          37.40600800030304
        ]
      },
      "properties": {
        "id": 15,
        "lon": 126.98681046488822,
        "lat": 37.40600800030304,
        "velocity": -12.959693908691406,
        "coherence": 0.5699551105499268,
        "disp_final": -7.001304626464844,
        "subsid_cm": -1.2959693670272827,
        "timeseries": {
          "dates": [
            "20240107",
            "20240119",
            "20240131",
            "20240212",
            "20240224",
            "20240307",
            "20240319",
            "20240331",
            "20240412",
            "20240424",
            "20240506",
            "20240530",
            "20240705",
            "20240717",
            "20240729",
            "20240810",
            "20240822",
            "20240903",
            "20240915",
            "20240927"
          ],
          "displacement_mm": [
            -0.0,
            3.9916493892669678,
            -2.0718564987182617,
            1.591010570526123,
            4.083043575286865,
            6.5090203285217285,
            -3.0199618339538574,
            4.75814962387085,
            -0.19506101310253143,
            0.1827036291360855,
            -1.6082078218460083,
            -5.628836154937744,
            -3.8130009174346924,
            -4.4703521728515625,
            6.1795334815979,
            -3.1421618461608887,
            0.12416521459817886,
            -7.533745288848877,
            -14.277347564697266,
            -7.001304626464844
          ]
        }
      }
    },
    {
      "type": "Feature",
      "geometry": {
        "type": "Point",
        "coordinates": [
          126.98249106565972,
          37.40613636727274
        ]
      },
      "properties": {
        "id": 16,
        "lon": 126.98249106565972,
        "lat": 37.40613636727274,
        "velocity": -25.39482307434082,
        "coherence": 0.8831968903541565,
        "disp_final": -21.707237243652344,
        "subsid_cm": -2.539482355117798,
        "timeseries": {
          "dates": [
            "20240107",
            "20240119",
            "20240131",
            "20240212",
            "20240224",
            "20240307",
            "20240319",
            "20240331",
            "20240412",
            "20240424",
            "20240506",
            "20240530",
            "20240705",
            "20240717",
            "20240729",
            "20240810",
            "20240822",
            "20240903",
            "20240915",
            "20240927"
          ],
          "displacement_mm": [
            -0.0,
            -2.2698843479156494,
            -4.3873491287231445,
            -1.9466888904571533,
            -1.7656043767929077,
            0.8001944422721863,
            -2.625458002090454,
            -6.2261176109313965,
            -20.686113357543945,
            -12.984338760375977,
            -21.71560287475586,
            -19.797260284423828,
            -9.153820991516113,
            -8.131340980529785,
            -15.435580253601074,
            -11.520604133605957,
            -24.150976181030273,
            -16.160125732421875,
            -16.372589111328125,
            -21.707237243652344
          ]
        }
      }
    },
    {
      "type": "Feature",
      "geometry": {
        "type": "Point",
        "coordinates": [
          126.98298945787839,
          37.40613636727274
        ]
      },
      "properties": {
        "id": 17,
        "lon": 126.98298945787839,
        "lat": 37.40613636727274,
        "velocity": -18.55732536315918,
        "coherence": 0.9081230163574219,
        "disp_final": -8.223149299621582,
        "subsid_cm": -1.8557325601577759,
        "timeseries": {
          "dates": [
            "20240107",
            "20240119",
            "20240131",
            "20240212",
            "20240224",
            "20240307",
            "20240319",
            "20240331",
            "20240412",
            "20240424",
            "20240506",
            "20240530",
            "20240705",
            "20240717",
            "20240729",
            "20240810",
            "20240822",
            "20240903",
            "20240915",
            "20240927"
          ],
          "displacement_mm": [
            -0.0,
            -0.8812586665153503,
            -1.0232114791870117,
            -0.999045729637146,
            -0.02866422012448311,
            0.3879109025001526,
            -0.7118650078773499,
            -1.1996729373931885,
            -10.794105529785156,
            -7.600264549255371,
            -3.437507152557373,
            -7.218515872955322,
            -8.781989097595215,
            -9.047121047973633,
            -12.283976554870605,
            -8.808452606201172,
            -17.997974395751953,
            -12.516449928283691,
            -9.147022247314453,
            -8.223149299621582
          ]
        }
      }
    },
    {
      "type": "Feature",
      "geometry": {
        "type": "Point",
        "coordinates": [
          126.98382011157618,
          37.406264734242434
        ]
      },
      "properties": {
        "id": 18,
        "lon": 126.98382011157618,
        "lat": 37.406264734242434,
        "velocity": -17.56528091430664,
        "coherence": 0.637732744216919,
        "disp_final": -4.606745719909668,
        "subsid_cm": -1.7565281391143799,
        "timeseries": {
          "dates": [
            "20240107",
            "20240119",
            "20240131",
            "20240212",
            "20240224",
            "20240307",
            "20240319",
            "20240331",
            "20240412",
            "20240424",
            "20240506",
            "20240530",
            "20240705",
            "20240717",
            "20240729",
            "20240810",
            "20240822",
            "20240903",
            "20240915",
            "20240927"
          ],
          "displacement_mm": [
            -0.0,
            -3.0381553173065186,
            -3.8014681339263916,
            -3.145874261856079,
            -0.9844043254852295,
            1.0960618257522583,
            -3.0830209255218506,
            -10.368258476257324,
            -12.064739227294922,
            -8.725992202758789,
            -9.62368106842041,
            -9.617094039916992,
            -17.826358795166016,
            -14.929665565490723,
            -17.313430786132812,
            -9.256474494934082,
            -17.866230010986328,
            -15.749996185302734,
            -8.40994930267334,
            -4.606745719909668
          ]
        }
      }
    },
    {
      "type": "Feature",
      "geometry": {
        "type": "Point",
        "coordinates": [
          126.98182654270148,
          37.40639310121213
        ]
      },
      "properties": {
        "id": 19,
        "lon": 126.98182654270148,
        "lat": 37.40639310121213,
        "velocity": -11.661036491394043,
        "coherence": 0.5277696847915649,
        "disp_final": -9.245881080627441,
        "subsid_cm": -1.1661036014556885,
        "timeseries": {
          "dates": [
            "20240107",
            "20240119",
            "20240131",
            "20240212",
            "20240224",
            "20240307",
            "20240319",
            "20240331",
            "20240412",
            "20240424",
            "20240506",
            "20240530",
            "20240705",
            "20240717",
            "20240729",
            "20240810",
            "20240822",
            "20240903",
            "20240915",
            "20240927"
          ],
          "displacement_mm": [
            -0.0,
            -0.835405707359314,
            -4.077673435211182,
            -3.5970046520233154,
            -2.890958547592163,
            -4.406562328338623,
            -3.0212252140045166,
            -2.8248050212860107,
            -0.04718907177448273,
            0.5115559697151184,
            -4.041783809661865,
            -5.862489700317383,
            -5.493500232696533,
            -7.2905592918396,
            -11.714524269104004,
            -5.575489044189453,
            -11.906717300415039,
            -8.212430953979492,
            -6.362399578094482,
            -9.245881080627441
          ]
        }
      }
    },
    {
      "type": "Feature",
      "geometry": {
        "type": "Point",
        "coordinates": [
          126.98481689601353,
          37.40639310121213
        ]
      },
      "properties": {
        "id": 20,
        "lon": 126.98481689601353,
        "lat": 37.40639310121213,
        "velocity": -17.113576889038086,
        "coherence": 0.8184627890586853,
        "disp_final": -10.95443344116211,
        "subsid_cm": -1.7113577127456665,
        "timeseries": {
          "dates": [
            "20240107",
            "20240119",
            "20240131",
            "20240212",
            "20240224",
            "20240307",
            "20240319",
            "20240331",
            "20240412",
            "20240424",
            "20240506",
            "20240530",
            "20240705",
            "20240717",
            "20240729",
            "20240810",
            "20240822",
            "20240903",
            "20240915",
            "20240927"
          ],
          "displacement_mm": [
            -0.0,
            -4.046419143676758,
            -6.281221389770508,
            -5.411299228668213,
            -2.3785390853881836,
            -3.0103321075439453,
            -3.2456419467926025,
            -7.775589942932129,
            -7.703248023986816,
            -7.0980753898620605,
            -6.98457670211792,
            -12.257366180419922,
            -17.118606567382812,
            -10.14413833618164,
            -13.690634727478027,
            -12.164896011352539,
            -16.747385025024414,
            -12.850099563598633,
            -11.586475372314453,
            -10.95443344116211
          ]
        }
      }
    },
    {
      "type": "Feature",
      "geometry": {
        "type": "Point",
        "coordinates": [
          126.97999910456635,
          37.40652146818183
        ]
      },
      "properties": {
        "id": 21,
        "lon": 126.97999910456635,
        "lat": 37.40652146818183,
        "velocity": -32.7042236328125,
        "coherence": 0.6865026354789734,
        "disp_final": -20.216127395629883,
        "subsid_cm": -3.2704224586486816,
        "timeseries": {
          "dates": [
            "20240107",
            "20240119",
            "20240131",
            "20240212",
            "20240224",
            "20240307",
            "20240319",
            "20240331",
            "20240412",
            "20240424",
            "20240506",
            "20240530",
            "20240705",
            "20240717",
            "20240729",
            "20240810",
            "20240822",
            "20240903",
            "20240915",
            "20240927"
          ],
          "displacement_mm": [
            -0.0,
            -1.7108962535858154,
            2.347017526626587,
            1.561930775642395,
            3.9887378215789795,
            5.903236389160156,
            6.3415703773498535,
            8.195036888122559,
            -8.31856918334961,
            -5.411228656768799,
            3.3464620113372803,
            -0.37269914150238037,
            -5.290525436401367,
            -10.408332824707031,
            -11.326314926147461,
            -14.869125366210938,
            -8.124517440795898,
            -22.981903076171875,
            -19.607986450195312,
            -20.216127395629883
          ]
        }
      }
    },
    {
      "type": "Feature",
      "geometry": {
        "type": "Point",
        "coordinates": [
          126.98548141897176,
          37.40652146818183
        ]
      },
      "properties": {
        "id": 22,
        "lon": 126.98548141897176,
        "lat": 37.40652146818183,
        "velocity": -34.66795349121094,
        "coherence": 0.7678998112678528,
        "disp_final": -17.88796615600586,
        "subsid_cm": -3.4667954444885254,
        "timeseries": {
          "dates": [
            "20240107",
            "20240119",
            "20240131",
            "20240212",
            "20240224",
            "20240307",
            "20240319",
            "20240331",
            "20240412",
            "20240424",
            "20240506",
            "20240530",
            "20240705",
            "20240717",
            "20240729",
            "20240810",
            "20240822",
            "20240903",
            "20240915",
            "20240927"
          ],
          "displacement_mm": [
            -0.0,
            -1.8099501132965088,
            -4.0633158683776855,
            -3.1782233715057373,
            0.13071690499782562,
            -0.7849696278572083,
            -1.3047738075256348,
            -6.531215190887451,
            -12.869972229003906,
            -16.65294075012207,
            -12.366351127624512,
            -21.581666946411133,
            -25.84050750732422,
            -17.662315368652344,
            -22.339345932006836,
            -22.55291175842285,
            -24.59728240966797,
            -20.904314041137695,
            -18.751266479492188,
            -17.88796615600586
          ]
        }
      }
    },
    {
      "type": "Feature",
      "geometry": {
        "type": "Point",
        "coordinates": [
          126.98049749678502,
          37.406649835151526
        ]
      },
      "properties": {
        "id": 23,
        "lon": 126.98049749678502,
        "lat": 37.406649835151526,
        "velocity": -35.93614959716797,
        "coherence": 0.7901812195777893,
        "disp_final": -20.536609649658203,
        "subsid_cm": -3.5936150550842285,
        "timeseries": {
          "dates": [
            "20240107",
            "20240119",
            "20240131",
            "20240212",
            "20240224",
            "20240307",
            "20240319",
            "20240331",
            "20240412",
            "20240424",
            "20240506",
            "20240530",
            "20240705",
            "20240717",
            "20240729",
            "20240810",
            "20240822",
            "20240903",
            "20240915",
            "20240927"
          ],
          "displacement_mm": [
            -0.0,
            -3.04252552986145,
            -4.111377716064453,
            -3.1068201065063477,
            -3.2151942253112793,
            -1.1953920125961304,
            -5.295281887054443,
            -6.553605556488037,
            -18.074560165405273,
            -15.880356788635254,
            -2.5817558765411377,
            -12.559394836425781,
            -16.631067276000977,
            -21.639448165893555,
            -24.449480056762695,
            -24.401103973388672,
            -23.144651412963867,
            -27.35866355895996,
            -21.531461715698242,
            -20.536609649658203
          ]
        }
      }
    },
    {
      "type": "Feature",
      "geometry": {
        "type": "Point",
        "coordinates": [
          126.98265719639927,
          37.40690656909092
        ]
      },
      "properties": {
        "id": 24,
        "lon": 126.98265719639927,
        "lat": 37.40690656909092,
        "velocity": -19.490646362304688,
        "coherence": 0.5918652415275574,
        "disp_final": -6.356855392456055,
        "subsid_cm": -1.9490646123886108,
        "timeseries": {
          "dates": [
            "20240107",
            "20240119",
            "20240131",
            "20240212",
            "20240224",
            "20240307",
            "20240319",
            "20240331",
            "20240412",
            "20240424",
            "20240506",
            "20240530",
            "20240705",
            "20240717",
            "20240729",
            "20240810",
            "20240822",
            "20240903",
            "20240915",
            "20240927"
          ],
          "displacement_mm": [
            -0.0,
            0.29831868410110474,
            -0.39412859082221985,
            -0.09325496852397919,
            -0.9927501678466797,
            -0.8881130218505859,
            0.7365648150444031,
            -0.5415400266647339,
            -3.2476675510406494,
            -6.8404974937438965,
            -4.821449279785156,
            -11.513818740844727,
            -11.04546070098877,
            -10.370306015014648,
            -13.426552772521973,
            -9.344400405883789,
            -15.4241361618042,
            -11.673198699951172,
            -9.83866024017334,
            -6.356855392456055
          ]
        }
      }
    },
    {
      "type": "Feature",
      "geometry": {
        "type": "Point",
        "coordinates": [
          126.97634422829607,
          37.407163303030316
        ]
      },
      "properties": {
        "id": 25,
        "lon": 126.97634422829607,
        "lat": 37.407163303030316,
        "velocity": -29.66730499267578,
        "coherence": 0.7667298316955566,
        "disp_final": -31.09628677368164,
        "subsid_cm": -2.9667305946350098,
        "timeseries": {
          "dates": [
            "20240107",
            "20240119",
            "20240131",
            "20240212",
            "20240224",
            "20240307",
            "20240319",
            "20240331",
            "20240412",
            "20240424",
            "20240506",
            "20240530",
            "20240705",
            "20240717",
            "20240729",
            "20240810",
            "20240822",
            "20240903",
            "20240915",
            "20240927"
          ],
          "displacement_mm": [
            -0.0,
            -1.9257583618164062,
            -4.2790985107421875,
            -4.009887218475342,
            -1.1832998991012573,
            0.4100216329097748,
            -3.721662759780884,
            -9.8027925491333,
            -6.998215675354004,
            -4.053778171539307,
            -12.226139068603516,
            -3.871152877807617,
            -8.270787239074707,
            -11.998698234558105,
            -12.55945873260498,
            -13.874533653259277,
            -20.82355499267578,
            -20.303497314453125,
            -15.987278938293457,
            -31.09628677368164
          ]
        }
      }
    },
    {
      "type": "Feature",
      "geometry": {
        "type": "Point",
        "coordinates": [
          126.97667648977519,
          37.40729167000001
        ]
      },
      "properties": {
        "id": 26,
        "lon": 126.97667648977519,
        "lat": 37.40729167000001,
        "velocity": -23.27243995666504,
        "coherence": 0.5190966129302979,
        "disp_final": -20.096351623535156,
        "subsid_cm": -2.3272440433502197,
        "timeseries": {
          "dates": [
            "20240107",
            "20240119",
            "20240131",
            "20240212",
            "20240224",
            "20240307",
            "20240319",
            "20240331",
            "20240412",
            "20240424",
            "20240506",
            "20240530",
            "20240705",
            "20240717",
            "20240729",
            "20240810",
            "20240822",
            "20240903",
            "20240915",
            "20240927"
          ],
          "displacement_mm": [
            -0.0,
            -0.24966669082641602,
            -3.9832212924957275,
            -1.5769691467285156,
            -1.5274863243103027,
            -2.7405710220336914,
            -1.6978967189788818,
            0.16700740158557892,
            -7.019845485687256,
            -3.8470170497894287,
            -13.311019897460938,
            -3.8024423122406006,
            -3.8024423122406006,
            -12.640053749084473,
            -10.765565872192383,
            -11.22945499420166,
            -15.464005470275879,
            -10.579217910766602,
            -18.968006134033203,
            -20.096351623535156
          ]
        }
      }
    },
    {
      "type": "Feature",
      "geometry": {
        "type": "Point",
        "coordinates": [
          126.98365398083662,
          37.40742003696971
        ]
      },
      "properties": {
        "id": 27,
        "lon": 126.98365398083662,
        "lat": 37.40742003696971,
        "velocity": -14.151899337768555,
        "coherence": 0.7534904479980469,
        "disp_final": -4.491134166717529,
        "subsid_cm": -1.4151899814605713,
        "timeseries": {
          "dates": [
            "20240107",
            "20240119",
            "20240131",
            "20240212",
            "20240224",
            "20240307",
            "20240319",
            "20240331",
            "20240412",
            "20240424",
            "20240506",
            "20240530",
            "20240705",
            "20240717",
            "20240729",
            "20240810",
            "20240822",
            "20240903",
            "20240915",
            "20240927"
          ],
          "displacement_mm": [
            -0.0,
            0.558010995388031,
            5.008330345153809,
            0.421781450510025,
            -0.6478248238563538,
            -0.0801449790596962,
            0.5369874238967896,
            -1.396492838859558,
            -13.605840682983398,
            -7.576773166656494,
            -7.5952019691467285,
            -8.812638282775879,
            -11.228178977966309,
            -11.280573844909668,
            -11.480628967285156,
            -6.866135597229004,
            -11.185076713562012,
            -7.342526912689209,
            -2.443917751312256,
            -4.491134166717529
          ]
        }
      }
    },
    {
      "type": "Feature",
      "geometry": {
        "type": "Point",
        "coordinates": [
          126.98581368045087,
          37.407676770909106
        ]
      },
      "properties": {
        "id": 28,
        "lon": 126.98581368045087,
        "lat": 37.407676770909106,
        "velocity": -18.786880493164062,
        "coherence": 0.9903075695037842,
        "disp_final": -10.629859924316406,
        "subsid_cm": -1.878688097000122,
        "timeseries": {
          "dates": [
            "20240107",
            "20240119",
            "20240131",
            "20240212",
            "20240224",
            "20240307",
            "20240319",
            "20240331",
            "20240412",
            "20240424",
            "20240506",
            "20240530",
            "20240705",
            "20240717",
            "20240729",
            "20240810",
            "20240822",
            "20240903",
            "20240915",
            "20240927"
          ],
          "displacement_mm": [
            -0.0,
            -1.133201003074646,
            -0.9286789298057556,
            0.3583253026008606,
            -0.7976682782173157,
            1.3433746099472046,
            -0.6911974549293518,
            -2.8922619819641113,
            -3.014484167098999,
            -12.453378677368164,
            -7.8971357345581055,
            -10.077677726745605,
            -10.18082046508789,
            -8.83964729309082,
            -10.870129585266113,
            -9.909951210021973,
            -13.40180492401123,
            -9.803582191467285,
            -11.428190231323242,
            -10.629859924316406
          ]
        }
      }
    },
    {
      "type": "Feature",
      "geometry": {
        "type": "Point",
        "coordinates": [
          126.97401839794226,
          37.40844697272729
        ]
      },
      "properties": {
        "id": 29,
        "lon": 126.97401839794226,
        "lat": 37.40844697272729,
        "velocity": -11.479219436645508,
        "coherence": 0.5829843878746033,
        "disp_final": -3.050016403198242,
        "subsid_cm": -1.1479219198226929,
        "timeseries": {
          "dates": [
            "20240107",
            "20240119",
            "20240131",
            "20240212",
            "20240224",
            "20240307",
            "20240319",
            "20240331",
            "20240412",
            "20240424",
            "20240506",
            "20240530",
            "20240705",
            "20240717",
            "20240729",
            "20240810",
            "20240822",
            "20240903",
            "20240915",
            "20240927"
          ],
          "displacement_mm": [
            -0.0,
            7.536906719207764,
            -3.337388753890991,
            2.9227941036224365,
            0.35414353013038635,
            2.00144100189209,
            2.9971649646759033,
            1.6806080341339111,
            -18.542999267578125,
            -8.21330738067627,
            -4.478531360626221,
            -5.222851753234863,
            -13.789216041564941,
            -0.3919543921947479,
            -7.738603591918945,
            -9.648934364318848,
            -5.408576488494873,
            -5.995782375335693,
            -2.3160645961761475,
            -3.050016403198242
          ]
        }
      }
    },
    {
      "type": "Feature",
      "geometry": {
        "type": "Point",
        "coordinates": [
          126.98116201974325,
          37.40857533969699
        ]
      },
      "properties": {
        "id": 30,
        "lon": 126.98116201974325,
        "lat": 37.40857533969699,
        "velocity": -11.495832443237305,
        "coherence": 0.7789561152458191,
        "disp_final": -6.9716105461120605,
        "subsid_cm": -1.1495832204818726,
        "timeseries": {
          "dates": [
            "20240107",
            "20240119",
            "20240131",
            "20240212",
            "20240224",
            "20240307",
            "20240319",
            "20240331",
            "20240412",
            "20240424",
            "20240506",
            "20240530",
            "20240705",
            "20240717",
            "20240729",
            "20240810",
            "20240822",
            "20240903",
            "20240915",
            "20240927"
          ],
          "displacement_mm": [
            -0.0,
            0.7299128770828247,
            0.8032010197639465,
            2.1297409534454346,
            0.8454788327217102,
            0.4150955080986023,
            -0.17110665142536163,
            -1.2028627395629883,
            11.490087509155273,
            3.154939651489258,
            -0.16075624525547028,
            0.04450860992074013,
            -2.4379992485046387,
            -3.864999771118164,
            -3.592585802078247,
            -5.02794885635376,
            -4.3056769371032715,
            -3.37156081199646,
            -7.0024518966674805,
            -6.9716105461120605
          ]
        }
      }
    },
    {
      "type": "Feature",
      "geometry": {
        "type": "Point",
        "coordinates": [
          126.97916845086856,
          37.408703706666685
        ]
      },
      "properties": {
        "id": 31,
        "lon": 126.97916845086856,
        "lat": 37.408703706666685,
        "velocity": -35.4088249206543,
        "coherence": 0.9054177403450012,
        "disp_final": -23.49972152709961,
        "subsid_cm": -3.5408825874328613,
        "timeseries": {
          "dates": [
            "20240107",
            "20240119",
            "20240131",
            "20240212",
            "20240224",
            "20240307",
            "20240319",
            "20240331",
            "20240412",
            "20240424",
            "20240506",
            "20240530",
            "20240705",
            "20240717",
            "20240729",
            "20240810",
            "20240822",
            "20240903",
            "20240915",
            "20240927"
          ],
          "displacement_mm": [
            -0.0,
            -1.3664361238479614,
            -6.105083465576172,
            -4.497165203094482,
            -1.5849159955978394,
            -1.611426591873169,
            -6.038322925567627,
            -12.779923439025879,
            -2.5013740062713623,
            -17.448081970214844,
            -7.894413471221924,
            -10.076957702636719,
            -3.9654345512390137,
            -10.865488052368164,
            -14.998213768005371,
            -23.740829467773438,
            -27.786151885986328,
            -26.41936492919922,
            -30.426475524902344,
            -23.49972152709961
          ]
        }
      }
    },
    {
      "type": "Feature",
      "geometry": {
        "type": "Point",
        "coordinates": [
          126.98166041196193,
          37.408703706666685
        ]
      },
      "properties": {
        "id": 32,
        "lon": 126.98166041196193,
        "lat": 37.408703706666685,
        "velocity": -11.426541328430176,
        "coherence": 0.7219832539558411,
        "disp_final": -5.979501724243164,
        "subsid_cm": -1.1426541805267334,
        "timeseries": {
          "dates": [
            "20240107",
            "20240119",
            "20240131",
            "20240212",
            "20240224",
            "20240307",
            "20240319",
            "20240331",
            "20240412",
            "20240424",
            "20240506",
            "20240530",
            "20240705",
            "20240717",
            "20240729",
            "20240810",
            "20240822",
            "20240903",
            "20240915",
            "20240927"
          ],
          "displacement_mm": [
            -0.0,
            -1.399880051612854,
            6.085744380950928,
            -2.843719244003296,
            -4.764950275421143,
            -5.372699737548828,
            -6.118903636932373,
            -2.3628642559051514,
            1.0009119510650635,
            -2.590797185897827,
            -3.0520379543304443,
            -5.436836242675781,
            -8.287611961364746,
            -8.753071784973145,
            -7.946964740753174,
            -8.708078384399414,
            -6.683171272277832,
            -8.115729331970215,
            -6.224867343902588,
            -5.979501724243164
          ]
        }
      }
    },
    {
      "type": "Feature",
      "geometry": {
        "type": "Point",
        "coordinates": [
          126.99328956373098,
          37.408703706666685
        ]
      },
      "properties": {
        "id": 33,
        "lon": 126.99328956373098,
        "lat": 37.408703706666685,
        "velocity": -10.720335960388184,
        "coherence": 0.5536336898803711,
        "disp_final": -0.9416038393974304,
        "subsid_cm": -1.0720336437225342,
        "timeseries": {
          "dates": [
            "20240107",
            "20240119",
            "20240131",
            "20240212",
            "20240224",
            "20240307",
            "20240319",
            "20240331",
            "20240412",
            "20240424",
            "20240506",
            "20240530",
            "20240705",
            "20240717",
            "20240729",
            "20240810",
            "20240822",
            "20240903",
            "20240915",
            "20240927"
          ],
          "displacement_mm": [
            -0.0,
            -0.960870623588562,
            0.8829204440116882,
            1.0881037712097168,
            0.38461536169052124,
            -0.8621666431427002,
            1.168928623199463,
            0.7274178862571716,
            12.020018577575684,
            5.266613483428955,
            -2.697253704071045,
            -8.53585147857666,
            -6.14275598526001,
            -6.198685169219971,
            -7.061722278594971,
            -12.14641284942627,
            2.445543050765991,
            -9.063456535339355,
            -2.213369846343994,
            -0.9416038393974304
          ]
        }
      }
    },
    {
      "type": "Feature",
      "geometry": {
        "type": "Point",
        "coordinates": [
          126.98813951080469,
          37.40883207363638
        ]
      },
      "properties": {
        "id": 34,
        "lon": 126.98813951080469,
        "lat": 37.40883207363638,
        "velocity": -23.06570053100586,
        "coherence": 0.6231319308280945,
        "disp_final": -14.470515251159668,
        "subsid_cm": -2.306570053100586,
        "timeseries": {
          "dates": [
            "20240107",
            "20240119",
            "20240131",
            "20240212",
            "20240224",
            "20240307",
            "20240319",
            "20240331",
            "20240412",
            "20240424",
            "20240506",
            "20240530",
            "20240705",
            "20240717",
            "20240729",
            "20240810",
            "20240822",
            "20240903",
            "20240915",
            "20240927"
          ],
          "displacement_mm": [
            -0.0,
            0.8317957520484924,
            -0.3064723014831543,
            -0.28349587321281433,
            -1.5009685754776,
            -0.3889653980731964,
            -1.05306875705719,
            -0.12096238881349564,
            2.514190196990967,
            6.866176128387451,
            1.6614501476287842,
            -5.576557636260986,
            -6.355134010314941,
            -5.314541339874268,
            -13.402588844299316,
            -13.658065795898438,
            -12.363546371459961,
            -10.170401573181152,
            -14.339465141296387,
            -14.470515251159668
          ]
        }
      }
    },
    {
      "type": "Feature",
      "geometry": {
        "type": "Point",
        "coordinates": [
          126.98116201974325,
          37.40896044060608
        ]
      },
      "properties": {
        "id": 35,
        "lon": 126.98116201974325,
        "lat": 37.40896044060608,
        "velocity": -18.439456939697266,
        "coherence": 0.5349197387695312,
        "disp_final": -10.72969913482666,
        "subsid_cm": -1.8439457416534424,
        "timeseries": {
          "dates": [
            "20240107",
            "20240119",
            "20240131",
            "20240212",
            "20240224",
            "20240307",
            "20240319",
            "20240331",
            "20240412",
            "20240424",
            "20240506",
            "20240530",
            "20240705",
            "20240717",
            "20240729",
            "20240810",
            "20240822",
            "20240903",
            "20240915",
            "20240927"
          ],
          "displacement_mm": [
            -0.0,
            -0.6631847620010376,
            4.609018802642822,
            2.146416664123535,
            -3.1663694381713867,
            0.6102485656738281,
            2.307459592819214,
            -9.08167839050293,
            7.640998840332031,
            -8.008950233459473,
            -9.93033504486084,
            -12.460806846618652,
            -9.456849098205566,
            -9.927042007446289,
            -9.438541412353516,
            -10.467279434204102,
            -8.093460083007812,
            -9.198053359985352,
            -7.808611869812012,
            -10.72969913482666
          ]
        }
      }
    },
    {
      "type": "Feature",
      "geometry": {
        "type": "Point",
        "coordinates": [
          126.99378795594966,
          37.409217174545475
        ]
      },
      "properties": {
        "id": 36,
        "lon": 126.99378795594966,
        "lat": 37.409217174545475,
        "velocity": -11.071589469909668,
        "coherence": 0.6845456957817078,
        "disp_final": -10.141740798950195,
        "subsid_cm": -1.107158899307251,
        "timeseries": {
          "dates": [
            "20240107",
            "20240119",
            "20240131",
            "20240212",
            "20240224",
            "20240307",
            "20240319",
            "20240331",
            "20240412",
            "20240424",
            "20240506",
            "20240530",
            "20240705",
            "20240717",
            "20240729",
            "20240810",
            "20240822",
            "20240903",
            "20240915",
            "20240927"
          ],
          "displacement_mm": [
            -0.0,
            -2.7736077308654785,
            -2.0146443843841553,
            -1.038248062133789,
            -3.926170825958252,
            -2.9232699871063232,
            -1.3965750932693481,
            -1.2645372152328491,
            5.604780197143555,
            1.0115588903427124,
            5.626899719238281,
            -0.8191920518875122,
            -0.8191920518875122,
            -6.72562313079834,
            -4.0152716636657715,
            -9.172837257385254,
            -5.519026756286621,
            -10.323216438293457,
            -6.087791919708252,
            -10.141740798950195
          ]
        }
      }
    },
    {
      "type": "Feature",
      "geometry": {
        "type": "Point",
        "coordinates": [
          126.99212664855408,
          37.40934554151517
        ]
      },
      "properties": {
        "id": 37,
        "lon": 126.99212664855408,
        "lat": 37.40934554151517,
        "velocity": -49.894283294677734,
        "coherence": 0.5196452140808105,
        "disp_final": -24.570119857788086,
        "subsid_cm": -4.989428520202637,
        "timeseries": {
          "dates": [
            "20240107",
            "20240119",
            "20240131",
            "20240212",
            "20240224",
            "20240307",
            "20240319",
            "20240331",
            "20240412",
            "20240424",
            "20240506",
            "20240530",
            "20240705",
            "20240717",
            "20240729",
            "20240810",
            "20240822",
            "20240903",
            "20240915",
            "20240927"
          ],
          "displacement_mm": [
            -0.0,
            4.47916841506958,
            2.734132766723633,
            4.715551376342773,
            3.112989664077759,
            -0.8328142762184143,
            2.41562557220459,
            -2.808163642883301,
            11.614392280578613,
            -7.496250629425049,
            -13.647645950317383,
            -19.799041748046875,
            -24.28886604309082,
            -30.656932830810547,
            -22.44188690185547,
            -27.141101837158203,
            -14.988548278808594,
            -27.67828941345215,
            -21.814748764038086,
            -24.570119857788086
          ]
        }
      }
    },
    {
      "type": "Feature",
      "geometry": {
        "type": "Point",
        "coordinates": [
          126.994784740387,
          37.40934554151517
        ]
      },
      "properties": {
        "id": 38,
        "lon": 126.994784740387,
        "lat": 37.40934554151517,
        "velocity": -12.649267196655273,
        "coherence": 0.5359205007553101,
        "disp_final": -22.572908401489258,
        "subsid_cm": -1.2649266719818115,
        "timeseries": {
          "dates": [
            "20240107",
            "20240119",
            "20240131",
            "20240212",
            "20240224",
            "20240307",
            "20240319",
            "20240331",
            "20240412",
            "20240424",
            "20240506",
            "20240530",
            "20240705",
            "20240717",
            "20240729",
            "20240810",
            "20240822",
            "20240903",
            "20240915",
            "20240927"
          ],
          "displacement_mm": [
            -0.0,
            0.22713688015937805,
            -1.8848291635513306,
            1.6380743980407715,
            -0.2239321619272232,
            -0.8741890788078308,
            -4.612863063812256,
            -5.277314186096191,
            6.5558180809021,
            1.5282012224197388,
            -2.4391067028045654,
            -0.8202197551727295,
            -0.8202197551727295,
            -1.007296085357666,
            1.2127412557601929,
            -3.1291604042053223,
            -0.4170296788215637,
            -1.9578255414962769,
            -14.165165901184082,
            -22.572908401489258
          ]
        }
      }
    },
    {
      "type": "Feature",
      "geometry": {
        "type": "Point",
        "coordinates": [
          126.98897016450248,
          37.409730642424265
        ]
      },
      "properties": {
        "id": 39,
        "lon": 126.98897016450248,
        "lat": 37.409730642424265,
        "velocity": -12.699033737182617,
        "coherence": 0.5083555579185486,
        "disp_final": -7.24892520904541,
        "subsid_cm": -1.2699034214019775,
        "timeseries": {
          "dates": [
            "20240107",
            "20240119",
            "20240131",
            "20240212",
            "20240224",
            "20240307",
            "20240319",
            "20240331",
            "20240412",
            "20240424",
            "20240506",
            "20240530",
            "20240705",
            "20240717",
            "20240729",
            "20240810",
            "20240822",
            "20240903",
            "20240915",
            "20240927"
          ],
          "displacement_mm": [
            -0.0,
            -1.1460844278335571,
            2.629673480987549,
            -1.3022657632827759,
            -0.5231752991676331,
            -1.9193371534347534,
            -2.076714515686035,
            -3.9404141902923584,
            5.354496479034424,
            0.29024097323417664,
            -2.8670496940612793,
            -1.333855390548706,
            -3.6569602489471436,
            -6.4544267654418945,
            -7.523575305938721,
            -9.273248672485352,
            -5.8986992835998535,
            -6.9088873863220215,
            -7.921058654785156,
            -7.24892520904541
          ]
        }
      }
    },
    {
      "type": "Feature",
      "geometry": {
        "type": "Point",
        "coordinates": [
          126.97435065942138,
          37.40998737636366
        ]
      },
      "properties": {
        "id": 40,
        "lon": 126.97435065942138,
        "lat": 37.40998737636366,
        "velocity": -21.406585693359375,
        "coherence": 0.8173707127571106,
        "disp_final": -16.75259780883789,
        "subsid_cm": -2.1406586170196533,
        "timeseries": {
          "dates": [
            "20240107",
            "20240119",
            "20240131",
            "20240212",
            "20240224",
            "20240307",
            "20240319",
            "20240331",
            "20240412",
            "20240424",
            "20240506",
            "20240530",
            "20240705",
            "20240717",
            "20240729",
            "20240810",
            "20240822",
            "20240903",
            "20240915",
            "20240927"
          ],
          "displacement_mm": [
            -0.0,
            0.6340108513832092,
            -1.237755537033081,
            -0.6496288776397705,
            -0.2616870701313019,
            0.8192296624183655,
            1.4722633361816406,
            -3.874905824661255,
            11.871604919433594,
            -14.141512870788574,
            -19.287391662597656,
            -15.506340026855469,
            -7.471463680267334,
            -3.900606393814087,
            -7.566930294036865,
            -8.756340026855469,
            -11.073923110961914,
            -8.295083999633789,
            -17.913110733032227,
            -16.75259780883789
          ]
        }
      }
    },
    {
      "type": "Feature",
      "geometry": {
        "type": "Point",
        "coordinates": [
          126.98249106565972,
          37.40998737636366
        ]
      },
      "properties": {
        "id": 41,
        "lon": 126.98249106565972,
        "lat": 37.40998737636366,
        "velocity": -26.150182723999023,
        "coherence": 0.5585436820983887,
        "disp_final": -13.99008846282959,
        "subsid_cm": -2.615018367767334,
        "timeseries": {
          "dates": [
            "20240107",
            "20240119",
            "20240131",
            "20240212",
            "20240224",
            "20240307",
            "20240319",
            "20240331",
            "20240412",
            "20240424",
            "20240506",
            "20240530",
            "20240705",
            "20240717",
            "20240729",
            "20240810",
            "20240822",
            "20240903",
            "20240915",
            "20240927"
          ],
          "displacement_mm": [
            -0.0,
            0.5673676133155823,
            4.542613506317139,
            2.290484666824341,
            1.8648072481155396,
            4.062099933624268,
            4.938129901885986,
            3.661255121231079,
            13.291549682617188,
            3.7973580360412598,
            -2.4928534030914307,
            0.8285554051399231,
            -3.1439144611358643,
            -9.017704010009766,
            -6.530195236206055,
            -9.368768692016602,
            -13.923675537109375,
            -12.883755683898926,
            -11.695798873901367,
            -13.99008846282959
          ]
        }
      }
    },
    {
      "type": "Feature",
      "geometry": {
        "type": "Point",
        "coordinates": [
          126.9833217193575,
          37.41011574333336
        ]
      },
      "properties": {
        "id": 42,
        "lon": 126.9833217193575,
        "lat": 37.41011574333336,
        "velocity": -16.215211868286133,
        "coherence": 0.5104109644889832,
        "disp_final": -12.313628196716309,
        "subsid_cm": -1.621521234512329,
        "timeseries": {
          "dates": [
            "20240107",
            "20240119",
            "20240131",
            "20240212",
            "20240224",
            "20240307",
            "20240319",
            "20240331",
            "20240412",
            "20240424",
            "20240506",
            "20240530",
            "20240705",
            "20240717",
            "20240729",
            "20240810",
            "20240822",
            "20240903",
            "20240915",
            "20240927"
          ],
          "displacement_mm": [
            -0.0,
            -4.842281818389893,
            -1.6374695301055908,
            -2.5877575874328613,
            -2.020829677581787,
            -1.0770548582077026,
            -2.94421648979187,
            -3.249781608581543,
            7.963342189788818,
            0.9915141463279724,
            1.5744829177856445,
            -1.5991320610046387,
            0.30131402611732483,
            -8.073455810546875,
            -11.034356117248535,
            -14.056952476501465,
            -10.824668884277344,
            -8.709535598754883,
            -10.921757698059082,
            -12.313628196716309
          ]
        }
      }
    },
    {
      "type": "Feature",
      "geometry": {
        "type": "Point",
        "coordinates": [
          126.98681046488822,
          37.41011574333336
        ]
      },
      "properties": {
        "id": 43,
        "lon": 126.98681046488822,
        "lat": 37.41011574333336,
        "velocity": -40.66883087158203,
        "coherence": 0.7711484432220459,
        "disp_final": -21.27279281616211,
        "subsid_cm": -4.066883087158203,
        "timeseries": {
          "dates": [
            "20240107",
            "20240119",
            "20240131",
            "20240212",
            "20240224",
            "20240307",
            "20240319",
            "20240331",
            "20240412",
            "20240424",
            "20240506",
            "20240530",
            "20240705",
            "20240717",
            "20240729",
            "20240810",
            "20240822",
            "20240903",
            "20240915",
            "20240927"
          ],
          "displacement_mm": [
            -0.0,
            -0.5248013734817505,
            -1.5840911865234375,
            -1.3727573156356812,
            -0.6366844177246094,
            1.7462952136993408,
            -2.1216511726379395,
            -10.026884078979492,
            8.202459335327148,
            -1.1779751777648926,
            -15.487504005432129,
            -7.907479763031006,
            -17.542930603027344,
            -18.03079605102539,
            -22.48148536682129,
            -24.094690322875977,
            -24.415090560913086,
            -24.173683166503906,
            -23.137422561645508,
            -21.27279281616211
          ]
        }
      }
    },
    {
      "type": "Feature",
      "geometry": {
        "type": "Point",
        "coordinates": [
          126.98232493492016,
          37.410244110303054
        ]
      },
      "properties": {
        "id": 44,
        "lon": 126.98232493492016,
        "lat": 37.410244110303054,
        "velocity": -15.273420333862305,
        "coherence": 0.7136042714118958,
        "disp_final": -4.660247802734375,
        "subsid_cm": -1.5273420810699463,
        "timeseries": {
          "dates": [
            "20240107",
            "20240119",
            "20240131",
            "20240212",
            "20240224",
            "20240307",
            "20240319",
            "20240331",
            "20240412",
            "20240424",
            "20240506",
            "20240530",
            "20240705",
            "20240717",
            "20240729",
            "20240810",
            "20240822",
            "20240903",
            "20240915",
            "20240927"
          ],
          "displacement_mm": [
            -0.0,
            8.541343688964844,
            4.1255364418029785,
            1.9425429105758667,
            6.048686981201172,
            3.2565906047821045,
            5.0076823234558105,
            2.91803240776062,
            10.908985137939453,
            5.5727386474609375,
            2.780688762664795,
            0.22300072014331818,
            -2.638662099838257,
            -3.9614686965942383,
            -1.8430957794189453,
            -5.986555099487305,
            -3.089707851409912,
            -2.997713327407837,
            -3.6891045570373535,
            -4.660247802734375
          ]
        }
      }
    },
    {
      "type": "Feature",
      "geometry": {
        "type": "Point",
        "coordinates": [
          126.98049749678502,
          37.41037247727275
        ]
      },
      "properties": {
        "id": 45,
        "lon": 126.98049749678502,
        "lat": 37.41037247727275,
        "velocity": -13.059571266174316,
        "coherence": 0.6430590748786926,
        "disp_final": -8.021957397460938,
        "subsid_cm": -1.3059570789337158,
        "timeseries": {
          "dates": [
            "20240107",
            "20240119",
            "20240131",
            "20240212",
            "20240224",
            "20240307",
            "20240319",
            "20240331",
            "20240412",
            "20240424",
            "20240506",
            "20240530",
            "20240705",
            "20240717",
            "20240729",
            "20240810",
            "20240822",
            "20240903",
            "20240915",
            "20240927"
          ],
          "displacement_mm": [
            -0.0,
            -0.7339192032814026,
            -2.1163995265960693,
            -2.506864547729492,
            -1.2500221729278564,
            -2.565985679626465,
            -2.256702184677124,
            -5.613243579864502,
            -13.750078201293945,
            -10.093276977539062,
            -7.953215599060059,
            -9.959345817565918,
            -10.00823974609375,
            -10.016217231750488,
            -7.771646499633789,
            -11.124322891235352,
            -8.725383758544922,
            -9.586252212524414,
            -9.941763877868652,
            -8.021957397460938
          ]
        }
      }
    },
    {
      "type": "Feature",
      "geometry": {
        "type": "Point",
        "coordinates": [
          126.9853152882322,
          37.41037247727275
        ]
      },
      "properties": {
        "id": 46,
        "lon": 126.9853152882322,
        "lat": 37.41037247727275,
        "velocity": -13.830578804016113,
        "coherence": 0.641993522644043,
        "disp_final": -8.34379768371582,
        "subsid_cm": -1.3830578327178955,
        "timeseries": {
          "dates": [
            "20240107",
            "20240119",
            "20240131",
            "20240212",
            "20240224",
            "20240307",
            "20240319",
            "20240331",
            "20240412",
            "20240424",
            "20240506",
            "20240530",
            "20240705",
            "20240717",
            "20240729",
            "20240810",
            "20240822",
            "20240903",
            "20240915",
            "20240927"
          ],
          "displacement_mm": [
            -0.0,
            2.3944590091705322,
            -4.767619609832764,
            -3.212972402572632,
            2.847120761871338,
            -0.3152667284011841,
            -1.429255485534668,
            -5.380273818969727,
            2.257838487625122,
            2.644317150115967,
            -3.98699688911438,
            1.3664346933364868,
            -1.0818414688110352,
            -1.5361816883087158,
            -6.997397422790527,
            -10.52136516571045,
            -10.66064167022705,
            -10.519840240478516,
            -8.610733985900879,
            -8.34379768371582
          ]
        }
      }
    },
    {
      "type": "Feature",
      "geometry": {
        "type": "Point",
        "coordinates": [
          126.98581368045087,
          37.41037247727275
        ]
      },
      "properties": {
        "id": 47,
        "lon": 126.98581368045087,
        "lat": 37.41037247727275,
        "velocity": -10.176027297973633,
        "coherence": 0.7201387286186218,
        "disp_final": -4.999959468841553,
        "subsid_cm": -1.0176026821136475,
        "timeseries": {
          "dates": [
            "20240107",
            "20240119",
            "20240131",
            "20240212",
            "20240224",
            "20240307",
            "20240319",
            "20240331",
            "20240412",
            "20240424",
            "20240506",
            "20240530",
            "20240705",
            "20240717",
            "20240729",
            "20240810",
            "20240822",
            "20240903",
            "20240915",
            "20240927"
          ],
          "displacement_mm": [
            -0.0,
            -0.428031325340271,
            -3.8142523765563965,
            -1.607651948928833,
            -0.7732225656509399,
            1.2665348052978516,
            -1.4192711114883423,
            -6.087258338928223,
            15.696521759033203,
            6.26965856552124,
            -4.805237293243408,
            -3.2981603145599365,
            -1.0588661432266235,
            -0.5896871089935303,
            -6.499779224395752,
            -6.418003559112549,
            -8.885245323181152,
            -5.809340476989746,
            -7.647835731506348,
            -4.999959468841553
          ]
        }
      }
    },
    {
      "type": "Feature",
      "geometry": {
        "type": "Point",
        "coordinates": [
          126.99146212559585,
          37.41037247727275
        ]
      },
      "properties": {
        "id": 48,
        "lon": 126.99146212559585,
        "lat": 37.41037247727275,
        "velocity": -26.76081657409668,
        "coherence": 0.6577900052070618,
        "disp_final": -16.261310577392578,
        "subsid_cm": -2.676081657409668,
        "timeseries": {
          "dates": [
            "20240107",
            "20240119",
            "20240131",
            "20240212",
            "20240224",
            "20240307",
            "20240319",
            "20240331",
            "20240412",
            "20240424",
            "20240506",
            "20240530",
            "20240705",
            "20240717",
            "20240729",
            "20240810",
            "20240822",
            "20240903",
            "20240915",
            "20240927"
          ],
          "displacement_mm": [
            -0.0,
            -0.6798584461212158,
            -0.9125462770462036,
            -0.9296647906303406,
            0.9096845388412476,
            0.2714446485042572,
            1.9633289575576782,
            1.2132824659347534,
            -2.4870898723602295,
            0.6977205276489258,
            1.3510056734085083,
            -10.071998596191406,
            -14.385876655578613,
            -13.022987365722656,
            -13.745949745178223,
            -16.012969970703125,
            -12.907600402832031,
            -12.31569766998291,
            -13.1336030960083,
            -16.261310577392578
          ]
        }
      }
    },
    {
      "type": "Feature",
      "geometry": {
        "type": "Point",
        "coordinates": [
          126.98382011157618,
          37.41050084424245
        ]
      },
      "properties": {
        "id": 49,
        "lon": 126.98382011157618,
        "lat": 37.41050084424245,
        "velocity": -42.16836166381836,
        "coherence": 0.5855875611305237,
        "disp_final": -30.75259017944336,
        "subsid_cm": -4.216835975646973,
        "timeseries": {
          "dates": [
            "20240107",
            "20240119",
            "20240131",
            "20240212",
            "20240224",
            "20240307",
            "20240319",
            "20240331",
            "20240412",
            "20240424",
            "20240506",
            "20240530",
            "20240705",
            "20240717",
            "20240729",
            "20240810",
            "20240822",
            "20240903",
            "20240915",
            "20240927"
          ],
          "displacement_mm": [
            -0.0,
            -5.071972370147705,
            -10.679798126220703,
            -9.554676055908203,
            -7.307078838348389,
            -10.079964637756348,
            -7.251469612121582,
            -21.318328857421875,
            -6.775024890899658,
            -15.134407997131348,
            -17.922210693359375,
            -26.50731086730957,
            -33.26957321166992,
            -28.177091598510742,
            -27.580121994018555,
            -33.662776947021484,
            -30.587139129638672,
            -26.82853126525879,
            -28.69304656982422,
            -30.75259017944336
          ]
        }
      }
    },
    {
      "type": "Feature",
      "geometry": {
        "type": "Point",
        "coordinates": [
          126.98282332713883,
          37.410757578181844
        ]
      },
      "properties": {
        "id": 50,
        "lon": 126.98282332713883,
        "lat": 37.410757578181844,
        "velocity": -30.928525924682617,
        "coherence": 0.5919035077095032,
        "disp_final": -21.24635887145996,
        "subsid_cm": -3.0928525924682617,
        "timeseries": {
          "dates": [
            "20240107",
            "20240119",
            "20240131",
            "20240212",
            "20240224",
            "20240307",
            "20240319",
            "20240331",
            "20240412",
            "20240424",
            "20240506",
            "20240530",
            "20240705",
            "20240717",
            "20240729",
            "20240810",
            "20240822",
            "20240903",
            "20240915",
            "20240927"
          ],
          "displacement_mm": [
            -0.0,
            2.421236991882324,
            -0.13876838982105255,
            -2.3176684379577637,
            -7.08939790725708,
            -17.63262176513672,
            -2.4807848930358887,
            -7.230818271636963,
            8.77163314819336,
            -3.2163913249969482,
            -11.061399459838867,
            -13.369362831115723,
            -12.673040390014648,
            -17.054473876953125,
            -15.317736625671387,
            -22.05538558959961,
            -18.476463317871094,
            -16.771760940551758,
            -21.953311920166016,
            -21.24635887145996
          ]
        }
      }
    },
    {
      "type": "Feature",
      "geometry": {
        "type": "Point",
        "coordinates": [
          126.98082975826414,
          37.41088594515154
        ]
      },
      "properties": {
        "id": 51,
        "lon": 126.98082975826414,
        "lat": 37.41088594515154,
        "velocity": -23.640459060668945,
        "coherence": 0.5117800831794739,
        "disp_final": -10.257088661193848,
        "subsid_cm": -2.3640458583831787,
        "timeseries": {
          "dates": [
            "20240107",
            "20240119",
            "20240131",
            "20240212",
            "20240224",
            "20240307",
            "20240319",
            "20240331",
            "20240412",
            "20240424",
            "20240506",
            "20240530",
            "20240705",
            "20240717",
            "20240729",
            "20240810",
            "20240822",
            "20240903",
            "20240915",
            "20240927"
          ],
          "displacement_mm": [
            -0.0,
            -3.1940035820007324,
            0.7131644487380981,
            -1.4633759260177612,
            -11.31035041809082,
            -4.634363174438477,
            -1.6552605628967285,
            -5.830682754516602,
            -2.07049298286438,
            -9.712465286254883,
            -6.753111362457275,
            -10.90250301361084,
            -17.71106719970703,
            -24.98829460144043,
            -20.1929874420166,
            -22.326763153076172,
            -10.704609870910645,
            -14.929996490478516,
            -11.871936798095703,
            -10.257088661193848
          ]
        }
      }
    },
    {
      "type": "Feature",
      "geometry": {
        "type": "Point",
        "coordinates": [
          126.98232493492016,
          37.41101431212124
        ]
      },
      "properties": {
        "id": 52,
        "lon": 126.98232493492016,
        "lat": 37.41101431212124,
        "velocity": -16.179128646850586,
        "coherence": 0.5055497288703918,
        "disp_final": -12.533236503601074,
        "subsid_cm": -1.6179128885269165,
        "timeseries": {
          "dates": [
            "20240107",
            "20240119",
            "20240131",
            "20240212",
            "20240224",
            "20240307",
            "20240319",
            "20240331",
            "20240412",
            "20240424",
            "20240506",
            "20240530",
            "20240705",
            "20240717",
            "20240729",
            "20240810",
            "20240822",
            "20240903",
            "20240915",
            "20240927"
          ],
          "displacement_mm": [
            -0.0,
            -0.9486428499221802,
            -0.3359096348285675,
            -3.397136688232422,
            -3.684941291809082,
            -11.075790405273438,
            -13.316386222839355,
            -12.383655548095703,
            -12.261198043823242,
            -12.676313400268555,
            -9.28481674194336,
            -12.840160369873047,
            -13.147068977355957,
            -9.629010200500488,
            -13.191963195800781,
            -15.400073051452637,
            -14.142952919006348,
            -13.136658668518066,
            -13.094505310058594,
            -12.533236503601074
          ]
        }
      }
    },
    {
      "type": "Feature",
      "geometry": {
        "type": "Point",
        "coordinates": [
          126.98780724932557,
          37.41101431212124
        ]
      },
      "properties": {
        "id": 53,
        "lon": 126.98780724932557,
        "lat": 37.41101431212124,
        "velocity": -27.0882625579834,
        "coherence": 0.6762078404426575,
        "disp_final": -14.358759880065918,
        "subsid_cm": -2.7088263034820557,
        "timeseries": {
          "dates": [
            "20240107",
            "20240119",
            "20240131",
            "20240212",
            "20240224",
            "20240307",
            "20240319",
            "20240331",
            "20240412",
            "20240424",
            "20240506",
            "20240530",
            "20240705",
            "20240717",
            "20240729",
            "20240810",
            "20240822",
            "20240903",
            "20240915",
            "20240927"
          ],
          "displacement_mm": [
            -0.0,
            -0.8402634263038635,
            0.9139007925987244,
            -0.7219930291175842,
            4.3305463790893555,
            -0.458462119102478,
            0.4921504259109497,
            -0.47071602940559387,
            -18.292442321777344,
            3.5773041248321533,
            -2.6324052810668945,
            -1.617929458618164,
            -11.996789932250977,
            -11.819438934326172,
            -16.42915916442871,
            -16.03057861328125,
            -16.18796157836914,
            -17.656946182250977,
            -11.729248046875,
            -14.358759880065918
          ]
        }
      }
    },
    {
      "type": "Feature",
      "geometry": {
        "type": "Point",
        "coordinates": [
          126.98282332713883,
          37.411142679090936
        ]
      },
      "properties": {
        "id": 54,
        "lon": 126.98282332713883,
        "lat": 37.411142679090936,
        "velocity": -23.28130531311035,
        "coherence": 0.5558146834373474,
        "disp_final": -20.04032325744629,
        "subsid_cm": -2.3281304836273193,
        "timeseries": {
          "dates": [
            "20240107",
            "20240119",
            "20240131",
            "20240212",
            "20240224",
            "20240307",
            "20240319",
            "20240331",
            "20240412",
            "20240424",
            "20240506",
            "20240530",
            "20240705",
            "20240717",
            "20240729",
            "20240810",
            "20240822",
            "20240903",
            "20240915",
            "20240927"
          ],
          "displacement_mm": [
            -0.0,
            -8.328592300415039,
            -5.830461025238037,
            -7.613977432250977,
            -4.393836498260498,
            -7.2103095054626465,
            -13.972780227661133,
            -16.058334350585938,
            -9.724510192871094,
            -14.506176948547363,
            -11.668007850646973,
            -16.13578224182129,
            -18.136945724487305,
            -21.32270622253418,
            -17.402790069580078,
            -22.869047164916992,
            -18.58870506286621,
            -16.422664642333984,
            -19.365732192993164,
            -20.04032325744629
          ]
        }
      }
    },
    {
      "type": "Feature",
      "geometry": {
        "type": "Point",
        "coordinates": [
          126.9833217193575,
          37.411142679090936
        ]
      },
      "properties": {
        "id": 55,
        "lon": 126.9833217193575,
        "lat": 37.411142679090936,
        "velocity": -33.29348373413086,
        "coherence": 0.6222637891769409,
        "disp_final": -12.644214630126953,
        "subsid_cm": -3.32934832572937,
        "timeseries": {
          "dates": [
            "20240107",
            "20240119",
            "20240131",
            "20240212",
            "20240224",
            "20240307",
            "20240319",
            "20240331",
            "20240412",
            "20240424",
            "20240506",
            "20240530",
            "20240705",
            "20240717",
            "20240729",
            "20240810",
            "20240822",
            "20240903",
            "20240915",
            "20240927"
          ],
          "displacement_mm": [
            -0.0,
            4.068017959594727,
            1.4412928819656372,
            2.19158673286438,
            3.3399226665496826,
            4.021986961364746,
            2.312079906463623,
            4.373473644256592,
            1.432245135307312,
            -0.5503039360046387,
            0.3149643838405609,
            -6.48517370223999,
            -16.542789459228516,
            -18.226486206054688,
            -14.820934295654297,
            -20.219371795654297,
            -15.828415870666504,
            -12.878533363342285,
            -13.713469505310059,
            -12.644214630126953
          ]
        }
      }
    },
    {
      "type": "Feature",
      "geometry": {
        "type": "Point",
        "coordinates": [
          126.97235709054668,
          37.411271046060634
        ]
      },
      "properties": {
        "id": 56,
        "lon": 126.97235709054668,
        "lat": 37.411271046060634,
        "velocity": -15.177130699157715,
        "coherence": 0.611844003200531,
        "disp_final": -17.56291389465332,
        "subsid_cm": -1.5177130699157715,
        "timeseries": {
          "dates": [
            "20240107",
            "20240119",
            "20240131",
            "20240212",
            "20240224",
            "20240307",
            "20240319",
            "20240331",
            "20240412",
            "20240424",
            "20240506",
            "20240530",
            "20240705",
            "20240717",
            "20240729",
            "20240810",
            "20240822",
            "20240903",
            "20240915",
            "20240927"
          ],
          "displacement_mm": [
            -0.0,
            0.4937843382358551,
            -1.7542613744735718,
            -0.5824769735336304,
            -0.4896168112754822,
            1.3808940649032593,
            -1.119810938835144,
            -4.1210551261901855,
            -16.281118392944336,
            -1.9715604782104492,
            -5.5374345779418945,
            -3.8046844005584717,
            -3.8046844005584717,
            0.8403029441833496,
            -3.8646483421325684,
            -3.538241147994995,
            -10.661840438842773,
            -6.919320106506348,
            -16.117788314819336,
            -17.56291389465332
          ]
        }
      }
    },
    {
      "type": "Feature",
      "geometry": {
        "type": "Point",
        "coordinates": [
          126.97767327421253,
          37.41152778000003
        ]
      },
      "properties": {
        "id": 57,
        "lon": 126.97767327421253,
        "lat": 37.41152778000003,
        "velocity": -20.964828491210938,
        "coherence": 1.0,
        "disp_final": -11.640626907348633,
        "subsid_cm": -2.096482753753662,
        "timeseries": {
          "dates": [
            "20240107",
            "20240119",
            "20240131",
            "20240212",
            "20240224",
            "20240307",
            "20240319",
            "20240331",
            "20240412",
            "20240424",
            "20240506",
            "20240530",
            "20240705",
            "20240717",
            "20240729",
            "20240810",
            "20240822",
            "20240903",
            "20240915",
            "20240927"
          ],
          "displacement_mm": [
            -0.0,
            -0.6969940662384033,
            -0.8349972367286682,
            -1.533756971359253,
            -2.438723564147949,
            1.1782881021499634,
            -2.996500253677368,
            -9.31058120727539,
            -16.603641510009766,
            -10.282307624816895,
            -8.006961822509766,
            -10.512473106384277,
            -9.277694702148438,
            -12.266633987426758,
            -11.029960632324219,
            -14.059821128845215,
            -14.411637306213379,
            -13.976637840270996,
            -17.047475814819336,
            -11.640626907348633
          ]
        }
      }
    },
    {
      "type": "Feature",
      "geometry": {
        "type": "Point",
        "coordinates": [
          126.98830564154424,
          37.41152778000003
        ]
      },
      "properties": {
        "id": 58,
        "lon": 126.98830564154424,
        "lat": 37.41152778000003,
        "velocity": -16.21355438232422,
        "coherence": 0.7831438183784485,
        "disp_final": -5.352695941925049,
        "subsid_cm": -1.621355414390564,
        "timeseries": {
          "dates": [
            "20240107",
            "20240119",
            "20240131",
            "20240212",
            "20240224",
            "20240307",
            "20240319",
            "20240331",
            "20240412",
            "20240424",
            "20240506",
            "20240530",
            "20240705",
            "20240717",
            "20240729",
            "20240810",
            "20240822",
            "20240903",
            "20240915",
            "20240927"
          ],
          "displacement_mm": [
            -0.0,
            -2.7276298999786377,
            -5.635910987854004,
            -3.0339298248291016,
            -3.032332420349121,
            0.2294483333826065,
            -1.9520310163497925,
            -8.967406272888184,
            -11.438124656677246,
            -3.50179123878479,
            0.34614449739456177,
            -6.151320457458496,
            -10.396074295043945,
            -14.842035293579102,
            -15.391815185546875,
            -14.2562894821167,
            -15.104195594787598,
            -15.165407180786133,
            -7.397189140319824,
            -5.352695941925049
          ]
        }
      }
    },
    {
      "type": "Feature",
      "geometry": {
        "type": "Point",
        "coordinates": [
          126.98365398083662,
          37.411656146969726
        ]
      },
      "properties": {
        "id": 59,
        "lon": 126.98365398083662,
        "lat": 37.411656146969726,
        "velocity": -18.598419189453125,
        "coherence": 0.5167329907417297,
        "disp_final": -14.496770858764648,
        "subsid_cm": -1.8598419427871704,
        "timeseries": {
          "dates": [
            "20240107",
            "20240119",
            "20240131",
            "20240212",
            "20240224",
            "20240307",
            "20240319",
            "20240331",
            "20240412",
            "20240424",
            "20240506",
            "20240530",
            "20240705",
            "20240717",
            "20240729",
            "20240810",
            "20240822",
            "20240903",
            "20240915",
            "20240927"
          ],
          "displacement_mm": [
            -0.0,
            -7.733174800872803,
            -5.054654598236084,
            -6.223305702209473,
            -7.351205348968506,
            -11.569270133972168,
            -10.465185165405273,
            -15.626312255859375,
            -11.242018699645996,
            -16.82858657836914,
            -13.402180671691895,
            -13.729320526123047,
            -16.992204666137695,
            -21.20852279663086,
            -15.824917793273926,
            -20.03951644897461,
            -19.58531951904297,
            -15.218393325805664,
            -15.808298110961914,
            -14.496770858764648
          ]
        }
      }
    },
    {
      "type": "Feature",
      "geometry": {
        "type": "Point",
        "coordinates": [
          126.9841523730553,
          37.411656146969726
        ]
      },
      "properties": {
        "id": 60,
        "lon": 126.9841523730553,
        "lat": 37.411656146969726,
        "velocity": -32.702938079833984,
        "coherence": 0.8544519543647766,
        "disp_final": -14.407146453857422,
        "subsid_cm": -3.270293712615967,
        "timeseries": {
          "dates": [
            "20240107",
            "20240119",
            "20240131",
            "20240212",
            "20240224",
            "20240307",
            "20240319",
            "20240331",
            "20240412",
            "20240424",
            "20240506",
            "20240530",
            "20240705",
            "20240717",
            "20240729",
            "20240810",
            "20240822",
            "20240903",
            "20240915",
            "20240927"
          ],
          "displacement_mm": [
            -0.0,
            -1.4029420614242554,
            -3.8876352310180664,
            -3.0297017097473145,
            -3.1669816970825195,
            -0.6437912583351135,
            -3.6727240085601807,
            -10.553524017333984,
            1.0651860237121582,
            -1.593701958656311,
            -14.367191314697266,
            -6.943478584289551,
            -11.932511329650879,
            -15.791810035705566,
            -17.381031036376953,
            -24.079221725463867,
            -29.019851684570312,
            -23.289663314819336,
            -18.8774356842041,
            -14.407146453857422
          ]
        }
      }
    },
    {
      "type": "Feature",
      "geometry": {
        "type": "Point",
        "coordinates": [
          126.97916845086856,
          37.41178451393942
        ]
      },
      "properties": {
        "id": 61,
        "lon": 126.97916845086856,
        "lat": 37.41178451393942,
        "velocity": -16.736141204833984,
        "coherence": 0.5324180126190186,
        "disp_final": -13.843021392822266,
        "subsid_cm": -1.6736141443252563,
        "timeseries": {
          "dates": [
            "20240107",
            "20240119",
            "20240131",
            "20240212",
            "20240224",
            "20240307",
            "20240319",
            "20240331",
            "20240412",
            "20240424",
            "20240506",
            "20240530",
            "20240705",
            "20240717",
            "20240729",
            "20240810",
            "20240822",
            "20240903",
            "20240915",
            "20240927"
          ],
          "displacement_mm": [
            -0.0,
            -1.3250795602798462,
            1.5792255401611328,
            -9.207691192626953,
            -4.110843658447266,
            -6.964157581329346,
            -8.68563175201416,
            -8.339921951293945,
            -10.03041934967041,
            -10.955328941345215,
            -11.188419342041016,
            -9.731657981872559,
            -9.731657981872559,
            -12.272894859313965,
            -24.636343002319336,
            -12.075231552124023,
            -10.160825729370117,
            -7.11427640914917,
            -14.604832649230957,
            -13.843021392822266
          ]
        }
      }
    },
    {
      "type": "Feature",
      "geometry": {
        "type": "Point",
        "coordinates": [
          126.9956153940848,
          37.41178451393942
        ]
      },
      "properties": {
        "id": 62,
        "lon": 126.9956153940848,
        "lat": 37.41178451393942,
        "velocity": -14.123252868652344,
        "coherence": 0.7289026379585266,
        "disp_final": -6.227845668792725,
        "subsid_cm": -1.4123252630233765,
        "timeseries": {
          "dates": [
            "20240107",
            "20240119",
            "20240131",
            "20240212",
            "20240224",
            "20240307",
            "20240319",
            "20240331",
            "20240412",
            "20240424",
            "20240506",
            "20240530",
            "20240705",
            "20240717",
            "20240729",
            "20240810",
            "20240822",
            "20240903",
            "20240915",
            "20240927"
          ],
          "displacement_mm": [
            -0.0,
            8.994338989257812,
            3.9609220027923584,
            1.58878493309021,
            -5.91354513168335,
            -0.6359366178512573,
            -0.6681317687034607,
            -9.75857162475586,
            -1.3823060989379883,
            -2.5606772899627686,
            4.02519416809082,
            -4.556051731109619,
            -4.556051731109619,
            -9.875617027282715,
            -6.316230773925781,
            -7.702503204345703,
            -2.9645400047302246,
            -4.686270236968994,
            -10.420459747314453,
            -6.227845668792725
          ]
        }
      }
    },
    {
      "type": "Feature",
      "geometry": {
        "type": "Point",
        "coordinates": [
          126.9916282563354,
          37.41191288090912
        ]
      },
      "properties": {
        "id": 63,
        "lon": 126.9916282563354,
        "lat": 37.41191288090912,
        "velocity": -26.286222457885742,
        "coherence": 0.5223528742790222,
        "disp_final": -10.68115520477295,
        "subsid_cm": -2.62862229347229,
        "timeseries": {
          "dates": [
            "20240107",
            "20240119",
            "20240131",
            "20240212",
            "20240224",
            "20240307",
            "20240319",
            "20240331",
            "20240412",
            "20240424",
            "20240506",
            "20240530",
            "20240705",
            "20240717",
            "20240729",
            "20240810",
            "20240822",
            "20240903",
            "20240915",
            "20240927"
          ],
          "displacement_mm": [
            -0.0,
            0.47362807393074036,
            2.1215169429779053,
            0.5580928325653076,
            1.090997576713562,
            0.4453761577606201,
            4.693055629730225,
            2.6328208446502686,
            3.2906012535095215,
            2.856358051300049,
            0.09395699948072433,
            -10.495361328125,
            -11.306493759155273,
            -14.192373275756836,
            -15.794329643249512,
            -17.316686630249023,
            -11.278454780578613,
            -9.860651969909668,
            -11.082090377807617,
            -10.68115520477295
          ]
        }
      }
    },
    {
      "type": "Feature",
      "geometry": {
        "type": "Point",
        "coordinates": [
          126.97235709054668,
          37.41204124787882
        ]
      },
      "properties": {
        "id": 64,
        "lon": 126.97235709054668,
        "lat": 37.41204124787882,
        "velocity": -15.550926208496094,
        "coherence": 0.5712463855743408,
        "disp_final": -18.506214141845703,
        "subsid_cm": -1.5550925731658936,
        "timeseries": {
          "dates": [
            "20240107",
            "20240119",
            "20240131",
            "20240212",
            "20240224",
            "20240307",
            "20240319",
            "20240331",
            "20240412",
            "20240424",
            "20240506",
            "20240530",
            "20240705",
            "20240717",
            "20240729",
            "20240810",
            "20240822",
            "20240903",
            "20240915",
            "20240927"
          ],
          "displacement_mm": [
            -0.0,
            1.9455561637878418,
            -0.3776226341724396,
            -1.237815499305725,
            -0.30537402629852295,
            2.605377435684204,
            5.617067337036133,
            -3.059250593185425,
            9.663290977478027,
            -15.94528865814209,
            -10.239846229553223,
            -23.647323608398438,
            -5.226318359375,
            1.4670791625976562,
            3.553330898284912,
            0.4305098056793213,
            -10.023628234863281,
            -1.6193383932113647,
            -15.606380462646484,
            -18.506214141845703
          ]
        }
      }
    },
    {
      "type": "Feature",
      "geometry": {
        "type": "Point",
        "coordinates": [
          126.9841523730553,
          37.41204124787882
        ]
      },
      "properties": {
        "id": 65,
        "lon": 126.9841523730553,
        "lat": 37.41204124787882,
        "velocity": -29.477088928222656,
        "coherence": 0.9613922238349915,
        "disp_final": -14.07202434539795,
        "subsid_cm": -2.94770884513855,
        "timeseries": {
          "dates": [
            "20240107",
            "20240119",
            "20240131",
            "20240212",
            "20240224",
            "20240307",
            "20240319",
            "20240331",
            "20240412",
            "20240424",
            "20240506",
            "20240530",
            "20240705",
            "20240717",
            "20240729",
            "20240810",
            "20240822",
            "20240903",
            "20240915",
            "20240927"
          ],
          "displacement_mm": [
            -0.0,
            -1.0828269720077515,
            -6.399114608764648,
            -4.07418966293335,
            -3.1452832221984863,
            0.2535540759563446,
            -4.519903659820557,
            -13.38281536102295,
            -6.528594017028809,
            -11.666654586791992,
            -7.906185150146484,
            -8.104440689086914,
            -11.040810585021973,
            -14.252779960632324,
            -16.613384246826172,
            -23.4526309967041,
            -28.66938591003418,
            -22.733552932739258,
            -18.463956832885742,
            -14.07202434539795
          ]
        }
      }
    },
    {
      "type": "Feature",
      "geometry": {
        "type": "Point",
        "coordinates": [
          126.97368613646314,
          37.412169614848516
        ]
      },
      "properties": {
        "id": 66,
        "lon": 126.97368613646314,
        "lat": 37.412169614848516,
        "velocity": -62.97810363769531,
        "coherence": 0.6681467890739441,
        "disp_final": -34.90017318725586,
        "subsid_cm": -6.2978105545043945,
        "timeseries": {
          "dates": [
            "20240107",
            "20240119",
            "20240131",
            "20240212",
            "20240224",
            "20240307",
            "20240319",
            "20240331",
            "20240412",
            "20240424",
            "20240506",
            "20240530",
            "20240705",
            "20240717",
            "20240729",
            "20240810",
            "20240822",
            "20240903",
            "20240915",
            "20240927"
          ],
          "displacement_mm": [
            -0.0,
            1.1351420879364014,
            0.05493459478020668,
            1.6584633588790894,
            0.9656727910041809,
            2.4141159057617188,
            -0.7271064519882202,
            -1.1817137002944946,
            5.476676940917969,
            -12.748608589172363,
            -4.348846912384033,
            -11.822154998779297,
            -28.785276412963867,
            -27.732128143310547,
            -29.38180160522461,
            -30.719512939453125,
            -33.01702880859375,
            -31.339916229248047,
            -38.44508361816406,
            -34.90017318725586
          ]
        }
      }
    },
    {
      "type": "Feature",
      "geometry": {
        "type": "Point",
        "coordinates": [
          126.99029921041894,
          37.412169614848516
        ]
      },
      "properties": {
        "id": 67,
        "lon": 126.99029921041894,
        "lat": 37.412169614848516,
        "velocity": -58.3708610534668,
        "coherence": 0.8583084940910339,
        "disp_final": -35.541015625,
        "subsid_cm": -5.837086200714111,
        "timeseries": {
          "dates": [
            "20240107",
            "20240119",
            "20240131",
            "20240212",
            "20240224",
            "20240307",
            "20240319",
            "20240331",
            "20240412",
            "20240424",
            "20240506",
            "20240530",
            "20240705",
            "20240717",
            "20240729",
            "20240810",
            "20240822",
            "20240903",
            "20240915",
            "20240927"
          ],
          "displacement_mm": [
            -0.0,
            -0.03316950052976608,
            -1.0506441593170166,
            -0.22715988755226135,
            -0.9191416501998901,
            2.7533915042877197,
            0.6565117835998535,
            -1.1962753534317017,
            -8.11666202545166,
            -7.059108734130859,
            -5.105687141418457,
            -7.924108028411865,
            -24.086828231811523,
            -29.641986846923828,
            -31.62562370300293,
            -28.092771530151367,
            -31.574047088623047,
            -28.753889083862305,
            -35.06446838378906,
            -35.541015625
          ]
        }
      }
    },
    {
      "type": "Feature",
      "geometry": {
        "type": "Point",
        "coordinates": [
          126.98265719639927,
          37.41229798181821
        ]
      },
      "properties": {
        "id": 68,
        "lon": 126.98265719639927,
        "lat": 37.41229798181821,
        "velocity": -27.731962203979492,
        "coherence": 0.5320042967796326,
        "disp_final": -12.477497100830078,
        "subsid_cm": -2.773196220397949,
        "timeseries": {
          "dates": [
            "20240107",
            "20240119",
            "20240131",
            "20240212",
            "20240224",
            "20240307",
            "20240319",
            "20240331",
            "20240412",
            "20240424",
            "20240506",
            "20240530",
            "20240705",
            "20240717",
            "20240729",
            "20240810",
            "20240822",
            "20240903",
            "20240915",
            "20240927"
          ],
          "displacement_mm": [
            -0.0,
            -2.974534034729004,
            -3.3094613552093506,
            -3.710784673690796,
            -2.0773942470550537,
            -1.3763437271118164,
            -3.7433390617370605,
            -5.22973108291626,
            -6.011030673980713,
            -11.450098037719727,
            -10.85050106048584,
            -9.43354320526123,
            -12.268542289733887,
            -20.576536178588867,
            -20.733423233032227,
            -20.05482292175293,
            -18.910444259643555,
            -18.125125885009766,
            -18.42268180847168,
            -12.477497100830078
          ]
        }
      }
    },
    {
      "type": "Feature",
      "geometry": {
        "type": "Point",
        "coordinates": [
          126.98614594192999,
          37.41229798181821
        ]
      },
      "properties": {
        "id": 69,
        "lon": 126.98614594192999,
        "lat": 37.41229798181821,
        "velocity": -43.10511016845703,
        "coherence": 0.6746518015861511,
        "disp_final": -31.365760803222656,
        "subsid_cm": -4.310511112213135,
        "timeseries": {
          "dates": [
            "20240107",
            "20240119",
            "20240131",
            "20240212",
            "20240224",
            "20240307",
            "20240319",
            "20240331",
            "20240412",
            "20240424",
            "20240506",
            "20240530",
            "20240705",
            "20240717",
            "20240729",
            "20240810",
            "20240822",
            "20240903",
            "20240915",
            "20240927"
          ],
          "displacement_mm": [
            -0.0,
            -1.1964401006698608,
            -2.6449942588806152,
            -1.0766535997390747,
            -1.7424118518829346,
            -1.425391435623169,
            -2.950355291366577,
            -6.711148262023926,
            -4.301567554473877,
            -12.631791114807129,
            -12.028447151184082,
            -7.452256202697754,
            -16.83071517944336,
            -22.44002914428711,
            -24.020244598388672,
            -22.913755416870117,
            -22.503456115722656,
            -25.714468002319336,
            -26.04498291015625,
            -31.365760803222656
          ]
        }
      }
    },
    {
      "type": "Feature",
      "geometry": {
        "type": "Point",
        "coordinates": [
          126.9884717722838,
          37.41229798181821
        ]
      },
      "properties": {
        "id": 70,
        "lon": 126.9884717722838,
        "lat": 37.41229798181821,
        "velocity": -36.85512161254883,
        "coherence": 0.5459420084953308,
        "disp_final": -17.301172256469727,
        "subsid_cm": -3.685512065887451,
        "timeseries": {
          "dates": [
            "20240107",
            "20240119",
            "20240131",
            "20240212",
            "20240224",
            "20240307",
            "20240319",
            "20240331",
            "20240412",
            "20240424",
            "20240506",
            "20240530",
            "20240705",
            "20240717",
            "20240729",
            "20240810",
            "20240822",
            "20240903",
            "20240915",
            "20240927"
          ],
          "displacement_mm": [
            -0.0,
            -1.7448312044143677,
            -3.7359061241149902,
            -0.14589367806911469,
            0.1328003853559494,
            -1.1704530715942383,
            1.755034327507019,
            -3.363783597946167,
            4.752420425415039,
            -6.716035842895508,
            -15.365924835205078,
            -10.812247276306152,
            -16.549776077270508,
            -19.050132751464844,
            -22.880685806274414,
            -24.057750701904297,
            -15.107782363891602,
            -27.787599563598633,
            -19.675363540649414,
            -17.301172256469727
          ]
        }
      }
    },
    {
      "type": "Feature",
      "geometry": {
        "type": "Point",
        "coordinates": [
          126.98365398083662,
          37.41242634878791
        ]
      },
      "properties": {
        "id": 71,
        "lon": 126.98365398083662,
        "lat": 37.41242634878791,
        "velocity": -21.067768096923828,
        "coherence": 0.5313686728477478,
        "disp_final": -11.935750961303711,
        "subsid_cm": -2.106776714324951,
        "timeseries": {
          "dates": [
            "20240107",
            "20240119",
            "20240131",
            "20240212",
            "20240224",
            "20240307",
            "20240319",
            "20240331",
            "20240412",
            "20240424",
            "20240506",
            "20240530",
            "20240705",
            "20240717",
            "20240729",
            "20240810",
            "20240822",
            "20240903",
            "20240915",
            "20240927"
          ],
          "displacement_mm": [
            -0.0,
            0.6247585415840149,
            -3.6523962020874023,
            -1.900774359703064,
            -0.45554837584495544,
            -0.23733118176460266,
            -1.6644033193588257,
            -4.969022274017334,
            0.9141355156898499,
            -7.462305545806885,
            1.0145031213760376,
            -7.128486156463623,
            -8.269508361816406,
            -12.663187026977539,
            -10.744965553283691,
            -15.31261920928955,
            -15.518754959106445,
            -9.176674842834473,
            -13.27490234375,
            -11.935750961303711
          ]
        }
      }
    },
    {
      "type": "Feature",
      "geometry": {
        "type": "Point",
        "coordinates": [
          126.9841523730553,
          37.41242634878791
        ]
      },
      "properties": {
        "id": 72,
        "lon": 126.9841523730553,
        "lat": 37.41242634878791,
        "velocity": -51.68397903442383,
        "coherence": 0.7084878087043762,
        "disp_final": -27.267419815063477,
        "subsid_cm": -5.168397903442383,
        "timeseries": {
          "dates": [
            "20240107",
            "20240119",
            "20240131",
            "20240212",
            "20240224",
            "20240307",
            "20240319",
            "20240331",
            "20240412",
            "20240424",
            "20240506",
            "20240530",
            "20240705",
            "20240717",
            "20240729",
            "20240810",
            "20240822",
            "20240903",
            "20240915",
            "20240927"
          ],
          "displacement_mm": [
            -0.0,
            -0.008438989520072937,
            -2.566044807434082,
            -1.1679819822311401,
            -0.5110575556755066,
            2.0121445655822754,
            -1.4677456617355347,
            -8.7235107421875,
            -5.783529281616211,
            -9.729229927062988,
            -13.927709579467773,
            -11.558990478515625,
            -23.079936981201172,
            -24.435184478759766,
            -25.21654510498047,
            -30.872718811035156,
            -36.26799011230469,
            -27.664226531982422,
            -30.89041519165039,
            -27.267419815063477
          ]
        }
      }
    },
    {
      "type": "Feature",
      "geometry": {
        "type": "Point",
        "coordinates": [
          126.97651035903563,
          37.41255471575761
        ]
      },
      "properties": {
        "id": 73,
        "lon": 126.97651035903563,
        "lat": 37.41255471575761,
        "velocity": -15.513566970825195,
        "coherence": 0.8877270221710205,
        "disp_final": -6.269040584564209,
        "subsid_cm": -1.5513566732406616,
        "timeseries": {
          "dates": [
            "20240107",
            "20240119",
            "20240131",
            "20240212",
            "20240224",
            "20240307",
            "20240319",
            "20240331",
            "20240412",
            "20240424",
            "20240506",
            "20240530",
            "20240705",
            "20240717",
            "20240729",
            "20240810",
            "20240822",
            "20240903",
            "20240915",
            "20240927"
          ],
          "displacement_mm": [
            -0.0,
            -0.3433036208152771,
            -4.047510147094727,
            -3.834282398223877,
            -4.624633312225342,
            -2.470323085784912,
            -7.9471659660339355,
            -9.371145248413086,
            -8.778326034545898,
            -3.63384747505188,
            -12.495232582092285,
            -8.845765113830566,
            -11.712389945983887,
            -12.626253128051758,
            -10.761630058288574,
            -14.518909454345703,
            -16.37723731994629,
            -13.265907287597656,
            -10.459196090698242,
            -6.269040584564209
          ]
        }
      }
    },
    {
      "type": "Feature",
      "geometry": {
        "type": "Point",
        "coordinates": [
          126.98448463453441,
          37.41255471575761
        ]
      },
      "properties": {
        "id": 74,
        "lon": 126.98448463453441,
        "lat": 37.41255471575761,
        "velocity": -12.456110000610352,
        "coherence": 0.6197749972343445,
        "disp_final": -9.865181922912598,
        "subsid_cm": -1.2456109523773193,
        "timeseries": {
          "dates": [
            "20240107",
            "20240119",
            "20240131",
            "20240212",
            "20240224",
            "20240307",
            "20240319",
            "20240331",
            "20240412",
            "20240424",
            "20240506",
            "20240530",
            "20240705",
            "20240717",
            "20240729",
            "20240810",
            "20240822",
            "20240903",
            "20240915",
            "20240927"
          ],
          "displacement_mm": [
            -0.0,
            -1.5622079372406006,
            -2.561849594116211,
            -1.4470466375350952,
            -1.8982348442077637,
            -0.29601043462753296,
            0.6297610402107239,
            -2.5110461711883545,
            4.344447612762451,
            -5.859157562255859,
            -0.203169584274292,
            -6.856372356414795,
            -4.403143405914307,
            -4.036009311676025,
            -3.3192367553710938,
            -7.937793254852295,
            -9.497305870056152,
            -4.3826212882995605,
            -11.70083999633789,
            -9.865181922912598
          ]
        }
      }
    },
    {
      "type": "Feature",
      "geometry": {
        "type": "Point",
        "coordinates": [
          126.98265719639927,
          37.412683082727305
        ]
      },
      "properties": {
        "id": 75,
        "lon": 126.98265719639927,
        "lat": 37.412683082727305,
        "velocity": -28.739416122436523,
        "coherence": 0.6118564009666443,
        "disp_final": -11.976333618164062,
        "subsid_cm": -2.873941659927368,
        "timeseries": {
          "dates": [
            "20240107",
            "20240119",
            "20240131",
            "20240212",
            "20240224",
            "20240307",
            "20240319",
            "20240331",
            "20240412",
            "20240424",
            "20240506",
            "20240530",
            "20240705",
            "20240717",
            "20240729",
            "20240810",
            "20240822",
            "20240903",
            "20240915",
            "20240927"
          ],
          "displacement_mm": [
            -0.0,
            -1.0793834924697876,
            -5.316040992736816,
            -2.6187243461608887,
            -1.6719284057617188,
            2.281179904937744,
            -1.659260869026184,
            -5.7295708656311035,
            -8.794364929199219,
            -12.876740455627441,
            -6.5296831130981445,
            -8.611820220947266,
            -14.29022216796875,
            -17.66023063659668,
            -16.13886070251465,
            -23.0130558013916,
            -24.94872283935547,
            -19.62782859802246,
            -14.100276947021484,
            -11.976333618164062
          ]
        }
      }
    },
    {
      "type": "Feature",
      "geometry": {
        "type": "Point",
        "coordinates": [
          126.99378795594966,
          37.412683082727305
        ]
      },
      "properties": {
        "id": 76,
        "lon": 126.99378795594966,
        "lat": 37.412683082727305,
        "velocity": -18.232135772705078,
        "coherence": 0.7153313755989075,
        "disp_final": -27.261661529541016,
        "subsid_cm": -1.8232135772705078,
        "timeseries": {
          "dates": [
            "20240107",
            "20240119",
            "20240131",
            "20240212",
            "20240224",
            "20240307",
            "20240319",
            "20240331",
            "20240412",
            "20240424",
            "20240506",
            "20240530",
            "20240705",
            "20240717",
            "20240729",
            "20240810",
            "20240822",
            "20240903",
            "20240915",
            "20240927"
          ],
          "displacement_mm": [
            -0.0,
            -6.76246976852417,
            -3.5544400215148926,
            -6.206536293029785,
            -11.41719913482666,
            -8.32545280456543,
            -5.642956733703613,
            -5.1142401695251465,
            -8.595467567443848,
            -5.94876766204834,
            -8.288783073425293,
            -2.766164541244507,
            -17.974365234375,
            -18.38067626953125,
            -6.552277565002441,
            -11.562548637390137,
            -12.533217430114746,
            -13.388721466064453,
            -11.600892066955566,
            -27.261661529541016
          ]
        }
      }
    },
    {
      "type": "Feature",
      "geometry": {
        "type": "Point",
        "coordinates": [
          126.98149428122237,
          37.412811449697
        ]
      },
      "properties": {
        "id": 77,
        "lon": 126.98149428122237,
        "lat": 37.412811449697,
        "velocity": -28.448246002197266,
        "coherence": 0.9985928535461426,
        "disp_final": -16.20273208618164,
        "subsid_cm": -2.8448245525360107,
        "timeseries": {
          "dates": [
            "20240107",
            "20240119",
            "20240131",
            "20240212",
            "20240224",
            "20240307",
            "20240319",
            "20240331",
            "20240412",
            "20240424",
            "20240506",
            "20240530",
            "20240705",
            "20240717",
            "20240729",
            "20240810",
            "20240822",
            "20240903",
            "20240915",
            "20240927"
          ],
          "displacement_mm": [
            -0.0,
            3.671600341796875,
            -8.21332836151123,
            -1.5453174114227295,
            1.9274290800094604,
            4.754862308502197,
            1.129583716392517,
            0.9397701621055603,
            1.6577341556549072,
            -0.8469656109809875,
            0.5705695152282715,
            -6.21882963180542,
            -6.21882963180542,
            -17.831575393676758,
            -14.566106796264648,
            -15.292256355285645,
            -13.229476928710938,
            -15.125396728515625,
            -16.271352767944336,
            -16.20273208618164
          ]
        }
      }
    },
    {
      "type": "Feature",
      "geometry": {
        "type": "Point",
        "coordinates": [
          126.97368613646314,
          37.4129398166667
        ]
      },
      "properties": {
        "id": 78,
        "lon": 126.97368613646314,
        "lat": 37.4129398166667,
        "velocity": -10.8759126663208,
        "coherence": 0.5725414156913757,
        "disp_final": -5.431465148925781,
        "subsid_cm": -1.087591290473938,
        "timeseries": {
          "dates": [
            "20240107",
            "20240119",
            "20240131",
            "20240212",
            "20240224",
            "20240307",
            "20240319",
            "20240331",
            "20240412",
            "20240424",
            "20240506",
            "20240530",
            "20240705",
            "20240717",
            "20240729",
            "20240810",
            "20240822",
            "20240903",
            "20240915",
            "20240927"
          ],
          "displacement_mm": [
            -0.0,
            -0.8441541194915771,
            0.6853041052818298,
            -0.7080488801002502,
            -1.1388028860092163,
            -0.8417348861694336,
            0.39636191725730896,
            -0.08264659345149994,
            3.005882740020752,
            -0.12385524064302444,
            1.3547698259353638,
            -0.5242278575897217,
            -6.908933162689209,
            -7.785639762878418,
            -4.813873291015625,
            -8.383094787597656,
            -2.855026960372925,
            -8.690505027770996,
            -3.836437463760376,
            -5.431465148925781
          ]
        }
      }
    },
    {
      "type": "Feature",
      "geometry": {
        "type": "Point",
        "coordinates": [
          126.97651035903563,
          37.4129398166667
        ]
      },
      "properties": {
        "id": 79,
        "lon": 126.97651035903563,
        "lat": 37.4129398166667,
        "velocity": -31.475385665893555,
        "coherence": 0.9993939399719238,
        "disp_final": -17.62368392944336,
        "subsid_cm": -3.147538661956787,
        "timeseries": {
          "dates": [
            "20240107",
            "20240119",
            "20240131",
            "20240212",
            "20240224",
            "20240307",
            "20240319",
            "20240331",
            "20240412",
            "20240424",
            "20240506",
            "20240530",
            "20240705",
            "20240717",
            "20240729",
            "20240810",
            "20240822",
            "20240903",
            "20240915",
            "20240927"
          ],
          "displacement_mm": [
            -0.0,
            -1.8393409252166748,
            -4.69569730758667,
            -5.407228946685791,
            -2.4020168781280518,
            -5.076076984405518,
            -6.941234588623047,
            -10.574606895446777,
            -11.745013236999512,
            -5.523703098297119,
            -16.585622787475586,
            -12.629798889160156,
            -22.83933448791504,
            -16.5172176361084,
            -21.921724319458008,
            -23.33979034423828,
            -25.74265480041504,
            -24.23851203918457,
            -16.04747772216797,
            -17.62368392944336
          ]
        }
      }
    },
    {
      "type": "Feature",
      "geometry": {
        "type": "Point",
        "coordinates": [
          126.98199267344104,
          37.4129398166667
        ]
      },
      "properties": {
        "id": 80,
        "lon": 126.98199267344104,
        "lat": 37.4129398166667,
        "velocity": -23.079429626464844,
        "coherence": 0.6864921450614929,
        "disp_final": -3.473865509033203,
        "subsid_cm": -2.3079428672790527,
        "timeseries": {
          "dates": [
            "20240107",
            "20240119",
            "20240131",
            "20240212",
            "20240224",
            "20240307",
            "20240319",
            "20240331",
            "20240412",
            "20240424",
            "20240506",
            "20240530",
            "20240705",
            "20240717",
            "20240729",
            "20240810",
            "20240822",
            "20240903",
            "20240915",
            "20240927"
          ],
          "displacement_mm": [
            -0.0,
            -0.29045021533966064,
            -4.055779933929443,
            -3.475388288497925,
            -2.0959486961364746,
            1.6768314838409424,
            -2.5106396675109863,
            -4.139023303985596,
            -1.5579627752304077,
            -9.447596549987793,
            3.9700448513031006,
            -11.999549865722656,
            -18.035688400268555,
            -22.356374740600586,
            -20.21893882751465,
            -18.775808334350586,
            -15.326444625854492,
            -16.388513565063477,
            -8.094096183776855,
            -3.473865509033203
          ]
        }
      }
    },
    {
      "type": "Feature",
      "geometry": {
        "type": "Point",
        "coordinates": [
          126.9821588041806,
          37.4129398166667
        ]
      },
      "properties": {
        "id": 81,
        "lon": 126.9821588041806,
        "lat": 37.4129398166667,
        "velocity": -23.079429626464844,
        "coherence": 0.6864921450614929,
        "disp_final": -3.473865509033203,
        "subsid_cm": -2.3079428672790527,
        "timeseries": {
          "dates": [
            "20240107",
            "20240119",
            "20240131",
            "20240212",
            "20240224",
            "20240307",
            "20240319",
            "20240331",
            "20240412",
            "20240424",
            "20240506",
            "20240530",
            "20240705",
            "20240717",
            "20240729",
            "20240810",
            "20240822",
            "20240903",
            "20240915",
            "20240927"
          ],
          "displacement_mm": [
            -0.0,
            -0.29045021533966064,
            -4.055779933929443,
            -3.475388288497925,
            -2.0959486961364746,
            1.6768314838409424,
            -2.5106396675109863,
            -4.139023303985596,
            -1.5579627752304077,
            -9.447596549987793,
            3.9700448513031006,
            -11.999549865722656,
            -18.035688400268555,
            -22.356374740600586,
            -20.21893882751465,
            -18.775808334350586,
            -15.326444625854492,
            -16.388513565063477,
            -8.094096183776855,
            -3.473865509033203
          ]
        }
      }
    },
    {
      "type": "Feature",
      "geometry": {
        "type": "Point",
        "coordinates": [
          126.97783940495209,
          37.4130681836364
        ]
      },
      "properties": {
        "id": 82,
        "lon": 126.97783940495209,
        "lat": 37.4130681836364,
        "velocity": -23.001983642578125,
        "coherence": 0.6929711699485779,
        "disp_final": -6.673288822174072,
        "subsid_cm": -2.3001983165740967,
        "timeseries": {
          "dates": [
            "20240107",
            "20240119",
            "20240131",
            "20240212",
            "20240224",
            "20240307",
            "20240319",
            "20240331",
            "20240412",
            "20240424",
            "20240506",
            "20240530",
            "20240705",
            "20240717",
            "20240729",
            "20240810",
            "20240822",
            "20240903",
            "20240915",
            "20240927"
          ],
          "displacement_mm": [
            -0.0,
            0.014476661570370197,
            2.530937671661377,
            0.7928882837295532,
            1.2216260433197021,
            0.9044272899627686,
            -1.9291194677352905,
            2.298727512359619,
            0.03386083245277405,
            -0.42516931891441345,
            -1.0611618757247925,
            -7.773489475250244,
            -16.38209342956543,
            -14.547033309936523,
            -16.82634735107422,
            -13.387706756591797,
            -10.917193412780762,
            -13.529150009155273,
            -6.42918062210083,
            -6.673288822174072
          ]
        }
      }
    },
    {
      "type": "Feature",
      "geometry": {
        "type": "Point",
        "coordinates": [
          126.98348785009706,
          37.4130681836364
        ]
      },
      "properties": {
        "id": 83,
        "lon": 126.98348785009706,
        "lat": 37.4130681836364,
        "velocity": -37.70232391357422,
        "coherence": 0.5627885460853577,
        "disp_final": -26.369050979614258,
        "subsid_cm": -3.7702324390411377,
        "timeseries": {
          "dates": [
            "20240107",
            "20240119",
            "20240131",
            "20240212",
            "20240224",
            "20240307",
            "20240319",
            "20240331",
            "20240412",
            "20240424",
            "20240506",
            "20240530",
            "20240705",
            "20240717",
            "20240729",
            "20240810",
            "20240822",
            "20240903",
            "20240915",
            "20240927"
          ],
          "displacement_mm": [
            -0.0,
            -2.2831437587738037,
            -5.367954254150391,
            -3.58487868309021,
            -3.968804121017456,
            -2.2129664421081543,
            -6.065467357635498,
            -11.746307373046875,
            -4.639624118804932,
            -14.897672653198242,
            -18.895050048828125,
            -16.937652587890625,
            -16.937652587890625,
            -21.47441864013672,
            -16.771099090576172,
            -24.312170028686523,
            -24.1309757232666,
            -21.9985408782959,
            -30.44698715209961,
            -26.369050979614258
          ]
        }
      }
    },
    {
      "type": "Feature",
      "geometry": {
        "type": "Point",
        "coordinates": [
          126.98614594192999,
          37.4130681836364
        ]
      },
      "properties": {
        "id": 84,
        "lon": 126.98614594192999,
        "lat": 37.4130681836364,
        "velocity": -23.738588333129883,
        "coherence": 0.5959060788154602,
        "disp_final": -15.42760181427002,
        "subsid_cm": -2.37385892868042,
        "timeseries": {
          "dates": [
            "20240107",
            "20240119",
            "20240131",
            "20240212",
            "20240224",
            "20240307",
            "20240319",
            "20240331",
            "20240412",
            "20240424",
            "20240506",
            "20240530",
            "20240705",
            "20240717",
            "20240729",
            "20240810",
            "20240822",
            "20240903",
            "20240915",
            "20240927"
          ],
          "displacement_mm": [
            -0.0,
            -5.780622482299805,
            -4.029888153076172,
            -1.1261807680130005,
            -2.8784828186035156,
            -3.0579302310943604,
            -1.9135388135910034,
            -1.8494402170181274,
            -1.8270409107208252,
            -12.725737571716309,
            2.329050302505493,
            -12.357494354248047,
            -23.043743133544922,
            -12.773394584655762,
            -14.880926132202148,
            -11.071288108825684,
            -17.676210403442383,
            -13.594374656677246,
            -15.438092231750488,
            -15.42760181427002
          ]
        }
      }
    },
    {
      "type": "Feature",
      "geometry": {
        "type": "Point",
        "coordinates": [
          126.98431850379485,
          37.413196550606095
        ]
      },
      "properties": {
        "id": 85,
        "lon": 126.98431850379485,
        "lat": 37.413196550606095,
        "velocity": -29.39865493774414,
        "coherence": 0.7646660804748535,
        "disp_final": -14.701416969299316,
        "subsid_cm": -2.9398655891418457,
        "timeseries": {
          "dates": [
            "20240107",
            "20240119",
            "20240131",
            "20240212",
            "20240224",
            "20240307",
            "20240319",
            "20240331",
            "20240412",
            "20240424",
            "20240506",
            "20240530",
            "20240705",
            "20240717",
            "20240729",
            "20240810",
            "20240822",
            "20240903",
            "20240915",
            "20240927"
          ],
          "displacement_mm": [
            -0.0,
            5.132965564727783,
            -0.35436949133872986,
            1.3019965887069702,
            1.7211490869522095,
            4.339323997497559,
            -1.3665179014205933,
            3.710193395614624,
            14.976659774780273,
            1.155266523361206,
            6.934410095214844,
            2.1273162364959717,
            -3.936821937561035,
            -8.669953346252441,
            -9.405688285827637,
            -14.115486145019531,
            -15.252779960632324,
            -14.149359703063965,
            -16.725887298583984,
            -14.701416969299316
          ]
        }
      }
    },
    {
      "type": "Feature",
      "geometry": {
        "type": "Point",
        "coordinates": [
          126.97418452868182,
          37.41332491757579
        ]
      },
      "properties": {
        "id": 86,
        "lon": 126.97418452868182,
        "lat": 37.41332491757579,
        "velocity": -19.823238372802734,
        "coherence": 0.5428125262260437,
        "disp_final": -9.297489166259766,
        "subsid_cm": -1.9823238849639893,
        "timeseries": {
          "dates": [
            "20240107",
            "20240119",
            "20240131",
            "20240212",
            "20240224",
            "20240307",
            "20240319",
            "20240331",
            "20240412",
            "20240424",
            "20240506",
            "20240530",
            "20240705",
            "20240717",
            "20240729",
            "20240810",
            "20240822",
            "20240903",
            "20240915",
            "20240927"
          ],
          "displacement_mm": [
            -0.0,
            -2.82662296295166,
            -0.5392594337463379,
            -4.711151123046875,
            0.8568645715713501,
            -3.0393052101135254,
            -3.410871982574463,
            -11.085556030273438,
            -11.744573593139648,
            -19.426130294799805,
            -5.879599094390869,
            -8.254398345947266,
            -8.254398345947266,
            -23.082191467285156,
            -10.555961608886719,
            -21.061546325683594,
            -15.124825477600098,
            -9.775406837463379,
            -14.996864318847656,
            -9.297489166259766
          ]
        }
      }
    },
    {
      "type": "Feature",
      "geometry": {
        "type": "Point",
        "coordinates": [
          126.97933458160811,
          37.41332491757579
        ]
      },
      "properties": {
        "id": 87,
        "lon": 126.97933458160811,
        "lat": 37.41332491757579,
        "velocity": -35.655609130859375,
        "coherence": 0.5440508723258972,
        "disp_final": -7.8783392906188965,
        "subsid_cm": -3.565560817718506,
        "timeseries": {
          "dates": [
            "20240107",
            "20240119",
            "20240131",
            "20240212",
            "20240224",
            "20240307",
            "20240319",
            "20240331",
            "20240412",
            "20240424",
            "20240506",
            "20240530",
            "20240705",
            "20240717",
            "20240729",
            "20240810",
            "20240822",
            "20240903",
            "20240915",
            "20240927"
          ],
          "displacement_mm": [
            -0.0,
            2.5842905044555664,
            1.282023310661316,
            1.112607479095459,
            0.5585012435913086,
            0.44998931884765625,
            -3.2362475395202637,
            -10.584427833557129,
            -9.184815406799316,
            -12.093167304992676,
            -5.214057922363281,
            -9.288150787353516,
            -11.579588890075684,
            -19.854888916015625,
            -18.923282623291016,
            -23.076940536499023,
            -26.220178604125977,
            -20.741025924682617,
            -26.8643798828125,
            -7.8783392906188965
          ]
        }
      }
    },
    {
      "type": "Feature",
      "geometry": {
        "type": "Point",
        "coordinates": [
          126.98199267344104,
          37.41332491757579
        ]
      },
      "properties": {
        "id": 88,
        "lon": 126.98199267344104,
        "lat": 37.41332491757579,
        "velocity": -44.8678092956543,
        "coherence": 0.7722867131233215,
        "disp_final": -18.905691146850586,
        "subsid_cm": -4.486781120300293,
        "timeseries": {
          "dates": [
            "20240107",
            "20240119",
            "20240131",
            "20240212",
            "20240224",
            "20240307",
            "20240319",
            "20240331",
            "20240412",
            "20240424",
            "20240506",
            "20240530",
            "20240705",
            "20240717",
            "20240729",
            "20240810",
            "20240822",
            "20240903",
            "20240915",
            "20240927"
          ],
          "displacement_mm": [
            -0.0,
            2.1868715286254883,
            -4.3396735191345215,
            -1.252824306488037,
            0.21344953775405884,
            5.455175876617432,
            -0.3099854290485382,
            -8.017632484436035,
            -14.5889892578125,
            -14.555283546447754,
            -6.509033203125,
            -18.438623428344727,
            -20.141450881958008,
            -29.366024017333984,
            -27.421340942382812,
            -26.042329788208008,
            -25.698368072509766,
            -29.540922164916992,
            -23.939271926879883,
            -18.905691146850586
          ]
        }
      }
    },
    {
      "type": "Feature",
      "geometry": {
        "type": "Point",
        "coordinates": [
          126.97435065942138,
          37.41345328454549
        ]
      },
      "properties": {
        "id": 89,
        "lon": 126.97435065942138,
        "lat": 37.41345328454549,
        "velocity": -19.823238372802734,
        "coherence": 0.5428125262260437,
        "disp_final": -9.297489166259766,
        "subsid_cm": -1.9823238849639893,
        "timeseries": {
          "dates": [
            "20240107",
            "20240119",
            "20240131",
            "20240212",
            "20240224",
            "20240307",
            "20240319",
            "20240331",
            "20240412",
            "20240424",
            "20240506",
            "20240530",
            "20240705",
            "20240717",
            "20240729",
            "20240810",
            "20240822",
            "20240903",
            "20240915",
            "20240927"
          ],
          "displacement_mm": [
            -0.0,
            -2.82662296295166,
            -0.5392594337463379,
            -4.711151123046875,
            0.8568645715713501,
            -3.0393052101135254,
            -3.410871982574463,
            -11.085556030273438,
            -11.744573593139648,
            -19.426130294799805,
            -5.879599094390869,
            -8.254398345947266,
            -8.254398345947266,
            -23.082191467285156,
            -10.555961608886719,
            -21.061546325683594,
            -15.124825477600098,
            -9.775406837463379,
            -14.996864318847656,
            -9.297489166259766
          ]
        }
      }
    },
    {
      "type": "Feature",
      "geometry": {
        "type": "Point",
        "coordinates": [
          126.97551357459828,
          37.41358165151519
        ]
      },
      "properties": {
        "id": 90,
        "lon": 126.97551357459828,
        "lat": 37.41358165151519,
        "velocity": -40.867923736572266,
        "coherence": 0.74394291639328,
        "disp_final": -21.73492431640625,
        "subsid_cm": -4.086792469024658,
        "timeseries": {
          "dates": [
            "20240107",
            "20240119",
            "20240131",
            "20240212",
            "20240224",
            "20240307",
            "20240319",
            "20240331",
            "20240412",
            "20240424",
            "20240506",
            "20240530",
            "20240705",
            "20240717",
            "20240729",
            "20240810",
            "20240822",
            "20240903",
            "20240915",
            "20240927"
          ],
          "displacement_mm": [
            -0.0,
            1.5861965417861938,
            2.3386876583099365,
            -2.0619709491729736,
            0.24838122725486755,
            -2.2684192657470703,
            -2.1835813522338867,
            -3.9684548377990723,
            1.509204387664795,
            -9.338748931884766,
            -19.934791564941406,
            -22.695640563964844,
            -14.521203994750977,
            -16.560298919677734,
            -19.085559844970703,
            -21.48021697998047,
            -23.155027389526367,
            -23.59063720703125,
            -27.090242385864258,
            -21.73492431640625
          ]
        }
      }
    },
    {
      "type": "Feature",
      "geometry": {
        "type": "Point",
        "coordinates": [
          126.9758458360774,
          37.41358165151519
        ]
      },
      "properties": {
        "id": 91,
        "lon": 126.9758458360774,
        "lat": 37.41358165151519,
        "velocity": -39.958187103271484,
        "coherence": 0.8000815510749817,
        "disp_final": -16.009845733642578,
        "subsid_cm": -3.995818614959717,
        "timeseries": {
          "dates": [
            "20240107",
            "20240119",
            "20240131",
            "20240212",
            "20240224",
            "20240307",
            "20240319",
            "20240331",
            "20240412",
            "20240424",
            "20240506",
            "20240530",
            "20240705",
            "20240717",
            "20240729",
            "20240810",
            "20240822",
            "20240903",
            "20240915",
            "20240927"
          ],
          "displacement_mm": [
            -0.0,
            -0.8876124620437622,
            -4.591012954711914,
            -3.784907817840576,
            -4.689820766448975,
            -1.5330760478973389,
            -9.194973945617676,
            -15.092950820922852,
            -7.908604621887207,
            -3.644824743270874,
            -16.35854721069336,
            -14.439713478088379,
            -15.104870796203613,
            -20.153078079223633,
            -27.587759017944336,
            -30.075454711914062,
            -32.95600128173828,
            -31.370288848876953,
            -24.238943099975586,
            -16.009845733642578
          ]
        }
      }
    },
    {
      "type": "Feature",
      "geometry": {
        "type": "Point",
        "coordinates": [
          126.97817166643121,
          37.41358165151519
        ]
      },
      "properties": {
        "id": 92,
        "lon": 126.97817166643121,
        "lat": 37.41358165151519,
        "velocity": -20.009183883666992,
        "coherence": 0.5620211958885193,
        "disp_final": -8.166513442993164,
        "subsid_cm": -2.000918388366699,
        "timeseries": {
          "dates": [
            "20240107",
            "20240119",
            "20240131",
            "20240212",
            "20240224",
            "20240307",
            "20240319",
            "20240331",
            "20240412",
            "20240424",
            "20240506",
            "20240530",
            "20240705",
            "20240717",
            "20240729",
            "20240810",
            "20240822",
            "20240903",
            "20240915",
            "20240927"
          ],
          "displacement_mm": [
            -0.0,
            -0.685271143913269,
            -1.0225903987884521,
            0.09447424858808517,
            1.8019284009933472,
            3.2954752445220947,
            2.521883964538574,
            4.440319538116455,
            -3.4577841758728027,
            4.858262538909912,
            -0.17870764434337616,
            -3.7447056770324707,
            -13.650135040283203,
            -12.129114151000977,
            -13.44601821899414,
            -10.017364501953125,
            -15.35111141204834,
            -5.742753505706787,
            -5.612366676330566,
            -8.166513442993164
          ]
        }
      }
    },
    {
      "type": "Feature",
      "geometry": {
        "type": "Point",
        "coordinates": [
          126.98431850379485,
          37.41358165151519
        ]
      },
      "properties": {
        "id": 93,
        "lon": 126.98431850379485,
        "lat": 37.41358165151519,
        "velocity": -15.802132606506348,
        "coherence": 0.6570896506309509,
        "disp_final": -7.695658206939697,
        "subsid_cm": -1.5802133083343506,
        "timeseries": {
          "dates": [
            "20240107",
            "20240119",
            "20240131",
            "20240212",
            "20240224",
            "20240307",
            "20240319",
            "20240331",
            "20240412",
            "20240424",
            "20240506",
            "20240530",
            "20240705",
            "20240717",
            "20240729",
            "20240810",
            "20240822",
            "20240903",
            "20240915",
            "20240927"
          ],
          "displacement_mm": [
            -0.0,
            0.44351062178611755,
            1.5728532075881958,
            -0.0344834104180336,
            -0.514005184173584,
            -2.334746837615967,
            -0.7599693536758423,
            -4.305304050445557,
            -1.5468107461929321,
            -6.894195079803467,
            -3.626826286315918,
            -4.066456317901611,
            -13.416842460632324,
            -9.16845417022705,
            -6.572418212890625,
            -10.520740509033203,
            -10.275117874145508,
            -7.50576114654541,
            -8.536642074584961,
            -7.695658206939697
          ]
        }
      }
    },
    {
      "type": "Feature",
      "geometry": {
        "type": "Point",
        "coordinates": [
          126.98980081820027,
          37.41358165151519
        ]
      },
      "properties": {
        "id": 94,
        "lon": 126.98980081820027,
        "lat": 37.41358165151519,
        "velocity": -41.926536560058594,
        "coherence": 0.5556039214134216,
        "disp_final": -26.976802825927734,
        "subsid_cm": -4.192653656005859,
        "timeseries": {
          "dates": [
            "20240107",
            "20240119",
            "20240131",
            "20240212",
            "20240224",
            "20240307",
            "20240319",
            "20240331",
            "20240412",
            "20240424",
            "20240506",
            "20240530",
            "20240705",
            "20240717",
            "20240729",
            "20240810",
            "20240822",
            "20240903",
            "20240915",
            "20240927"
          ],
          "displacement_mm": [
            -0.0,
            -0.9562423229217529,
            -1.5288166999816895,
            -0.18992774188518524,
            -3.3939242362976074,
            -3.010061502456665,
            -2.4017117023468018,
            -2.6218605041503906,
            -14.416343688964844,
            -7.959562301635742,
            1.8353931903839111,
            -10.986515045166016,
            -19.31218719482422,
            -21.55263900756836,
            -23.952980041503906,
            -22.708740234375,
            -24.648195266723633,
            -27.081640243530273,
            -22.589590072631836,
            -26.976802825927734
          ]
        }
      }
    },
    {
      "type": "Feature",
      "geometry": {
        "type": "Point",
        "coordinates": [
          126.97916845086856,
          37.413710018484885
        ]
      },
      "properties": {
        "id": 95,
        "lon": 126.97916845086856,
        "lat": 37.413710018484885,
        "velocity": -20.433626174926758,
        "coherence": 0.6391385197639465,
        "disp_final": -5.474604606628418,
        "subsid_cm": -2.043362617492676,
        "timeseries": {
          "dates": [
            "20240107",
            "20240119",
            "20240131",
            "20240212",
            "20240224",
            "20240307",
            "20240319",
            "20240331",
            "20240412",
            "20240424",
            "20240506",
            "20240530",
            "20240705",
            "20240717",
            "20240729",
            "20240810",
            "20240822",
            "20240903",
            "20240915",
            "20240927"
          ],
          "displacement_mm": [
            -0.0,
            -0.22170038521289825,
            -1.9683892726898193,
            -1.6829547882080078,
            -1.9594180583953857,
            -1.9966844320297241,
            -5.374380111694336,
            -5.818328857421875,
            -8.062969207763672,
            -6.571878910064697,
            -4.003891944885254,
            -8.143256187438965,
            -9.411487579345703,
            -7.3742523193359375,
            -11.915087699890137,
            -14.415728569030762,
            -17.825740814208984,
            -20.766590118408203,
            -13.888806343078613,
            -5.474604606628418
          ]
        }
      }
    },
    {
      "type": "Feature",
      "geometry": {
        "type": "Point",
        "coordinates": [
          126.97966684308723,
          37.413710018484885
        ]
      },
      "properties": {
        "id": 96,
        "lon": 126.97966684308723,
        "lat": 37.413710018484885,
        "velocity": -23.24723243713379,
        "coherence": 0.7697517275810242,
        "disp_final": -9.583685874938965,
        "subsid_cm": -2.324723243713379,
        "timeseries": {
          "dates": [
            "20240107",
            "20240119",
            "20240131",
            "20240212",
            "20240224",
            "20240307",
            "20240319",
            "20240331",
            "20240412",
            "20240424",
            "20240506",
            "20240530",
            "20240705",
            "20240717",
            "20240729",
            "20240810",
            "20240822",
            "20240903",
            "20240915",
            "20240927"
          ],
          "displacement_mm": [
            -0.0,
            0.018801473081111908,
            -5.029360294342041,
            -4.820415496826172,
            -6.316256999969482,
            -4.368099212646484,
            -10.301079750061035,
            -11.06017017364502,
            -9.934375762939453,
            -13.030744552612305,
            -6.878718852996826,
            -9.96529483795166,
            -13.066658020019531,
            -18.448434829711914,
            -18.885459899902344,
            -21.890302658081055,
            -19.523534774780273,
            -20.17214584350586,
            -15.571826934814453,
            -9.583685874938965
          ]
        }
      }
    },
    {
      "type": "Feature",
      "geometry": {
        "type": "Point",
        "coordinates": [
          126.99312343299142,
          37.413710018484885
        ]
      },
      "properties": {
        "id": 97,
        "lon": 126.99312343299142,
        "lat": 37.413710018484885,
        "velocity": -10.303056716918945,
        "coherence": 0.6691431999206543,
        "disp_final": -5.5558762550354,
        "subsid_cm": -1.0303056240081787,
        "timeseries": {
          "dates": [
            "20240107",
            "20240119",
            "20240131",
            "20240212",
            "20240224",
            "20240307",
            "20240319",
            "20240331",
            "20240412",
            "20240424",
            "20240506",
            "20240530",
            "20240705",
            "20240717",
            "20240729",
            "20240810",
            "20240822",
            "20240903",
            "20240915",
            "20240927"
          ],
          "displacement_mm": [
            -0.0,
            -0.6930773854255676,
            0.02896149270236492,
            -0.9918051362037659,
            -1.9094722270965576,
            -0.4485562741756439,
            1.779808521270752,
            0.18794874846935272,
            -12.075444221496582,
            -0.43883606791496277,
            1.0673720836639404,
            -0.5096448063850403,
            -8.741230964660645,
            -3.8807568550109863,
            -9.437342643737793,
            -6.985367298126221,
            -5.82706880569458,
            -4.174182415008545,
            -7.261971473693848,
            -5.5558762550354
          ]
        }
      }
    },
    {
      "type": "Feature",
      "geometry": {
        "type": "Point",
        "coordinates": [
          126.98830564154424,
          37.41383838545458
        ]
      },
      "properties": {
        "id": 98,
        "lon": 126.98830564154424,
        "lat": 37.41383838545458,
        "velocity": -23.728336334228516,
        "coherence": 0.5208386778831482,
        "disp_final": -7.126009941101074,
        "subsid_cm": -2.372833728790283,
        "timeseries": {
          "dates": [
            "20240107",
            "20240119",
            "20240131",
            "20240212",
            "20240224",
            "20240307",
            "20240319",
            "20240331",
            "20240412",
            "20240424",
            "20240506",
            "20240530",
            "20240705",
            "20240717",
            "20240729",
            "20240810",
            "20240822",
            "20240903",
            "20240915",
            "20240927"
          ],
          "displacement_mm": [
            -0.0,
            -4.3604912757873535,
            -3.0928683280944824,
            -1.7246607542037964,
            -0.28869637846946716,
            3.4301881790161133,
            0.5465019345283508,
            -2.2323877811431885,
            -19.79728889465332,
            -6.2300543785095215,
            -8.100391387939453,
            -4.8183393478393555,
            -16.029088973999023,
            -18.1192626953125,
            -11.777395248413086,
            -17.78084373474121,
            -19.252948760986328,
            -23.753000259399414,
            -8.74869155883789,
            -7.126009941101074
          ]
        }
      }
    },
    {
      "type": "Feature",
      "geometry": {
        "type": "Point",
        "coordinates": [
          126.98880403376292,
          37.41383838545458
        ]
      },
      "properties": {
        "id": 99,
        "lon": 126.98880403376292,
        "lat": 37.41383838545458,
        "velocity": -12.193670272827148,
        "coherence": 0.5523664355278015,
        "disp_final": -5.221897602081299,
        "subsid_cm": -1.2193670272827148,
        "timeseries": {
          "dates": [
            "20240107",
            "20240119",
            "20240131",
            "20240212",
            "20240224",
            "20240307",
            "20240319",
            "20240331",
            "20240412",
            "20240424",
            "20240506",
            "20240530",
            "20240705",
            "20240717",
            "20240729",
            "20240810",
            "20240822",
            "20240903",
            "20240915",
            "20240927"
          ],
          "displacement_mm": [
            -0.0,
            1.2055362462997437,
            -2.8736822605133057,
            -0.732664167881012,
            1.2256468534469604,
            1.5108609199523926,
            0.6674557328224182,
            -0.484453409910202,
            -20.30976676940918,
            -3.7929720878601074,
            7.647870063781738,
            -3.885958433151245,
            -3.5587592124938965,
            -7.551535606384277,
            -6.858025550842285,
            -5.697982311248779,
            -9.80736255645752,
            -10.675464630126953,
            -7.318474292755127,
            -5.221897602081299
          ]
        }
      }
    },
    {
      "type": "Feature",
      "geometry": {
        "type": "Point",
        "coordinates": [
          126.99395408668921,
          37.41383838545458
        ]
      },
      "properties": {
        "id": 100,
        "lon": 126.99395408668921,
        "lat": 37.41383838545458,
        "velocity": -17.548933029174805,
        "coherence": 0.5077248215675354,
        "disp_final": -12.609824180603027,
        "subsid_cm": -1.7548933029174805,
        "timeseries": {
          "dates": [
            "20240107",
            "20240119",
            "20240131",
            "20240212",
            "20240224",
            "20240307",
            "20240319",
            "20240331",
            "20240412",
            "20240424",
            "20240506",
            "20240530",
            "20240705",
            "20240717",
            "20240729",
            "20240810",
            "20240822",
            "20240903",
            "20240915",
            "20240927"
          ],
          "displacement_mm": [
            -0.0,
            0.5724856853485107,
            -1.1724119186401367,
            0.33483120799064636,
            -4.149328708648682,
            -1.8907479047775269,
            -2.363506555557251,
            1.399623990058899,
            -1.2517967224121094,
            -7.669062614440918,
            -1.6867767572402954,
            -2.081860303878784,
            -15.643393516540527,
            -8.849677085876465,
            -15.473787307739258,
            -15.743512153625488,
            -12.354113578796387,
            -4.9843878746032715,
            -2.3454091548919678,
            -12.609824180603027
          ]
        }
      }
    },
    {
      "type": "Feature",
      "geometry": {
        "type": "Point",
        "coordinates": [
          126.97817166643121,
          37.41396675242428
        ]
      },
      "properties": {
        "id": 101,
        "lon": 126.97817166643121,
        "lat": 37.41396675242428,
        "velocity": -15.691173553466797,
        "coherence": 0.6029594540596008,
        "disp_final": -5.959458351135254,
        "subsid_cm": -1.5691173076629639,
        "timeseries": {
          "dates": [
            "20240107",
            "20240119",
            "20240131",
            "20240212",
            "20240224",
            "20240307",
            "20240319",
            "20240331",
            "20240412",
            "20240424",
            "20240506",
            "20240530",
            "20240705",
            "20240717",
            "20240729",
            "20240810",
            "20240822",
            "20240903",
            "20240915",
            "20240927"
          ],
          "displacement_mm": [
            -0.0,
            -0.7785612344741821,
            -4.823836326599121,
            -3.9467403888702393,
            -3.527024269104004,
            -1.8634318113327026,
            -6.0519280433654785,
            -10.577239036560059,
            -6.547640323638916,
            -3.205548048019409,
            -10.380206108093262,
            -8.043477058410645,
            -6.814926624298096,
            -11.634035110473633,
            -15.817611694335938,
            -14.796422004699707,
            -13.20168685913086,
            -14.444045066833496,
            -11.052334785461426,
            -5.959458351135254
          ]
        }
      }
    },
    {
      "type": "Feature",
      "geometry": {
        "type": "Point",
        "coordinates": [
          126.97867005864988,
          37.41396675242428
        ]
      },
      "properties": {
        "id": 102,
        "lon": 126.97867005864988,
        "lat": 37.41396675242428,
        "velocity": -24.405792236328125,
        "coherence": 0.7250523567199707,
        "disp_final": -6.7672648429870605,
        "subsid_cm": -2.4405791759490967,
        "timeseries": {
          "dates": [
            "20240107",
            "20240119",
            "20240131",
            "20240212",
            "20240224",
            "20240307",
            "20240319",
            "20240331",
            "20240412",
            "20240424",
            "20240506",
            "20240530",
            "20240705",
            "20240717",
            "20240729",
            "20240810",
            "20240822",
            "20240903",
            "20240915",
            "20240927"
          ],
          "displacement_mm": [
            -0.0,
            -1.5661535263061523,
            -3.5703377723693848,
            -3.6104958057403564,
            -3.702457904815674,
            -1.8191584348678589,
            -6.6327128410339355,
            -7.597585201263428,
            -2.329850912094116,
            -2.8578898906707764,
            -18.484405517578125,
            -9.577714920043945,
            -12.683877944946289,
            -16.752695083618164,
            -18.144556045532227,
            -18.891721725463867,
            -19.80899429321289,
            -21.177278518676758,
            -15.18009090423584,
            -6.7672648429870605
          ]
        }
      }
    },
    {
      "type": "Feature",
      "geometry": {
        "type": "Point",
        "coordinates": [
          126.98431850379485,
          37.41396675242428
        ]
      },
      "properties": {
        "id": 103,
        "lon": 126.98431850379485,
        "lat": 37.41396675242428,
        "velocity": -11.2315092086792,
        "coherence": 0.616038978099823,
        "disp_final": -3.8667643070220947,
        "subsid_cm": -1.1231509447097778,
        "timeseries": {
          "dates": [
            "20240107",
            "20240119",
            "20240131",
            "20240212",
            "20240224",
            "20240307",
            "20240319",
            "20240331",
            "20240412",
            "20240424",
            "20240506",
            "20240530",
            "20240705",
            "20240717",
            "20240729",
            "20240810",
            "20240822",
            "20240903",
            "20240915",
            "20240927"
          ],
          "displacement_mm": [
            -0.0,
            4.001661777496338,
            4.13994026184082,
            1.173875331878662,
            4.15492582321167,
            3.20837140083313,
            4.7092437744140625,
            -0.08212274312973022,
            7.889692306518555,
            -0.8431153297424316,
            5.139659881591797,
            4.402905464172363,
            -3.6312994956970215,
            -3.0506110191345215,
            -1.1996124982833862,
            -4.690225601196289,
            -3.708320140838623,
            -4.330101490020752,
            -0.9373748302459717,
            -3.8667643070220947
          ]
        }
      }
    },
    {
      "type": "Feature",
      "geometry": {
        "type": "Point",
        "coordinates": [
          126.99495087112656,
          37.41396675242428
        ]
      },
      "properties": {
        "id": 104,
        "lon": 126.99495087112656,
        "lat": 37.41396675242428,
        "velocity": -15.386963844299316,
        "coherence": 0.8081490397453308,
        "disp_final": -13.627398490905762,
        "subsid_cm": -1.5386964082717896,
        "timeseries": {
          "dates": [
            "20240107",
            "20240119",
            "20240131",
            "20240212",
            "20240224",
            "20240307",
            "20240319",
            "20240331",
            "20240412",
            "20240424",
            "20240506",
            "20240530",
            "20240705",
            "20240717",
            "20240729",
            "20240810",
            "20240822",
            "20240903",
            "20240915",
            "20240927"
          ],
          "displacement_mm": [
            -0.0,
            -1.1562784910202026,
            0.46939387917518616,
            -0.30769082903862,
            -2.0392568111419678,
            -2.0919721126556396,
            -4.783838272094727,
            -4.279369354248047,
            1.1310418844223022,
            -0.9850018620491028,
            -3.1369903087615967,
            -9.286243438720703,
            -11.810541152954102,
            -11.515365600585938,
            -9.132309913635254,
            -7.870471000671387,
            -7.003054141998291,
            -0.943187952041626,
            -12.026045799255371,
            -13.627398490905762
          ]
        }
      }
    },
    {
      "type": "Feature",
      "geometry": {
        "type": "Point",
        "coordinates": [
          126.99511700186612,
          37.41396675242428
        ]
      },
      "properties": {
        "id": 105,
        "lon": 126.99511700186612,
        "lat": 37.41396675242428,
        "velocity": -15.386963844299316,
        "coherence": 0.8081490397453308,
        "disp_final": -13.627398490905762,
        "subsid_cm": -1.5386964082717896,
        "timeseries": {
          "dates": [
            "20240107",
            "20240119",
            "20240131",
            "20240212",
            "20240224",
            "20240307",
            "20240319",
            "20240331",
            "20240412",
            "20240424",
            "20240506",
            "20240530",
            "20240705",
            "20240717",
            "20240729",
            "20240810",
            "20240822",
            "20240903",
            "20240915",
            "20240927"
          ],
          "displacement_mm": [
            -0.0,
            -1.1562784910202026,
            0.46939387917518616,
            -0.30769082903862,
            -2.0392568111419678,
            -2.0919721126556396,
            -4.783838272094727,
            -4.279369354248047,
            1.1310418844223022,
            -0.9850018620491028,
            -3.1369903087615967,
            -9.286243438720703,
            -11.810541152954102,
            -11.515365600585938,
            -9.132309913635254,
            -7.870471000671387,
            -7.003054141998291,
            -0.943187952041626,
            -12.026045799255371,
            -13.627398490905762
          ]
        }
      }
    },
    {
      "type": "Feature",
      "geometry": {
        "type": "Point",
        "coordinates": [
          126.97916845086856,
          37.41409511939398
        ]
      },
      "properties": {
        "id": 106,
        "lon": 126.97916845086856,
        "lat": 37.41409511939398,
        "velocity": -40.58626174926758,
        "coherence": 0.7539491653442383,
        "disp_final": -21.680347442626953,
        "subsid_cm": -4.058626174926758,
        "timeseries": {
          "dates": [
            "20240107",
            "20240119",
            "20240131",
            "20240212",
            "20240224",
            "20240307",
            "20240319",
            "20240331",
            "20240412",
            "20240424",
            "20240506",
            "20240530",
            "20240705",
            "20240717",
            "20240729",
            "20240810",
            "20240822",
            "20240903",
            "20240915",
            "20240927"
          ],
          "displacement_mm": [
            -0.0,
            -0.5712542533874512,
            2.5873210430145264,
            0.10835736989974976,
            -0.09304607659578323,
            0.8806475400924683,
            1.5541428327560425,
            -17.471961975097656,
            -11.558338165283203,
            -17.50944709777832,
            -19.650516510009766,
            -18.516559600830078,
            -21.189802169799805,
            -25.52117919921875,
            -22.76091766357422,
            -24.337678909301758,
            -24.464235305786133,
            -22.050752639770508,
            -22.223546981811523,
            -21.680347442626953
          ]
        }
      }
    },
    {
      "type": "Feature",
      "geometry": {
        "type": "Point",
        "coordinates": [
          126.9853152882322,
          37.41409511939398
        ]
      },
      "properties": {
        "id": 107,
        "lon": 126.9853152882322,
        "lat": 37.41409511939398,
        "velocity": -11.831416130065918,
        "coherence": 0.529325008392334,
        "disp_final": -8.826089859008789,
        "subsid_cm": -1.1831415891647339,
        "timeseries": {
          "dates": [
            "20240107",
            "20240119",
            "20240131",
            "20240212",
            "20240224",
            "20240307",
            "20240319",
            "20240331",
            "20240412",
            "20240424",
            "20240506",
            "20240530",
            "20240705",
            "20240717",
            "20240729",
            "20240810",
            "20240822",
            "20240903",
            "20240915",
            "20240927"
          ],
          "displacement_mm": [
            -0.0,
            -5.521219730377197,
            -6.673393249511719,
            -10.08059024810791,
            -5.757002830505371,
            -5.811573028564453,
            -6.199235916137695,
            -7.5298075675964355,
            2.231684446334839,
            -8.230927467346191,
            -4.786438941955566,
            -6.484748840332031,
            -9.968293190002441,
            -12.550792694091797,
            -8.025806427001953,
            -13.489738464355469,
            -13.314515113830566,
            -13.059540748596191,
            -12.26716136932373,
            -8.826089859008789
          ]
        }
      }
    },
    {
      "type": "Feature",
      "geometry": {
        "type": "Point",
        "coordinates": [
          126.99345569447054,
          37.41409511939398
        ]
      },
      "properties": {
        "id": 108,
        "lon": 126.99345569447054,
        "lat": 37.41409511939398,
        "velocity": -18.287376403808594,
        "coherence": 0.5134275555610657,
        "disp_final": -4.973369121551514,
        "subsid_cm": -1.8287376165390015,
        "timeseries": {
          "dates": [
            "20240107",
            "20240119",
            "20240131",
            "20240212",
            "20240224",
            "20240307",
            "20240319",
            "20240331",
            "20240412",
            "20240424",
            "20240506",
            "20240530",
            "20240705",
            "20240717",
            "20240729",
            "20240810",
            "20240822",
            "20240903",
            "20240915",
            "20240927"
          ],
          "displacement_mm": [
            -0.0,
            -1.4096721410751343,
            1.1134064197540283,
            -0.04119609668850899,
            -2.086337089538574,
            -0.17792366445064545,
            -0.36898064613342285,
            3.571815013885498,
            -2.6621580123901367,
            0.31989437341690063,
            -4.78624963760376,
            -5.387354850769043,
            -8.592820167541504,
            -17.351848602294922,
            -12.075897216796875,
            -16.360931396484375,
            -9.3012113571167,
            -6.711452007293701,
            -9.209108352661133,
            -4.973369121551514
          ]
        }
      }
    },
    {
      "type": "Feature",
      "geometry": {
        "type": "Point",
        "coordinates": [
          126.97767327421253,
          37.414223486363674
        ]
      },
      "properties": {
        "id": 109,
        "lon": 126.97767327421253,
        "lat": 37.414223486363674,
        "velocity": -47.40559768676758,
        "coherence": 0.9514992833137512,
        "disp_final": -27.718080520629883,
        "subsid_cm": -4.7405595779418945,
        "timeseries": {
          "dates": [
            "20240107",
            "20240119",
            "20240131",
            "20240212",
            "20240224",
            "20240307",
            "20240319",
            "20240331",
            "20240412",
            "20240424",
            "20240506",
            "20240530",
            "20240705",
            "20240717",
            "20240729",
            "20240810",
            "20240822",
            "20240903",
            "20240915",
            "20240927"
          ],
          "displacement_mm": [
            -0.0,
            -2.762700080871582,
            -3.291088104248047,
            -4.630937576293945,
            -4.180596351623535,
            -2.1575732231140137,
            -7.114377021789551,
            -10.004508018493652,
            -11.105167388916016,
            -11.636390686035156,
            -19.790040969848633,
            -18.451501846313477,
            -28.509912490844727,
            -27.29128646850586,
            -30.04140853881836,
            -31.6988582611084,
            -32.26387023925781,
            -30.6148681640625,
            -25.07256317138672,
            -27.718080520629883
          ]
        }
      }
    },
    {
      "type": "Feature",
      "geometry": {
        "type": "Point",
        "coordinates": [
          126.98282332713883,
          37.414223486363674
        ]
      },
      "properties": {
        "id": 110,
        "lon": 126.98282332713883,
        "lat": 37.414223486363674,
        "velocity": -21.456809997558594,
        "coherence": 0.7063136100769043,
        "disp_final": -13.297157287597656,
        "subsid_cm": -2.1456809043884277,
        "timeseries": {
          "dates": [
            "20240107",
            "20240119",
            "20240131",
            "20240212",
            "20240224",
            "20240307",
            "20240319",
            "20240331",
            "20240412",
            "20240424",
            "20240506",
            "20240530",
            "20240705",
            "20240717",
            "20240729",
            "20240810",
            "20240822",
            "20240903",
            "20240915",
            "20240927"
          ],
          "displacement_mm": [
            -0.0,
            -0.29316774010658264,
            -4.925075531005859,
            -3.5158655643463135,
            -3.2153425216674805,
            -1.1101747751235962,
            -3.884660243988037,
            -3.567258596420288,
            7.252221584320068,
            -0.7832241654396057,
            -6.155797958374023,
            -3.9830732345581055,
            -7.034921646118164,
            -8.855145454406738,
            -10.905925750732422,
            -16.059965133666992,
            -16.129533767700195,
            -15.219766616821289,
            -12.986671447753906,
            -13.297157287597656
          ]
        }
      }
    },
    {
      "type": "Feature",
      "geometry": {
        "type": "Point",
        "coordinates": [
          126.9833217193575,
          37.414223486363674
        ]
      },
      "properties": {
        "id": 111,
        "lon": 126.9833217193575,
        "lat": 37.414223486363674,
        "velocity": -12.644948959350586,
        "coherence": 0.6880293488502502,
        "disp_final": -8.368605613708496,
        "subsid_cm": -1.2644948959350586,
        "timeseries": {
          "dates": [
            "20240107",
            "20240119",
            "20240131",
            "20240212",
            "20240224",
            "20240307",
            "20240319",
            "20240331",
            "20240412",
            "20240424",
            "20240506",
            "20240530",
            "20240705",
            "20240717",
            "20240729",
            "20240810",
            "20240822",
            "20240903",
            "20240915",
            "20240927"
          ],
          "displacement_mm": [
            -0.0,
            0.03579537197947502,
            -4.626553058624268,
            -3.697829008102417,
            -1.014064908027649,
            0.9633359909057617,
            -3.323402166366577,
            -14.656828880310059,
            -11.165529251098633,
            -7.277419567108154,
            -11.571210861206055,
            -9.691176414489746,
            -8.96627426147461,
            -11.127647399902344,
            -11.903186798095703,
            -11.644139289855957,
            -10.08393669128418,
            -8.444866180419922,
            -8.249821662902832,
            -8.368605613708496
          ]
        }
      }
    },
    {
      "type": "Feature",
      "geometry": {
        "type": "Point",
        "coordinates": [
          126.98830564154424,
          37.414223486363674
        ]
      },
      "properties": {
        "id": 112,
        "lon": 126.98830564154424,
        "lat": 37.414223486363674,
        "velocity": -31.788293838500977,
        "coherence": 0.5764288306236267,
        "disp_final": -16.176025390625,
        "subsid_cm": -3.1788294315338135,
        "timeseries": {
          "dates": [
            "20240107",
            "20240119",
            "20240131",
            "20240212",
            "20240224",
            "20240307",
            "20240319",
            "20240331",
            "20240412",
            "20240424",
            "20240506",
            "20240530",
            "20240705",
            "20240717",
            "20240729",
            "20240810",
            "20240822",
            "20240903",
            "20240915",
            "20240927"
          ],
          "displacement_mm": [
            -0.0,
            0.13349008560180664,
            -4.528630256652832,
            -4.247262954711914,
            -4.024292469024658,
            0.32381895184516907,
            -6.998844623565674,
            -15.871903419494629,
            -16.72631072998047,
            -22.959917068481445,
            -14.480647087097168,
            -20.28246307373047,
            -21.64963722229004,
            -23.74543571472168,
            -24.884119033813477,
            -17.7518367767334,
            -24.222684860229492,
            -24.96576690673828,
            -18.474985122680664,
            -16.176025390625
          ]
        }
      }
    },
    {
      "type": "Feature",
      "geometry": {
        "type": "Point",
        "coordinates": [
          126.99445247890789,
          37.414223486363674
        ]
      },
      "properties": {
        "id": 113,
        "lon": 126.99445247890789,
        "lat": 37.414223486363674,
        "velocity": -17.50581169128418,
        "coherence": 0.6446723937988281,
        "disp_final": -10.504656791687012,
        "subsid_cm": -1.75058114528656,
        "timeseries": {
          "dates": [
            "20240107",
            "20240119",
            "20240131",
            "20240212",
            "20240224",
            "20240307",
            "20240319",
            "20240331",
            "20240412",
            "20240424",
            "20240506",
            "20240530",
            "20240705",
            "20240717",
            "20240729",
            "20240810",
            "20240822",
            "20240903",
            "20240915",
            "20240927"
          ],
          "displacement_mm": [
            -0.0,
            -2.2626307010650635,
            3.591071844100952,
            -0.13508115708827972,
            -0.4215274155139923,
            1.3251744508743286,
            -0.8571454286575317,
            0.5237672328948975,
            -4.0673370361328125,
            -0.8046264052391052,
            -1.7731536626815796,
            -5.296609878540039,
            -9.679450988769531,
            -14.431417465209961,
            -4.87857723236084,
            -9.124041557312012,
            -11.477574348449707,
            -10.0556058883667,
            -4.950406074523926,
            -10.504656791687012
          ]
        }
      }
    },
    {
      "type": "Feature",
      "geometry": {
        "type": "Point",
        "coordinates": [
          126.97817166643121,
          37.41435185333337
        ]
      },
      "properties": {
        "id": 114,
        "lon": 126.97817166643121,
        "lat": 37.41435185333337,
        "velocity": -18.03275489807129,
        "coherence": 0.7232880592346191,
        "disp_final": -5.347259998321533,
        "subsid_cm": -1.803275465965271,
        "timeseries": {
          "dates": [
            "20240107",
            "20240119",
            "20240131",
            "20240212",
            "20240224",
            "20240307",
            "20240319",
            "20240331",
            "20240412",
            "20240424",
            "20240506",
            "20240530",
            "20240705",
            "20240717",
            "20240729",
            "20240810",
            "20240822",
            "20240903",
            "20240915",
            "20240927"
          ],
          "displacement_mm": [
            -0.0,
            -0.03562352806329727,
            -3.566420793533325,
            -3.8243138790130615,
            -2.1241071224212646,
            -1.628058671951294,
            -4.315329551696777,
            -4.596838474273682,
            -6.62255859375,
            0.2023019939661026,
            -14.549341201782227,
            -5.370995044708252,
            -8.269478797912598,
            -10.655311584472656,
            -12.189850807189941,
            -15.905374526977539,
            -17.658987045288086,
            -14.929473876953125,
            -10.660970687866211,
            -5.347259998321533
          ]
        }
      }
    },
    {
      "type": "Feature",
      "geometry": {
        "type": "Point",
        "coordinates": [
          126.98082975826414,
          37.41435185333337
        ]
      },
      "properties": {
        "id": 115,
        "lon": 126.98082975826414,
        "lat": 37.41435185333337,
        "velocity": -15.555022239685059,
        "coherence": 0.6838465332984924,
        "disp_final": -6.287193775177002,
        "subsid_cm": -1.55550217628479,
        "timeseries": {
          "dates": [
            "20240107",
            "20240119",
            "20240131",
            "20240212",
            "20240224",
            "20240307",
            "20240319",
            "20240331",
            "20240412",
            "20240424",
            "20240506",
            "20240530",
            "20240705",
            "20240717",
            "20240729",
            "20240810",
            "20240822",
            "20240903",
            "20240915",
            "20240927"
          ],
          "displacement_mm": [
            -0.0,
            1.2807058095932007,
            3.6264426708221436,
            -0.5702559947967529,
            -2.244835615158081,
            -2.8833961486816406,
            -1.5865918397903442,
            -4.822904586791992,
            -17.02181625366211,
            -14.332596778869629,
            -11.02495288848877,
            -11.243727684020996,
            -11.944212913513184,
            -15.9121732711792,
            -12.942314147949219,
            -14.893045425415039,
            -7.062577247619629,
            -9.160293579101562,
            -5.528196811676025,
            -6.287193775177002
          ]
        }
      }
    },
    {
      "type": "Feature",
      "geometry": {
        "type": "Point",
        "coordinates": [
          126.9841523730553,
          37.41435185333337
        ]
      },
      "properties": {
        "id": 116,
        "lon": 126.9841523730553,
        "lat": 37.41435185333337,
        "velocity": -19.92806625366211,
        "coherence": 0.503504753112793,
        "disp_final": -9.187308311462402,
        "subsid_cm": -1.9928066730499268,
        "timeseries": {
          "dates": [
            "20240107",
            "20240119",
            "20240131",
            "20240212",
            "20240224",
            "20240307",
            "20240319",
            "20240331",
            "20240412",
            "20240424",
            "20240506",
            "20240530",
            "20240705",
            "20240717",
            "20240729",
            "20240810",
            "20240822",
            "20240903",
            "20240915",
            "20240927"
          ],
          "displacement_mm": [
            -0.0,
            1.5475775003433228,
            3.2381269931793213,
            0.9802987575531006,
            -7.649024963378906,
            -7.7566704750061035,
            -14.501481056213379,
            -10.060592651367188,
            -4.885345458984375,
            -12.740524291992188,
            -8.22026252746582,
            -11.654491424560547,
            -15.615544319152832,
            -12.882979393005371,
            -11.308477401733398,
            -13.876517295837402,
            -20.868688583374023,
            -10.94426441192627,
            -14.668669700622559,
            -9.187308311462402
          ]
        }
      }
    },
    {
      "type": "Feature",
      "geometry": {
        "type": "Point",
        "coordinates": [
          126.99544926334524,
          37.41435185333337
        ]
      },
      "properties": {
        "id": 117,
        "lon": 126.99544926334524,
        "lat": 37.41435185333337,
        "velocity": -26.35503387451172,
        "coherence": 0.5528023838996887,
        "disp_final": -10.27150821685791,
        "subsid_cm": -2.6355032920837402,
        "timeseries": {
          "dates": [
            "20240107",
            "20240119",
            "20240131",
            "20240212",
            "20240224",
            "20240307",
            "20240319",
            "20240331",
            "20240412",
            "20240424",
            "20240506",
            "20240530",
            "20240705",
            "20240717",
            "20240729",
            "20240810",
            "20240822",
            "20240903",
            "20240915",
            "20240927"
          ],
          "displacement_mm": [
            -0.0,
            0.1737150251865387,
            4.105747699737549,
            -0.7150039672851562,
            0.6159494519233704,
            -0.5332970023155212,
            -3.5952658653259277,
            -3.262995719909668,
            -0.7430762648582458,
            1.940629482269287,
            -0.3569808304309845,
            -10.541800498962402,
            -16.3094425201416,
            -13.659557342529297,
            -14.20356273651123,
            -15.92180061340332,
            -14.582540512084961,
            -13.624374389648438,
            -13.53065299987793,
            -10.27150821685791
          ]
        }
      }
    },
    {
      "type": "Feature",
      "geometry": {
        "type": "Point",
        "coordinates": [
          126.97750714347298,
          37.41460858727277
        ]
      },
      "properties": {
        "id": 118,
        "lon": 126.97750714347298,
        "lat": 37.41460858727277,
        "velocity": -41.68202590942383,
        "coherence": 0.8931431174278259,
        "disp_final": -16.75678253173828,
        "subsid_cm": -4.1682024002075195,
        "timeseries": {
          "dates": [
            "20240107",
            "20240119",
            "20240131",
            "20240212",
            "20240224",
            "20240307",
            "20240319",
            "20240331",
            "20240412",
            "20240424",
            "20240506",
            "20240530",
            "20240705",
            "20240717",
            "20240729",
            "20240810",
            "20240822",
            "20240903",
            "20240915",
            "20240927"
          ],
          "displacement_mm": [
            -0.0,
            -2.24881911277771,
            -2.7290985584259033,
            -4.309082984924316,
            -7.163532257080078,
            -3.051872491836548,
            -7.137735366821289,
            -12.332786560058594,
            -15.88253116607666,
            -13.072922706604004,
            -24.575504302978516,
            -20.09731101989746,
            -30.13874053955078,
            -27.27656364440918,
            -30.320880889892578,
            -31.42180633544922,
            -35.39022445678711,
            -28.606956481933594,
            -21.245452880859375,
            -16.75678253173828
          ]
        }
      }
    },
    {
      "type": "Feature",
      "geometry": {
        "type": "Point",
        "coordinates": [
          126.98980081820027,
          37.414736954242464
        ]
      },
      "properties": {
        "id": 119,
        "lon": 126.98980081820027,
        "lat": 37.414736954242464,
        "velocity": -51.82524108886719,
        "coherence": 0.8325493335723877,
        "disp_final": -25.107011795043945,
        "subsid_cm": -5.18252420425415,
        "timeseries": {
          "dates": [
            "20240107",
            "20240119",
            "20240131",
            "20240212",
            "20240224",
            "20240307",
            "20240319",
            "20240331",
            "20240412",
            "20240424",
            "20240506",
            "20240530",
            "20240705",
            "20240717",
            "20240729",
            "20240810",
            "20240822",
            "20240903",
            "20240915",
            "20240927"
          ],
          "displacement_mm": [
            -0.0,
            -2.404195785522461,
            -5.477967739105225,
            -5.874805450439453,
            -6.000720977783203,
            -4.198482513427734,
            -8.405905723571777,
            -15.85367202758789,
            -21.574359893798828,
            -14.490979194641113,
            -16.745162963867188,
            -20.177274703979492,
            -30.325103759765625,
            -36.10002136230469,
            -35.0781364440918,
            -37.94129943847656,
            -39.13063430786133,
            -38.124996185302734,
            -27.428600311279297,
            -25.107011795043945
          ]
        }
      }
    },
    {
      "type": "Feature",
      "geometry": {
        "type": "Point",
        "coordinates": [
          126.99229277929363,
          37.414736954242464
        ]
      },
      "properties": {
        "id": 120,
        "lon": 126.99229277929363,
        "lat": 37.414736954242464,
        "velocity": -10.6703462600708,
        "coherence": 0.6533620357513428,
        "disp_final": -1.4124270677566528,
        "subsid_cm": -1.0670346021652222,
        "timeseries": {
          "dates": [
            "20240107",
            "20240119",
            "20240131",
            "20240212",
            "20240224",
            "20240307",
            "20240319",
            "20240331",
            "20240412",
            "20240424",
            "20240506",
            "20240530",
            "20240705",
            "20240717",
            "20240729",
            "20240810",
            "20240822",
            "20240903",
            "20240915",
            "20240927"
          ],
          "displacement_mm": [
            -0.0,
            7.022086143493652,
            3.044152021408081,
            4.194456577301025,
            3.6635472774505615,
            4.768235206604004,
            5.304712295532227,
            3.2769181728363037,
            0.6741712093353271,
            3.1255030632019043,
            -0.28041884303092957,
            0.489421546459198,
            -9.478974342346191,
            -1.6627060174942017,
            -0.7402352690696716,
            -3.4681503772735596,
            -0.05007974058389664,
            -1.7639421224594116,
            -1.4273009300231934,
            -1.4124270677566528
          ]
        }
      }
    },
    {
      "type": "Feature",
      "geometry": {
        "type": "Point",
        "coordinates": [
          126.99279117151231,
          37.414736954242464
        ]
      },
      "properties": {
        "id": 121,
        "lon": 126.99279117151231,
        "lat": 37.414736954242464,
        "velocity": -22.284265518188477,
        "coherence": 0.5279482007026672,
        "disp_final": -11.796626091003418,
        "subsid_cm": -2.228426456451416,
        "timeseries": {
          "dates": [
            "20240107",
            "20240119",
            "20240131",
            "20240212",
            "20240224",
            "20240307",
            "20240319",
            "20240331",
            "20240412",
            "20240424",
            "20240506",
            "20240530",
            "20240705",
            "20240717",
            "20240729",
            "20240810",
            "20240822",
            "20240903",
            "20240915",
            "20240927"
          ],
          "displacement_mm": [
            -0.0,
            0.18591314554214478,
            3.236037492752075,
            0.04649219289422035,
            2.470414161682129,
            5.403103351593018,
            0.7148059010505676,
            -3.948700428009033,
            -6.715173721313477,
            -8.869112968444824,
            -14.288595199584961,
            -8.883366584777832,
            -15.491048812866211,
            -9.300841331481934,
            -11.413897514343262,
            -13.055330276489258,
            -10.599489212036133,
            -7.906112194061279,
            -12.031380653381348,
            -11.796626091003418
          ]
        }
      }
    },
    {
      "type": "Feature",
      "geometry": {
        "type": "Point",
        "coordinates": [
          126.99528313260568,
          37.414736954242464
        ]
      },
      "properties": {
        "id": 122,
        "lon": 126.99528313260568,
        "lat": 37.414736954242464,
        "velocity": -16.243045806884766,
        "coherence": 0.5645167827606201,
        "disp_final": -4.482115745544434,
        "subsid_cm": -1.6243045330047607,
        "timeseries": {
          "dates": [
            "20240107",
            "20240119",
            "20240131",
            "20240212",
            "20240224",
            "20240307",
            "20240319",
            "20240331",
            "20240412",
            "20240424",
            "20240506",
            "20240530",
            "20240705",
            "20240717",
            "20240729",
            "20240810",
            "20240822",
            "20240903",
            "20240915",
            "20240927"
          ],
          "displacement_mm": [
            -0.0,
            3.48103928565979,
            -2.7769548892974854,
            1.047721028327942,
            -0.18116383254528046,
            -6.609710693359375,
            -12.519662857055664,
            -9.921886444091797,
            -10.034244537353516,
            -5.835237503051758,
            -8.487285614013672,
            -11.139334678649902,
            -13.398018836975098,
            -15.986589431762695,
            -9.981945037841797,
            -16.669137954711914,
            -16.641862869262695,
            -12.067015647888184,
            -5.59929084777832,
            -4.482115745544434
          ]
        }
      }
    },
    {
      "type": "Feature",
      "geometry": {
        "type": "Point",
        "coordinates": [
          126.99544926334524,
          37.414736954242464
        ]
      },
      "properties": {
        "id": 123,
        "lon": 126.99544926334524,
        "lat": 37.414736954242464,
        "velocity": -16.243045806884766,
        "coherence": 0.5645167827606201,
        "disp_final": -4.482115745544434,
        "subsid_cm": -1.6243045330047607,
        "timeseries": {
          "dates": [
            "20240107",
            "20240119",
            "20240131",
            "20240212",
            "20240224",
            "20240307",
            "20240319",
            "20240331",
            "20240412",
            "20240424",
            "20240506",
            "20240530",
            "20240705",
            "20240717",
            "20240729",
            "20240810",
            "20240822",
            "20240903",
            "20240915",
            "20240927"
          ],
          "displacement_mm": [
            -0.0,
            3.48103928565979,
            -2.7769548892974854,
            1.047721028327942,
            -0.18116383254528046,
            -6.609710693359375,
            -12.519662857055664,
            -9.921886444091797,
            -10.034244537353516,
            -5.835237503051758,
            -8.487285614013672,
            -11.139334678649902,
            -13.398018836975098,
            -15.986589431762695,
            -9.981945037841797,
            -16.669137954711914,
            -16.641862869262695,
            -12.067015647888184,
            -5.59929084777832,
            -4.482115745544434
          ]
        }
      }
    },
    {
      "type": "Feature",
      "geometry": {
        "type": "Point",
        "coordinates": [
          126.9770087512543,
          37.41486532121216
        ]
      },
      "properties": {
        "id": 124,
        "lon": 126.9770087512543,
        "lat": 37.41486532121216,
        "velocity": -61.44710922241211,
        "coherence": 0.6392399072647095,
        "disp_final": -31.82469940185547,
        "subsid_cm": -6.144711017608643,
        "timeseries": {
          "dates": [
            "20240107",
            "20240119",
            "20240131",
            "20240212",
            "20240224",
            "20240307",
            "20240319",
            "20240331",
            "20240412",
            "20240424",
            "20240506",
            "20240530",
            "20240705",
            "20240717",
            "20240729",
            "20240810",
            "20240822",
            "20240903",
            "20240915",
            "20240927"
          ],
          "displacement_mm": [
            -0.0,
            1.1439570188522339,
            -3.01383900642395,
            -2.239989995956421,
            -1.3211324214935303,
            0.8563544750213623,
            -1.6542860269546509,
            -5.240895748138428,
            -9.421215057373047,
            -13.601534843444824,
            -20.0111026763916,
            -17.893569946289062,
            -33.95943069458008,
            -33.17313003540039,
            -34.75416946411133,
            -36.13703918457031,
            -37.024166107177734,
            -37.282752990722656,
            -30.69776725769043,
            -31.82469940185547
          ]
        }
      }
    },
    {
      "type": "Feature",
      "geometry": {
        "type": "Point",
        "coordinates": [
          126.97950071234767,
          37.41486532121216
        ]
      },
      "properties": {
        "id": 125,
        "lon": 126.97950071234767,
        "lat": 37.41486532121216,
        "velocity": -19.363422393798828,
        "coherence": 0.8861387372016907,
        "disp_final": -19.25739860534668,
        "subsid_cm": -1.9363422393798828,
        "timeseries": {
          "dates": [
            "20240107",
            "20240119",
            "20240131",
            "20240212",
            "20240224",
            "20240307",
            "20240319",
            "20240331",
            "20240412",
            "20240424",
            "20240506",
            "20240530",
            "20240705",
            "20240717",
            "20240729",
            "20240810",
            "20240822",
            "20240903",
            "20240915",
            "20240927"
          ],
          "displacement_mm": [
            -0.0,
            -0.7920807600021362,
            -3.2196638584136963,
            -2.5248665809631348,
            -5.305059909820557,
            -3.8644943237304688,
            -4.133424282073975,
            -12.7667875289917,
            -14.930399894714355,
            -13.506003379821777,
            -12.423580169677734,
            -16.30582046508789,
            -5.195103645324707,
            -9.282439231872559,
            -12.219797134399414,
            -16.675540924072266,
            -12.144098281860352,
            -9.091049194335938,
            -19.547285079956055,
            -19.25739860534668
          ]
        }
      }
    },
    {
      "type": "Feature",
      "geometry": {
        "type": "Point",
        "coordinates": [
          126.98980081820027,
          37.415122055151556
        ]
      },
      "properties": {
        "id": 126,
        "lon": 126.98980081820027,
        "lat": 37.415122055151556,
        "velocity": -58.716304779052734,
        "coherence": 0.8494241833686829,
        "disp_final": -38.81989288330078,
        "subsid_cm": -5.871630668640137,
        "timeseries": {
          "dates": [
            "20240107",
            "20240119",
            "20240131",
            "20240212",
            "20240224",
            "20240307",
            "20240319",
            "20240331",
            "20240412",
            "20240424",
            "20240506",
            "20240530",
            "20240705",
            "20240717",
            "20240729",
            "20240810",
            "20240822",
            "20240903",
            "20240915",
            "20240927"
          ],
          "displacement_mm": [
            -0.0,
            -1.7173895835876465,
            -7.958467960357666,
            -7.826982021331787,
            -9.427088737487793,
            -7.433125019073486,
            -12.216432571411133,
            -21.395689010620117,
            -21.242156982421875,
            -15.090728759765625,
            -25.38912010192871,
            -20.60540771484375,
            -29.496097564697266,
            -30.288545608520508,
            -36.585384368896484,
            -40.31029510498047,
            -39.31756591796875,
            -42.60581588745117,
            -42.345703125,
            -38.81989288330078
          ]
        }
      }
    },
    {
      "type": "Feature",
      "geometry": {
        "type": "Point",
        "coordinates": [
          126.97651035903563,
          37.415250422121254
        ]
      },
      "properties": {
        "id": 127,
        "lon": 126.97651035903563,
        "lat": 37.415250422121254,
        "velocity": -44.41917419433594,
        "coherence": 0.6117902398109436,
        "disp_final": -30.50033950805664,
        "subsid_cm": -4.441917419433594,
        "timeseries": {
          "dates": [
            "20240107",
            "20240119",
            "20240131",
            "20240212",
            "20240224",
            "20240307",
            "20240319",
            "20240331",
            "20240412",
            "20240424",
            "20240506",
            "20240530",
            "20240705",
            "20240717",
            "20240729",
            "20240810",
            "20240822",
            "20240903",
            "20240915",
            "20240927"
          ],
          "displacement_mm": [
            -0.0,
            -2.3400795459747314,
            -9.483874320983887,
            -3.506153106689453,
            2.447591543197632,
            -4.212006092071533,
            -6.331021785736084,
            -10.252676963806152,
            -18.263050079345703,
            -7.201902866363525,
            -19.268850326538086,
            -15.11533260345459,
            -19.394010543823242,
            -21.275999069213867,
            -25.137353897094727,
            -27.626462936401367,
            -31.29695701599121,
            -30.321298599243164,
            -28.32419204711914,
            -30.50033950805664
          ]
        }
      }
    },
    {
      "type": "Feature",
      "geometry": {
        "type": "Point",
        "coordinates": [
          126.97933458160811,
          37.415250422121254
        ]
      },
      "properties": {
        "id": 128,
        "lon": 126.97933458160811,
        "lat": 37.415250422121254,
        "velocity": -21.544517517089844,
        "coherence": 0.5057428479194641,
        "disp_final": -15.116528511047363,
        "subsid_cm": -2.154451847076416,
        "timeseries": {
          "dates": [
            "20240107",
            "20240119",
            "20240131",
            "20240212",
            "20240224",
            "20240307",
            "20240319",
            "20240331",
            "20240412",
            "20240424",
            "20240506",
            "20240530",
            "20240705",
            "20240717",
            "20240729",
            "20240810",
            "20240822",
            "20240903",
            "20240915",
            "20240927"
          ],
          "displacement_mm": [
            -0.0,
            -0.8547590374946594,
            0.312023788690567,
            0.38406240940093994,
            -1.4289188385009766,
            -0.5221894383430481,
            -2.6911380290985107,
            -4.3466033935546875,
            -2.248090982437134,
            -14.893436431884766,
            -19.433792114257812,
            -14.287973403930664,
            -5.564391136169434,
            -10.892356872558594,
            -11.65524673461914,
            -14.922049522399902,
            -12.425491333007812,
            -10.406304359436035,
            -14.52302360534668,
            -15.116528511047363
          ]
        }
      }
    },
    {
      "type": "Feature",
      "geometry": {
        "type": "Point",
        "coordinates": [
          126.98199267344104,
          37.415250422121254
        ]
      },
      "properties": {
        "id": 129,
        "lon": 126.98199267344104,
        "lat": 37.415250422121254,
        "velocity": -12.288275718688965,
        "coherence": 0.5186397433280945,
        "disp_final": -8.200817108154297,
        "subsid_cm": -1.2288275957107544,
        "timeseries": {
          "dates": [
            "20240107",
            "20240119",
            "20240131",
            "20240212",
            "20240224",
            "20240307",
            "20240319",
            "20240331",
            "20240412",
            "20240424",
            "20240506",
            "20240530",
            "20240705",
            "20240717",
            "20240729",
            "20240810",
            "20240822",
            "20240903",
            "20240915",
            "20240927"
          ],
          "displacement_mm": [
            -0.0,
            3.4532787799835205,
            5.414855480194092,
            0.4314078390598297,
            7.335484504699707,
            6.29186487197876,
            3.5987117290496826,
            -0.7598757743835449,
            -3.9397037029266357,
            -7.72826623916626,
            -8.25007438659668,
            -5.217240333557129,
            -9.006962776184082,
            -5.603079795837402,
            -3.846731185913086,
            -7.146933555603027,
            -1.7326054573059082,
            -3.5967657566070557,
            3.987168550491333,
            -8.200817108154297
          ]
        }
      }
    },
    {
      "type": "Feature",
      "geometry": {
        "type": "Point",
        "coordinates": [
          126.99611378630347,
          37.415250422121254
        ]
      },
      "properties": {
        "id": 130,
        "lon": 126.99611378630347,
        "lat": 37.415250422121254,
        "velocity": -32.897464752197266,
        "coherence": 0.7625585198402405,
        "disp_final": -24.614906311035156,
        "subsid_cm": -3.2897465229034424,
        "timeseries": {
          "dates": [
            "20240107",
            "20240119",
            "20240131",
            "20240212",
            "20240224",
            "20240307",
            "20240319",
            "20240331",
            "20240412",
            "20240424",
            "20240506",
            "20240530",
            "20240705",
            "20240717",
            "20240729",
            "20240810",
            "20240822",
            "20240903",
            "20240915",
            "20240927"
          ],
          "displacement_mm": [
            -0.0,
            0.15003563463687897,
            0.30007126927375793,
            -2.619997978210449,
            -10.592916488647461,
            -12.797783851623535,
            -7.0297322273254395,
            -2.559513807296753,
            -9.817096710205078,
            -9.817096710205078,
            -9.817096710205078,
            -9.817096710205078,
            -9.817096710205078,
            -9.817096710205078,
            -22.20380210876465,
            -22.20380210876465,
            -22.20380210876465,
            -23.40935516357422,
            -24.614906311035156,
            -24.614906311035156
          ]
        }
      }
    },
    {
      "type": "Feature",
      "geometry": {
        "type": "Point",
        "coordinates": [
          126.97235709054668,
          37.41537878909095
        ]
      },
      "properties": {
        "id": 131,
        "lon": 126.97235709054668,
        "lat": 37.41537878909095,
        "velocity": -73.69905090332031,
        "coherence": 0.746237576007843,
        "disp_final": -47.77009963989258,
        "subsid_cm": -7.3699049949646,
        "timeseries": {
          "dates": [
            "20240107",
            "20240119",
            "20240131",
            "20240212",
            "20240224",
            "20240307",
            "20240319",
            "20240331",
            "20240412",
            "20240424",
            "20240506",
            "20240530",
            "20240705",
            "20240717",
            "20240729",
            "20240810",
            "20240822",
            "20240903",
            "20240915",
            "20240927"
          ],
          "displacement_mm": [
            -0.0,
            -0.5310627222061157,
            -4.218999862670898,
            -4.161327362060547,
            -6.569260597229004,
            -1.5196106433868408,
            -1.98794686794281,
            -16.029930114746094,
            -9.232855796813965,
            -2.435781717300415,
            6.384882926940918,
            -22.326770782470703,
            -22.326770782470703,
            -24.241287231445312,
            -42.7669563293457,
            -48.887874603271484,
            -44.944881439208984,
            -38.80303192138672,
            -48.66228485107422,
            -47.77009963989258
          ]
        }
      }
    },
    {
      "type": "Feature",
      "geometry": {
        "type": "Point",
        "coordinates": [
          126.97734101273342,
          37.41537878909095
        ]
      },
      "properties": {
        "id": 132,
        "lon": 126.97734101273342,
        "lat": 37.41537878909095,
        "velocity": -38.60811996459961,
        "coherence": 0.5929002165794373,
        "disp_final": -24.0462703704834,
        "subsid_cm": -3.860811948776245,
        "timeseries": {
          "dates": [
            "20240107",
            "20240119",
            "20240131",
            "20240212",
            "20240224",
            "20240307",
            "20240319",
            "20240331",
            "20240412",
            "20240424",
            "20240506",
            "20240530",
            "20240705",
            "20240717",
            "20240729",
            "20240810",
            "20240822",
            "20240903",
            "20240915",
            "20240927"
          ],
          "displacement_mm": [
            -0.0,
            -1.5658420324325562,
            -6.915981292724609,
            -5.686736583709717,
            -6.355318546295166,
            -10.052230834960938,
            -13.831387519836426,
            -8.723054885864258,
            -16.723731994628906,
            -2.32069730758667,
            -11.314245223999023,
            -8.531322479248047,
            -19.592365264892578,
            -21.134490966796875,
            -23.998210906982422,
            -27.322084426879883,
            -31.124309539794922,
            -31.667707443237305,
            -26.33185386657715,
            -24.0462703704834
          ]
        }
      }
    },
    {
      "type": "Feature",
      "geometry": {
        "type": "Point",
        "coordinates": [
          126.98830564154424,
          37.41537878909095
        ]
      },
      "properties": {
        "id": 133,
        "lon": 126.98830564154424,
        "lat": 37.41537878909095,
        "velocity": -10.315378189086914,
        "coherence": 0.7785663604736328,
        "disp_final": -2.4330878257751465,
        "subsid_cm": -1.0315377712249756,
        "timeseries": {
          "dates": [
            "20240107",
            "20240119",
            "20240131",
            "20240212",
            "20240224",
            "20240307",
            "20240319",
            "20240331",
            "20240412",
            "20240424",
            "20240506",
            "20240530",
            "20240705",
            "20240717",
            "20240729",
            "20240810",
            "20240822",
            "20240903",
            "20240915",
            "20240927"
          ],
          "displacement_mm": [
            -0.0,
            1.1459922790527344,
            5.910794734954834,
            1.8629096746444702,
            1.87794029712677,
            3.2500693798065186,
            2.9420130252838135,
            0.5555896162986755,
            -1.0068117380142212,
            -11.85114574432373,
            -0.9612446427345276,
            -3.738071918487549,
            -3.712543487548828,
            -3.216674566268921,
            -5.041284561157227,
            -5.209269046783447,
            -4.6326398849487305,
            -4.044406414031982,
            -2.7318837642669678,
            -2.4330878257751465
          ]
        }
      }
    },
    {
      "type": "Feature",
      "geometry": {
        "type": "Point",
        "coordinates": [
          126.99112986411673,
          37.41537878909095
        ]
      },
      "properties": {
        "id": 134,
        "lon": 126.99112986411673,
        "lat": 37.41537878909095,
        "velocity": -11.891650199890137,
        "coherence": 0.9192556738853455,
        "disp_final": -10.37167739868164,
        "subsid_cm": -1.1891649961471558,
        "timeseries": {
          "dates": [
            "20240107",
            "20240119",
            "20240131",
            "20240212",
            "20240224",
            "20240307",
            "20240319",
            "20240331",
            "20240412",
            "20240424",
            "20240506",
            "20240530",
            "20240705",
            "20240717",
            "20240729",
            "20240810",
            "20240822",
            "20240903",
            "20240915",
            "20240927"
          ],
          "displacement_mm": [
            -0.0,
            2.2875125408172607,
            -0.17322219908237457,
            -6.259037017822266,
            -9.593719482421875,
            -10.053447723388672,
            -10.89278793334961,
            -8.985870361328125,
            -16.034934997558594,
            -10.626978874206543,
            -6.97650671005249,
            -10.368247032165527,
            -13.332709312438965,
            -11.178520202636719,
            -12.24878978729248,
            -12.635198593139648,
            -8.831214904785156,
            -11.775396347045898,
            -9.612395286560059,
            -10.37167739868164
          ]
        }
      }
    },
    {
      "type": "Feature",
      "geometry": {
        "type": "Point",
        "coordinates": [
          126.97883618938944,
          37.41550715606065
        ]
      },
      "properties": {
        "id": 135,
        "lon": 126.97883618938944,
        "lat": 37.41550715606065,
        "velocity": -12.147493362426758,
        "coherence": 0.7419013977050781,
        "disp_final": -8.891633987426758,
        "subsid_cm": -1.2147493362426758,
        "timeseries": {
          "dates": [
            "20240107",
            "20240119",
            "20240131",
            "20240212",
            "20240224",
            "20240307",
            "20240319",
            "20240331",
            "20240412",
            "20240424",
            "20240506",
            "20240530",
            "20240705",
            "20240717",
            "20240729",
            "20240810",
            "20240822",
            "20240903",
            "20240915",
            "20240927"
          ],
          "displacement_mm": [
            -0.0,
            0.0943533331155777,
            1.7758575677871704,
            -1.2140953540802002,
            -0.5959168076515198,
            -0.0654226690530777,
            -0.8381852507591248,
            -0.8577486872673035,
            -5.626800537109375,
            -2.8802123069763184,
            0.6033636331558228,
            -7.912946701049805,
            -4.185299396514893,
            -5.329790115356445,
            -4.087526321411133,
            -7.439819812774658,
            -8.132757186889648,
            -7.210887908935547,
            -5.25212287902832,
            -8.891633987426758
          ]
        }
      }
    },
    {
      "type": "Feature",
      "geometry": {
        "type": "Point",
        "coordinates": [
          126.99013307967938,
          37.41550715606065
        ]
      },
      "properties": {
        "id": 136,
        "lon": 126.99013307967938,
        "lat": 37.41550715606065,
        "velocity": -33.676116943359375,
        "coherence": 0.53578120470047,
        "disp_final": -19.425018310546875,
        "subsid_cm": -3.3676116466522217,
        "timeseries": {
          "dates": [
            "20240107",
            "20240119",
            "20240131",
            "20240212",
            "20240224",
            "20240307",
            "20240319",
            "20240331",
            "20240412",
            "20240424",
            "20240506",
            "20240530",
            "20240705",
            "20240717",
            "20240729",
            "20240810",
            "20240822",
            "20240903",
            "20240915",
            "20240927"
          ],
          "displacement_mm": [
            -0.0,
            2.579254388809204,
            1.0245089530944824,
            4.623735427856445,
            1.7366913557052612,
            2.668118715286255,
            1.1083145141601562,
            -1.4039506912231445,
            -4.188754081726074,
            3.2382378578186035,
            -0.6160899996757507,
            0.6516476273536682,
            -9.195380210876465,
            -6.721846103668213,
            -16.1075382232666,
            -18.560115814208984,
            -11.89487075805664,
            -18.78081703186035,
            -20.882108688354492,
            -19.425018310546875
          ]
        }
      }
    },
    {
      "type": "Feature",
      "geometry": {
        "type": "Point",
        "coordinates": [
          126.98182654270148,
          37.415635523030346
        ]
      },
      "properties": {
        "id": 137,
        "lon": 126.98182654270148,
        "lat": 37.415635523030346,
        "velocity": -61.84490203857422,
        "coherence": 0.5359921455383301,
        "disp_final": -38.83879089355469,
        "subsid_cm": -6.184490203857422,
        "timeseries": {
          "dates": [
            "20240107",
            "20240119",
            "20240131",
            "20240212",
            "20240224",
            "20240307",
            "20240319",
            "20240331",
            "20240412",
            "20240424",
            "20240506",
            "20240530",
            "20240705",
            "20240717",
            "20240729",
            "20240810",
            "20240822",
            "20240903",
            "20240915",
            "20240927"
          ],
          "displacement_mm": [
            -0.0,
            0.11181560903787613,
            4.539484024047852,
            -5.569728851318359,
            -5.801118850708008,
            -7.803411483764648,
            -5.2419610023498535,
            -5.335745811462402,
            -14.156251907348633,
            -9.803722381591797,
            -5.824738025665283,
            -20.75663948059082,
            -31.10638427734375,
            -34.50632858276367,
            -31.894601821899414,
            -37.34312438964844,
            -33.95039749145508,
            -35.79719543457031,
            -35.268531799316406,
            -38.83879089355469
          ]
        }
      }
    },
    {
      "type": "Feature",
      "geometry": {
        "type": "Point",
        "coordinates": [
          126.97235709054668,
          37.41576389000004
        ]
      },
      "properties": {
        "id": 138,
        "lon": 126.97235709054668,
        "lat": 37.41576389000004,
        "velocity": -37.08554458618164,
        "coherence": 0.8029446601867676,
        "disp_final": -20.181909561157227,
        "subsid_cm": -3.70855450630188,
        "timeseries": {
          "dates": [
            "20240107",
            "20240119",
            "20240131",
            "20240212",
            "20240224",
            "20240307",
            "20240319",
            "20240331",
            "20240412",
            "20240424",
            "20240506",
            "20240530",
            "20240705",
            "20240717",
            "20240729",
            "20240810",
            "20240822",
            "20240903",
            "20240915",
            "20240927"
          ],
          "displacement_mm": [
            -0.0,
            -5.211297988891602,
            -7.8821001052856445,
            -2.030362129211426,
            0.1679769903421402,
            -0.2531435489654541,
            -6.326509475708008,
            -6.326509475708008,
            -0.16875910758972168,
            5.9889912605285645,
            4.878024578094482,
            -2.3906919956207275,
            -2.3906919956207275,
            -19.77722930908203,
            -48.74360656738281,
            -9.01610279083252,
            -35.61246109008789,
            -11.909330368041992,
            -26.693307876586914,
            -20.181909561157227
          ]
        }
      }
    },
    {
      "type": "Feature",
      "geometry": {
        "type": "Point",
        "coordinates": [
          126.97684262051474,
          37.41602062393944
        ]
      },
      "properties": {
        "id": 139,
        "lon": 126.97684262051474,
        "lat": 37.41602062393944,
        "velocity": -20.318702697753906,
        "coherence": 0.636345386505127,
        "disp_final": -8.388428688049316,
        "subsid_cm": -2.0318703651428223,
        "timeseries": {
          "dates": [
            "20240107",
            "20240119",
            "20240131",
            "20240212",
            "20240224",
            "20240307",
            "20240319",
            "20240331",
            "20240412",
            "20240424",
            "20240506",
            "20240530",
            "20240705",
            "20240717",
            "20240729",
            "20240810",
            "20240822",
            "20240903",
            "20240915",
            "20240927"
          ],
          "displacement_mm": [
            -0.0,
            9.987791061401367,
            -0.4638577103614807,
            5.70839262008667,
            -0.5476477146148682,
            1.8388481140136719,
            0.1743476241827011,
            -5.76079797744751,
            2.701068878173828,
            7.141023635864258,
            -2.3873276710510254,
            2.714088201522827,
            1.1178723573684692,
            -1.3307284116744995,
            -7.624079704284668,
            -11.259247779846191,
            -10.319195747375488,
            -12.449132919311523,
            -9.899906158447266,
            -8.388428688049316
          ]
        }
      }
    },
    {
      "type": "Feature",
      "geometry": {
        "type": "Point",
        "coordinates": [
          126.98780724932557,
          37.41602062393944
        ]
      },
      "properties": {
        "id": 140,
        "lon": 126.98780724932557,
        "lat": 37.41602062393944,
        "velocity": -16.65705108642578,
        "coherence": 0.5372785925865173,
        "disp_final": -5.695634365081787,
        "subsid_cm": -1.6657050848007202,
        "timeseries": {
          "dates": [
            "20240107",
            "20240119",
            "20240131",
            "20240212",
            "20240224",
            "20240307",
            "20240319",
            "20240331",
            "20240412",
            "20240424",
            "20240506",
            "20240530",
            "20240705",
            "20240717",
            "20240729",
            "20240810",
            "20240822",
            "20240903",
            "20240915",
            "20240927"
          ],
          "displacement_mm": [
            -0.0,
            0.11428117752075195,
            -0.09833303838968277,
            -0.6839959025382996,
            -3.8254969120025635,
            3.5747158527374268,
            1.2535539865493774,
            3.0574958324432373,
            2.1548995971679688,
            -8.167390823364258,
            -4.706393718719482,
            -9.206588745117188,
            -11.008222579956055,
            -8.902443885803223,
            -9.834956169128418,
            -10.181379318237305,
            -9.840508460998535,
            -10.714362144470215,
            -6.4518890380859375,
            -5.695634365081787
          ]
        }
      }
    },
    {
      "type": "Feature",
      "geometry": {
        "type": "Point",
        "coordinates": [
          126.98813951080469,
          37.41602062393944
        ]
      },
      "properties": {
        "id": 141,
        "lon": 126.98813951080469,
        "lat": 37.41602062393944,
        "velocity": -13.032949447631836,
        "coherence": 0.5597915053367615,
        "disp_final": -7.372172832489014,
        "subsid_cm": -1.3032948970794678,
        "timeseries": {
          "dates": [
            "20240107",
            "20240119",
            "20240131",
            "20240212",
            "20240224",
            "20240307",
            "20240319",
            "20240331",
            "20240412",
            "20240424",
            "20240506",
            "20240530",
            "20240705",
            "20240717",
            "20240729",
            "20240810",
            "20240822",
            "20240903",
            "20240915",
            "20240927"
          ],
          "displacement_mm": [
            -0.0,
            -0.04992813616991043,
            -3.762110948562622,
            -5.381589412689209,
            -13.854248046875,
            -2.247427463531494,
            -5.138491630554199,
            -2.475551128387451,
            -5.968924045562744,
            -10.502378463745117,
            -6.622939109802246,
            -10.13863468170166,
            -11.5586519241333,
            -11.68035888671875,
            -11.575312614440918,
            -9.489784240722656,
            -13.913256645202637,
            -10.240307807922363,
            -12.245569229125977,
            -7.372172832489014
          ]
        }
      }
    },
    {
      "type": "Feature",
      "geometry": {
        "type": "Point",
        "coordinates": [
          126.97484905164005,
          37.416148990909136
        ]
      },
      "properties": {
        "id": 142,
        "lon": 126.97484905164005,
        "lat": 37.416148990909136,
        "velocity": -19.431472778320312,
        "coherence": 0.7010475993156433,
        "disp_final": -27.66062355041504,
        "subsid_cm": -1.9431473016738892,
        "timeseries": {
          "dates": [
            "20240107",
            "20240119",
            "20240131",
            "20240212",
            "20240224",
            "20240307",
            "20240319",
            "20240331",
            "20240412",
            "20240424",
            "20240506",
            "20240530",
            "20240705",
            "20240717",
            "20240729",
            "20240810",
            "20240822",
            "20240903",
            "20240915",
            "20240927"
          ],
          "displacement_mm": [
            -0.0,
            0.46179184317588806,
            -2.0143871307373047,
            -1.1297428607940674,
            -1.661454200744629,
            -0.10281790047883987,
            -2.447535514831543,
            -2.613320827484131,
            -3.818016290664673,
            4.33434534072876,
            -7.202130317687988,
            1.1583991050720215,
            1.2413418292999268,
            -0.827655553817749,
            -6.130006790161133,
            -8.027419090270996,
            -11.775882720947266,
            -9.437047958374023,
            -10.793892860412598,
            -27.66062355041504
          ]
        }
      }
    },
    {
      "type": "Feature",
      "geometry": {
        "type": "Point",
        "coordinates": [
          126.97783940495209,
          37.416148990909136
        ]
      },
      "properties": {
        "id": 143,
        "lon": 126.97783940495209,
        "lat": 37.416148990909136,
        "velocity": -58.35305404663086,
        "coherence": 0.6311274766921997,
        "disp_final": -29.857873916625977,
        "subsid_cm": -5.835305213928223,
        "timeseries": {
          "dates": [
            "20240107",
            "20240119",
            "20240131",
            "20240212",
            "20240224",
            "20240307",
            "20240319",
            "20240331",
            "20240412",
            "20240424",
            "20240506",
            "20240530",
            "20240705",
            "20240717",
            "20240729",
            "20240810",
            "20240822",
            "20240903",
            "20240915",
            "20240927"
          ],
          "displacement_mm": [
            -0.0,
            0.7707024216651917,
            -3.3640189170837402,
            -2.8521831035614014,
            -4.435685634613037,
            -4.2898030281066895,
            -9.708984375,
            -16.037185668945312,
            -13.588446617126465,
            -8.730520248413086,
            -22.523693084716797,
            -18.443086624145508,
            -29.024606704711914,
            -31.96678352355957,
            -34.97652053833008,
            -38.257877349853516,
            -38.87495040893555,
            -40.32308578491211,
            -33.89696502685547,
            -29.857873916625977
          ]
        }
      }
    },
    {
      "type": "Feature",
      "geometry": {
        "type": "Point",
        "coordinates": [
          126.9873088571069,
          37.41627735787883
        ]
      },
      "properties": {
        "id": 144,
        "lon": 126.9873088571069,
        "lat": 37.41627735787883,
        "velocity": -45.44911575317383,
        "coherence": 0.6424781680107117,
        "disp_final": -30.8023624420166,
        "subsid_cm": -4.5449113845825195,
        "timeseries": {
          "dates": [
            "20240107",
            "20240119",
            "20240131",
            "20240212",
            "20240224",
            "20240307",
            "20240319",
            "20240331",
            "20240412",
            "20240424",
            "20240506",
            "20240530",
            "20240705",
            "20240717",
            "20240729",
            "20240810",
            "20240822",
            "20240903",
            "20240915",
            "20240927"
          ],
          "displacement_mm": [
            -0.0,
            -1.6014372110366821,
            -4.108427047729492,
            -3.3456969261169434,
            -3.0215632915496826,
            -0.4189736247062683,
            -4.553269386291504,
            -13.329551696777344,
            -3.8434510231018066,
            -6.964344024658203,
            -11.794759750366211,
            -9.648811340332031,
            -16.871986389160156,
            -20.372005462646484,
            -24.989158630371094,
            -25.724525451660156,
            -27.973670959472656,
            -29.420795440673828,
            -30.291879653930664,
            -30.8023624420166
          ]
        }
      }
    },
    {
      "type": "Feature",
      "geometry": {
        "type": "Point",
        "coordinates": [
          126.98946855672115,
          37.41627735787883
        ]
      },
      "properties": {
        "id": 145,
        "lon": 126.98946855672115,
        "lat": 37.41627735787883,
        "velocity": -37.68785858154297,
        "coherence": 0.5919814705848694,
        "disp_final": -18.51202392578125,
        "subsid_cm": -3.7687859535217285,
        "timeseries": {
          "dates": [
            "20240107",
            "20240119",
            "20240131",
            "20240212",
            "20240224",
            "20240307",
            "20240319",
            "20240331",
            "20240412",
            "20240424",
            "20240506",
            "20240530",
            "20240705",
            "20240717",
            "20240729",
            "20240810",
            "20240822",
            "20240903",
            "20240915",
            "20240927"
          ],
          "displacement_mm": [
            -0.0,
            3.771277666091919,
            -7.088506698608398,
            -1.4716153144836426,
            -1.5938650369644165,
            -3.0749270915985107,
            -12.835399627685547,
            -9.444857597351074,
            -17.50363540649414,
            -26.558917999267578,
            -17.30271339416504,
            -17.308900833129883,
            -22.87504005432129,
            -23.255945205688477,
            -27.837509155273438,
            -27.684005737304688,
            -24.007219314575195,
            -30.399539947509766,
            -19.6425724029541,
            -18.51202392578125
          ]
        }
      }
    },
    {
      "type": "Feature",
      "geometry": {
        "type": "Point",
        "coordinates": [
          126.98996694893982,
          37.41627735787883
        ]
      },
      "properties": {
        "id": 146,
        "lon": 126.98996694893982,
        "lat": 37.41627735787883,
        "velocity": -40.291263580322266,
        "coherence": 0.7243993878364563,
        "disp_final": -22.196231842041016,
        "subsid_cm": -4.029126167297363,
        "timeseries": {
          "dates": [
            "20240107",
            "20240119",
            "20240131",
            "20240212",
            "20240224",
            "20240307",
            "20240319",
            "20240331",
            "20240412",
            "20240424",
            "20240506",
            "20240530",
            "20240705",
            "20240717",
            "20240729",
            "20240810",
            "20240822",
            "20240903",
            "20240915",
            "20240927"
          ],
          "displacement_mm": [
            -0.0,
            1.7136975526809692,
            -1.0909900665283203,
            2.449031114578247,
            1.4140276908874512,
            1.5904346704483032,
            -4.548215866088867,
            -10.19953727722168,
            -9.873345375061035,
            -15.286949157714844,
            -10.398072242736816,
            -9.507850646972656,
            -12.272668838500977,
            -14.137429237365723,
            -21.358335494995117,
            -25.945772171020508,
            -21.827152252197266,
            -26.275146484375,
            -25.833511352539062,
            -22.196231842041016
          ]
        }
      }
    },
    {
      "type": "Feature",
      "geometry": {
        "type": "Point",
        "coordinates": [
          126.97667648977519,
          37.41640572484853
        ]
      },
      "properties": {
        "id": 147,
        "lon": 126.97667648977519,
        "lat": 37.41640572484853,
        "velocity": -10.776817321777344,
        "coherence": 0.6371119022369385,
        "disp_final": 0.42536476254463196,
        "subsid_cm": -1.0776817798614502,
        "timeseries": {
          "dates": [
            "20240107",
            "20240119",
            "20240131",
            "20240212",
            "20240224",
            "20240307",
            "20240319",
            "20240331",
            "20240412",
            "20240424",
            "20240506",
            "20240530",
            "20240705",
            "20240717",
            "20240729",
            "20240810",
            "20240822",
            "20240903",
            "20240915",
            "20240927"
          ],
          "displacement_mm": [
            -0.0,
            4.8740339279174805,
            2.632596969604492,
            -2.766155481338501,
            -2.706820011138916,
            0.22664572298526764,
            -2.7625601291656494,
            -8.055154800415039,
            4.849663257598877,
            -1.3139201402664185,
            -1.2645463943481445,
            -1.7848390340805054,
            -2.926466941833496,
            -10.08581829071045,
            -8.91600227355957,
            -6.90012264251709,
            -8.598161697387695,
            -7.049065589904785,
            -4.842193126678467,
            0.42536476254463196
          ]
        }
      }
    },
    {
      "type": "Feature",
      "geometry": {
        "type": "Point",
        "coordinates": [
          126.97484905164005,
          37.41653409181823
        ]
      },
      "properties": {
        "id": 148,
        "lon": 126.97484905164005,
        "lat": 37.41653409181823,
        "velocity": -33.898990631103516,
        "coherence": 0.8812471032142639,
        "disp_final": -24.56886100769043,
        "subsid_cm": -3.3898990154266357,
        "timeseries": {
          "dates": [
            "20240107",
            "20240119",
            "20240131",
            "20240212",
            "20240224",
            "20240307",
            "20240319",
            "20240331",
            "20240412",
            "20240424",
            "20240506",
            "20240530",
            "20240705",
            "20240717",
            "20240729",
            "20240810",
            "20240822",
            "20240903",
            "20240915",
            "20240927"
          ],
          "displacement_mm": [
            -0.0,
            1.3551323413848877,
            -2.3568248748779297,
            -1.11055588722229,
            0.7545885443687439,
            0.34791305661201477,
            -2.486332893371582,
            -8.943702697753906,
            1.756223201751709,
            3.429288625717163,
            -10.969476699829102,
            -3.6060714721679688,
            -5.347959041595459,
            -9.385189056396484,
            -13.983485221862793,
            -15.27636432647705,
            -17.532968521118164,
            -18.166467666625977,
            -29.18446159362793,
            -24.56886100769043
          ]
        }
      }
    },
    {
      "type": "Feature",
      "geometry": {
        "type": "Point",
        "coordinates": [
          126.97518131311917,
          37.41653409181823
        ]
      },
      "properties": {
        "id": 149,
        "lon": 126.97518131311917,
        "lat": 37.41653409181823,
        "velocity": -58.216983795166016,
        "coherence": 0.9095420837402344,
        "disp_final": -42.34284591674805,
        "subsid_cm": -5.821698188781738,
        "timeseries": {
          "dates": [
            "20240107",
            "20240119",
            "20240131",
            "20240212",
            "20240224",
            "20240307",
            "20240319",
            "20240331",
            "20240412",
            "20240424",
            "20240506",
            "20240530",
            "20240705",
            "20240717",
            "20240729",
            "20240810",
            "20240822",
            "20240903",
            "20240915",
            "20240927"
          ],
          "displacement_mm": [
            -0.0,
            0.778830885887146,
            -2.8539469242095947,
            -2.823256015777588,
            -1.498898983001709,
            -0.6711017489433289,
            -3.758502960205078,
            -9.741657257080078,
            -16.73233413696289,
            -5.971634864807129,
            -19.94663429260254,
            -11.990829467773438,
            -20.160846710205078,
            -21.575698852539062,
            -26.713531494140625,
            -28.37418556213379,
            -31.64933204650879,
            -30.506589889526367,
            -46.941070556640625,
            -42.34284591674805
          ]
        }
      }
    },
    {
      "type": "Feature",
      "geometry": {
        "type": "Point",
        "coordinates": [
          126.98980081820027,
          37.416662458787926
        ]
      },
      "properties": {
        "id": 150,
        "lon": 126.98980081820027,
        "lat": 37.416662458787926,
        "velocity": -28.58338737487793,
        "coherence": 0.8215143084526062,
        "disp_final": -22.435224533081055,
        "subsid_cm": -2.8583388328552246,
        "timeseries": {
          "dates": [
            "20240107",
            "20240119",
            "20240131",
            "20240212",
            "20240224",
            "20240307",
            "20240319",
            "20240331",
            "20240412",
            "20240424",
            "20240506",
            "20240530",
            "20240705",
            "20240717",
            "20240729",
            "20240810",
            "20240822",
            "20240903",
            "20240915",
            "20240927"
          ],
          "displacement_mm": [
            -0.0,
            -2.6382861137390137,
            -8.399116516113281,
            -3.8746936321258545,
            -8.659783363342285,
            -7.637572288513184,
            -21.938024520874023,
            -25.555421829223633,
            -11.17788028717041,
            -17.31359100341797,
            -8.973779678344727,
            -23.296287536621094,
            -23.17269515991211,
            -23.87286376953125,
            -20.592308044433594,
            -23.77651596069336,
            -15.282011032104492,
            -26.24671173095703,
            -25.47501564025879,
            -22.435224533081055
          ]
        }
      }
    },
    {
      "type": "Feature",
      "geometry": {
        "type": "Point",
        "coordinates": [
          126.98498302675308,
          37.41679082575762
        ]
      },
      "properties": {
        "id": 151,
        "lon": 126.98498302675308,
        "lat": 37.41679082575762,
        "velocity": -15.251574516296387,
        "coherence": 0.5636634826660156,
        "disp_final": -9.99752140045166,
        "subsid_cm": -1.5251574516296387,
        "timeseries": {
          "dates": [
            "20240107",
            "20240119",
            "20240131",
            "20240212",
            "20240224",
            "20240307",
            "20240319",
            "20240331",
            "20240412",
            "20240424",
            "20240506",
            "20240530",
            "20240705",
            "20240717",
            "20240729",
            "20240810",
            "20240822",
            "20240903",
            "20240915",
            "20240927"
          ],
          "displacement_mm": [
            -0.0,
            1.6204299926757812,
            0.09244262427091599,
            -1.1807243824005127,
            2.7711973190307617,
            -0.27265071868896484,
            0.9519456028938293,
            -1.6112160682678223,
            -1.4317896366119385,
            -10.714495658874512,
            -6.53626823425293,
            -12.61838150024414,
            -11.435020446777344,
            -9.121613502502441,
            -9.994301795959473,
            -6.122264862060547,
            -2.3848094940185547,
            -9.152161598205566,
            -6.687865734100342,
            -9.99752140045166
          ]
        }
      }
    },
    {
      "type": "Feature",
      "geometry": {
        "type": "Point",
        "coordinates": [
          126.98830564154424,
          37.41679082575762
        ]
      },
      "properties": {
        "id": 152,
        "lon": 126.98830564154424,
        "lat": 37.41679082575762,
        "velocity": -11.857152938842773,
        "coherence": 0.6389119625091553,
        "disp_final": -7.276690483093262,
        "subsid_cm": -1.1857153177261353,
        "timeseries": {
          "dates": [
            "20240107",
            "20240119",
            "20240131",
            "20240212",
            "20240224",
            "20240307",
            "20240319",
            "20240331",
            "20240412",
            "20240424",
            "20240506",
            "20240530",
            "20240705",
            "20240717",
            "20240729",
            "20240810",
            "20240822",
            "20240903",
            "20240915",
            "20240927"
          ],
          "displacement_mm": [
            -0.0,
            1.944116473197937,
            0.8413869142532349,
            -3.1909608840942383,
            -0.6785096526145935,
            1.3408132791519165,
            -0.2508837878704071,
            1.7317103147506714,
            1.2833833694458008,
            -7.6204752922058105,
            -1.3861942291259766,
            -8.766688346862793,
            -2.9184839725494385,
            -5.165980339050293,
            -2.6372599601745605,
            -6.509909629821777,
            -4.677242755889893,
            -9.083131790161133,
            -6.914708614349365,
            -7.276690483093262
          ]
        }
      }
    },
    {
      "type": "Feature",
      "geometry": {
        "type": "Point",
        "coordinates": [
          126.99029921041894,
          37.41679082575762
        ]
      },
      "properties": {
        "id": 153,
        "lon": 126.99029921041894,
        "lat": 37.41679082575762,
        "velocity": -11.28494930267334,
        "coherence": 0.5408393740653992,
        "disp_final": -10.229524612426758,
        "subsid_cm": -1.1284949779510498,
        "timeseries": {
          "dates": [
            "20240107",
            "20240119",
            "20240131",
            "20240212",
            "20240224",
            "20240307",
            "20240319",
            "20240331",
            "20240412",
            "20240424",
            "20240506",
            "20240530",
            "20240705",
            "20240717",
            "20240729",
            "20240810",
            "20240822",
            "20240903",
            "20240915",
            "20240927"
          ],
          "displacement_mm": [
            -0.0,
            0.8983414173126221,
            -0.8724116086959839,
            2.5005621910095215,
            -2.0951924324035645,
            -1.5202772617340088,
            -8.478838920593262,
            -13.848605155944824,
            -3.9693737030029297,
            -6.092856407165527,
            -15.83742618560791,
            -10.447782516479492,
            -7.699180603027344,
            -9.715721130371094,
            -8.347536087036133,
            -6.161572456359863,
            -5.360922813415527,
            -8.208646774291992,
            -6.740927219390869,
            -10.229524612426758
          ]
        }
      }
    },
    {
      "type": "Feature",
      "geometry": {
        "type": "Point",
        "coordinates": [
          126.97252322128624,
          37.41691919272732
        ]
      },
      "properties": {
        "id": 154,
        "lon": 126.97252322128624,
        "lat": 37.41691919272732,
        "velocity": -40.418678283691406,
        "coherence": 0.7478969097137451,
        "disp_final": -35.12282180786133,
        "subsid_cm": -4.041867733001709,
        "timeseries": {
          "dates": [
            "20240107",
            "20240119",
            "20240131",
            "20240212",
            "20240224",
            "20240307",
            "20240319",
            "20240331",
            "20240412",
            "20240424",
            "20240506",
            "20240530",
            "20240705",
            "20240717",
            "20240729",
            "20240810",
            "20240822",
            "20240903",
            "20240915",
            "20240927"
          ],
          "displacement_mm": [
            -0.0,
            6.42539644241333,
            -23.942638397216797,
            -19.55299949645996,
            -22.420303344726562,
            -22.5255126953125,
            -19.903398513793945,
            -16.64004898071289,
            -20.08942413330078,
            -10.5848388671875,
            -31.076581954956055,
            -31.076581954956055,
            -37.833675384521484,
            -37.37527847290039,
            -30.644086837768555,
            -41.21745681762695,
            -30.79468536376953,
            -33.56456756591797,
            -30.47098731994629,
            -35.12282180786133
          ]
        }
      }
    },
    {
      "type": "Feature",
      "geometry": {
        "type": "Point",
        "coordinates": [
          126.97468292090049,
          37.41691919272732
        ]
      },
      "properties": {
        "id": 155,
        "lon": 126.97468292090049,
        "lat": 37.41691919272732,
        "velocity": -46.06844711303711,
        "coherence": 0.9807023406028748,
        "disp_final": -36.07754898071289,
        "subsid_cm": -4.606844902038574,
        "timeseries": {
          "dates": [
            "20240107",
            "20240119",
            "20240131",
            "20240212",
            "20240224",
            "20240307",
            "20240319",
            "20240331",
            "20240412",
            "20240424",
            "20240506",
            "20240530",
            "20240705",
            "20240717",
            "20240729",
            "20240810",
            "20240822",
            "20240903",
            "20240915",
            "20240927"
          ],
          "displacement_mm": [
            -0.0,
            0.29871100187301636,
            -3.0611979961395264,
            -1.43131422996521,
            -0.5254092216491699,
            -1.0064462423324585,
            -4.52930212020874,
            -12.18632698059082,
            11.833917617797852,
            0.03527592495083809,
            -13.004011154174805,
            -5.131475448608398,
            -11.004561424255371,
            -13.30945873260498,
            -18.2459716796875,
            -18.724199295043945,
            -23.281126022338867,
            -21.950363159179688,
            -41.460330963134766,
            -36.07754898071289
          ]
        }
      }
    },
    {
      "type": "Feature",
      "geometry": {
        "type": "Point",
        "coordinates": [
          126.98880403376292,
          37.41691919272732
        ]
      },
      "properties": {
        "id": 156,
        "lon": 126.98880403376292,
        "lat": 37.41691919272732,
        "velocity": -24.37835693359375,
        "coherence": 0.5261332988739014,
        "disp_final": -7.475390911102295,
        "subsid_cm": -2.437835693359375,
        "timeseries": {
          "dates": [
            "20240107",
            "20240119",
            "20240131",
            "20240212",
            "20240224",
            "20240307",
            "20240319",
            "20240331",
            "20240412",
            "20240424",
            "20240506",
            "20240530",
            "20240705",
            "20240717",
            "20240729",
            "20240810",
            "20240822",
            "20240903",
            "20240915",
            "20240927"
          ],
          "displacement_mm": [
            -0.0,
            3.2276110649108887,
            0.14292509853839874,
            0.8769403100013733,
            5.101667881011963,
            0.16840605437755585,
            -0.5645889639854431,
            0.7068532109260559,
            4.558404445648193,
            -8.97354793548584,
            -3.583329916000366,
            -14.665244102478027,
            -11.791842460632324,
            -6.894503593444824,
            -9.36833667755127,
            -15.163267135620117,
            -14.427888870239258,
            -16.94301414489746,
            -9.474695205688477,
            -7.475390911102295
          ]
        }
      }
    },
    {
      "type": "Feature",
      "geometry": {
        "type": "Point",
        "coordinates": [
          126.97850392791032,
          37.41704755969702
        ]
      },
      "properties": {
        "id": 157,
        "lon": 126.97850392791032,
        "lat": 37.41704755969702,
        "velocity": -15.036665916442871,
        "coherence": 0.594753086566925,
        "disp_final": -13.718297958374023,
        "subsid_cm": -1.503666639328003,
        "timeseries": {
          "dates": [
            "20240107",
            "20240119",
            "20240131",
            "20240212",
            "20240224",
            "20240307",
            "20240319",
            "20240331",
            "20240412",
            "20240424",
            "20240506",
            "20240530",
            "20240705",
            "20240717",
            "20240729",
            "20240810",
            "20240822",
            "20240903",
            "20240915",
            "20240927"
          ],
          "displacement_mm": [
            -0.0,
            1.1387379169464111,
            -2.3830325603485107,
            0.34505578875541687,
            7.995543003082275,
            -3.067786931991577,
            -2.954141616821289,
            -0.7595434188842773,
            -0.13233153522014618,
            8.882076263427734,
            -0.24152541160583496,
            -1.0759661197662354,
            -1.0759661197662354,
            -2.7091660499572754,
            -2.5058186054229736,
            -5.509721279144287,
            -4.885019779205322,
            -5.739635467529297,
            -13.859603881835938,
            -13.718297958374023
          ]
        }
      }
    },
    {
      "type": "Feature",
      "geometry": {
        "type": "Point",
        "coordinates": [
          126.9873088571069,
          37.41704755969702
        ]
      },
      "properties": {
        "id": 158,
        "lon": 126.9873088571069,
        "lat": 37.41704755969702,
        "velocity": -13.652134895324707,
        "coherence": 0.557754397392273,
        "disp_final": -9.762714385986328,
        "subsid_cm": -1.3652135133743286,
        "timeseries": {
          "dates": [
            "20240107",
            "20240119",
            "20240131",
            "20240212",
            "20240224",
            "20240307",
            "20240319",
            "20240331",
            "20240412",
            "20240424",
            "20240506",
            "20240530",
            "20240705",
            "20240717",
            "20240729",
            "20240810",
            "20240822",
            "20240903",
            "20240915",
            "20240927"
          ],
          "displacement_mm": [
            -0.0,
            1.0025749206542969,
            -1.020800232887268,
            0.594939112663269,
            0.2775382101535797,
            0.7174156904220581,
            0.6938961744308472,
            -0.9310563802719116,
            -5.758965015411377,
            -10.42595100402832,
            -15.188019752502441,
            -16.86396598815918,
            -9.005573272705078,
            -7.151285171508789,
            -5.032818794250488,
            -6.839970111846924,
            -4.650128364562988,
            -9.113992691040039,
            -6.955726146697998,
            -9.762714385986328
          ]
        }
      }
    },
    {
      "type": "Feature",
      "geometry": {
        "type": "Point",
        "coordinates": [
          126.98980081820027,
          37.41704755969702
        ]
      },
      "properties": {
        "id": 159,
        "lon": 126.98980081820027,
        "lat": 37.41704755969702,
        "velocity": -20.825902938842773,
        "coherence": 0.746549129486084,
        "disp_final": -6.30772066116333,
        "subsid_cm": -2.082590341567993,
        "timeseries": {
          "dates": [
            "20240107",
            "20240119",
            "20240131",
            "20240212",
            "20240224",
            "20240307",
            "20240319",
            "20240331",
            "20240412",
            "20240424",
            "20240506",
            "20240530",
            "20240705",
            "20240717",
            "20240729",
            "20240810",
            "20240822",
            "20240903",
            "20240915",
            "20240927"
          ],
          "displacement_mm": [
            -0.0,
            0.1552244871854782,
            0.8391082882881165,
            4.764080047607422,
            3.4649600982666016,
            5.221972465515137,
            -0.5723235011100769,
            -3.5765326023101807,
            1.241333246231079,
            2.3421294689178467,
            2.7927606105804443,
            -4.474364757537842,
            -4.8320794105529785,
            -16.76825714111328,
            -10.345325469970703,
            -9.115070343017578,
            -5.850809097290039,
            -15.687115669250488,
            -7.879854202270508,
            -6.30772066116333
          ]
        }
      }
    },
    {
      "type": "Feature",
      "geometry": {
        "type": "Point",
        "coordinates": [
          126.99229277929363,
          37.41704755969702
        ]
      },
      "properties": {
        "id": 160,
        "lon": 126.99229277929363,
        "lat": 37.41704755969702,
        "velocity": -44.61473846435547,
        "coherence": 0.5181444883346558,
        "disp_final": -20.824481964111328,
        "subsid_cm": -4.4614739418029785,
        "timeseries": {
          "dates": [
            "20240107",
            "20240119",
            "20240131",
            "20240212",
            "20240224",
            "20240307",
            "20240319",
            "20240331",
            "20240412",
            "20240424",
            "20240506",
            "20240530",
            "20240705",
            "20240717",
            "20240729",
            "20240810",
            "20240822",
            "20240903",
            "20240915",
            "20240927"
          ],
          "displacement_mm": [
            -0.0,
            1.0484416484832764,
            1.8070894479751587,
            0.21340195834636688,
            2.7852351665496826,
            -0.18378502130508423,
            -0.16560626029968262,
            1.9201773405075073,
            -13.432733535766602,
            0.9547402858734131,
            1.7205029726028442,
            -0.5366923809051514,
            -18.551359176635742,
            -21.767406463623047,
            -24.36405372619629,
            -17.767166137695312,
            -28.02264404296875,
            -21.09103775024414,
            -30.164119720458984,
            -20.824481964111328
          ]
        }
      }
    },
    {
      "type": "Feature",
      "geometry": {
        "type": "Point",
        "coordinates": [
          126.99245891003319,
          37.41704755969702
        ]
      },
      "properties": {
        "id": 161,
        "lon": 126.99245891003319,
        "lat": 37.41704755969702,
        "velocity": -44.61473846435547,
        "coherence": 0.5181444883346558,
        "disp_final": -20.824481964111328,
        "subsid_cm": -4.4614739418029785,
        "timeseries": {
          "dates": [
            "20240107",
            "20240119",
            "20240131",
            "20240212",
            "20240224",
            "20240307",
            "20240319",
            "20240331",
            "20240412",
            "20240424",
            "20240506",
            "20240530",
            "20240705",
            "20240717",
            "20240729",
            "20240810",
            "20240822",
            "20240903",
            "20240915",
            "20240927"
          ],
          "displacement_mm": [
            -0.0,
            1.0484416484832764,
            1.8070894479751587,
            0.21340195834636688,
            2.7852351665496826,
            -0.18378502130508423,
            -0.16560626029968262,
            1.9201773405075073,
            -13.432733535766602,
            0.9547402858734131,
            1.7205029726028442,
            -0.5366923809051514,
            -18.551359176635742,
            -21.767406463623047,
            -24.36405372619629,
            -17.767166137695312,
            -28.02264404296875,
            -21.09103775024414,
            -30.164119720458984,
            -20.824481964111328
          ]
        }
      }
    },
    {
      "type": "Feature",
      "geometry": {
        "type": "Point",
        "coordinates": [
          126.99328956373098,
          37.417175926666715
        ]
      },
      "properties": {
        "id": 162,
        "lon": 126.99328956373098,
        "lat": 37.417175926666715,
        "velocity": -16.596288681030273,
        "coherence": 0.5422442555427551,
        "disp_final": -8.628663063049316,
        "subsid_cm": -1.6596288681030273,
        "timeseries": {
          "dates": [
            "20240107",
            "20240119",
            "20240131",
            "20240212",
            "20240224",
            "20240307",
            "20240319",
            "20240331",
            "20240412",
            "20240424",
            "20240506",
            "20240530",
            "20240705",
            "20240717",
            "20240729",
            "20240810",
            "20240822",
            "20240903",
            "20240915",
            "20240927"
          ],
          "displacement_mm": [
            -0.0,
            -2.2787792682647705,
            -0.5078901052474976,
            -0.04400477930903435,
            3.7114157676696777,
            -1.2753002643585205,
            -0.6689260005950928,
            2.8749608993530273,
            -1.5896453857421875,
            -2.526299238204956,
            3.084808111190796,
            0.06299074739217758,
            -9.102072715759277,
            -9.63785171508789,
            -8.806478500366211,
            -8.732197761535645,
            -10.351287841796875,
            -7.777833938598633,
            -8.802165031433105,
            -8.628663063049316
          ]
        }
      }
    },
    {
      "type": "Feature",
      "geometry": {
        "type": "Point",
        "coordinates": [
          126.99378795594966,
          37.417175926666715
        ]
      },
      "properties": {
        "id": 163,
        "lon": 126.99378795594966,
        "lat": 37.417175926666715,
        "velocity": -17.208133697509766,
        "coherence": 0.5497161746025085,
        "disp_final": -6.896038055419922,
        "subsid_cm": -1.7208133935928345,
        "timeseries": {
          "dates": [
            "20240107",
            "20240119",
            "20240131",
            "20240212",
            "20240224",
            "20240307",
            "20240319",
            "20240331",
            "20240412",
            "20240424",
            "20240506",
            "20240530",
            "20240705",
            "20240717",
            "20240729",
            "20240810",
            "20240822",
            "20240903",
            "20240915",
            "20240927"
          ],
          "displacement_mm": [
            -0.0,
            1.2243503332138062,
            0.3192114233970642,
            -3.466277599334717,
            -5.249398231506348,
            -6.148862361907959,
            -6.490655899047852,
            -1.9510849714279175,
            -9.016742706298828,
            -7.308484077453613,
            -6.4238128662109375,
            -12.942917823791504,
            -12.588299751281738,
            -13.958579063415527,
            -13.1331787109375,
            -12.895613670349121,
            -18.08957290649414,
            -9.484688758850098,
            -9.216704368591309,
            -6.896038055419922
          ]
        }
      }
    },
    {
      "type": "Feature",
      "geometry": {
        "type": "Point",
        "coordinates": [
          126.99412021742877,
          37.41730429363641
        ]
      },
      "properties": {
        "id": 164,
        "lon": 126.99412021742877,
        "lat": 37.41730429363641,
        "velocity": -16.342557907104492,
        "coherence": 0.5741847157478333,
        "disp_final": -13.034635543823242,
        "subsid_cm": -1.6342557668685913,
        "timeseries": {
          "dates": [
            "20240107",
            "20240119",
            "20240131",
            "20240212",
            "20240224",
            "20240307",
            "20240319",
            "20240331",
            "20240412",
            "20240424",
            "20240506",
            "20240530",
            "20240705",
            "20240717",
            "20240729",
            "20240810",
            "20240822",
            "20240903",
            "20240915",
            "20240927"
          ],
          "displacement_mm": [
            -0.0,
            -1.9793046712875366,
            -3.663052558898926,
            -3.4759061336517334,
            -7.495721817016602,
            -5.079185485839844,
            -18.074668884277344,
            -8.607661247253418,
            -19.563568115234375,
            -13.416037559509277,
            -17.111196517944336,
            -14.661589622497559,
            -16.8342342376709,
            -11.946122169494629,
            -15.740160942077637,
            -15.49948787689209,
            -16.221736907958984,
            -13.399044036865234,
            -13.102535247802734,
            -13.034635543823242
          ]
        }
      }
    },
    {
      "type": "Feature",
      "geometry": {
        "type": "Point",
        "coordinates": [
          126.99461860964745,
          37.41730429363641
        ]
      },
      "properties": {
        "id": 165,
        "lon": 126.99461860964745,
        "lat": 37.41730429363641,
        "velocity": -10.80505084991455,
        "coherence": 0.5243425965309143,
        "disp_final": -7.112249374389648,
        "subsid_cm": -1.080505132675171,
        "timeseries": {
          "dates": [
            "20240107",
            "20240119",
            "20240131",
            "20240212",
            "20240224",
            "20240307",
            "20240319",
            "20240331",
            "20240412",
            "20240424",
            "20240506",
            "20240530",
            "20240705",
            "20240717",
            "20240729",
            "20240810",
            "20240822",
            "20240903",
            "20240915",
            "20240927"
          ],
          "displacement_mm": [
            -0.0,
            -1.5937634706497192,
            -2.4760947227478027,
            -4.794362545013428,
            -5.373274803161621,
            -4.076930046081543,
            -5.792179584503174,
            -2.2187047004699707,
            -6.75583553314209,
            -9.013528823852539,
            -4.106710433959961,
            -11.180973052978516,
            -9.804376602172852,
            -11.014473915100098,
            -11.173791885375977,
            -11.782167434692383,
            -11.993963241577148,
            -8.747060775756836,
            -3.212697982788086,
            -7.112249374389648
          ]
        }
      }
    },
    {
      "type": "Feature",
      "geometry": {
        "type": "Point",
        "coordinates": [
          126.97401839794226,
          37.41756102757581
        ]
      },
      "properties": {
        "id": 166,
        "lon": 126.97401839794226,
        "lat": 37.41756102757581,
        "velocity": -22.787948608398438,
        "coherence": 0.6258254647254944,
        "disp_final": -19.36515235900879,
        "subsid_cm": -2.278794765472412,
        "timeseries": {
          "dates": [
            "20240107",
            "20240119",
            "20240131",
            "20240212",
            "20240224",
            "20240307",
            "20240319",
            "20240331",
            "20240412",
            "20240424",
            "20240506",
            "20240530",
            "20240705",
            "20240717",
            "20240729",
            "20240810",
            "20240822",
            "20240903",
            "20240915",
            "20240927"
          ],
          "displacement_mm": [
            -0.0,
            -3.3200316429138184,
            -2.221842050552368,
            -2.6285951137542725,
            -3.3300368785858154,
            -1.3798573017120361,
            -3.257009267807007,
            -4.995678424835205,
            4.6603803634643555,
            13.457459449768066,
            2.986711263656616,
            10.804299354553223,
            -4.272590637207031,
            -6.7531256675720215,
            -9.85313892364502,
            -11.158677101135254,
            -14.523258209228516,
            -14.767542839050293,
            -18.37309455871582,
            -19.36515235900879
          ]
        }
      }
    },
    {
      "type": "Feature",
      "geometry": {
        "type": "Point",
        "coordinates": [
          126.98199267344104,
          37.41756102757581
        ]
      },
      "properties": {
        "id": 167,
        "lon": 126.98199267344104,
        "lat": 37.41756102757581,
        "velocity": -26.24637794494629,
        "coherence": 0.5236344933509827,
        "disp_final": -16.722667694091797,
        "subsid_cm": -2.6246378421783447,
        "timeseries": {
          "dates": [
            "20240107",
            "20240119",
            "20240131",
            "20240212",
            "20240224",
            "20240307",
            "20240319",
            "20240331",
            "20240412",
            "20240424",
            "20240506",
            "20240530",
            "20240705",
            "20240717",
            "20240729",
            "20240810",
            "20240822",
            "20240903",
            "20240915",
            "20240927"
          ],
          "displacement_mm": [
            -0.0,
            0.6437458992004395,
            -0.17684230208396912,
            0.41839900612831116,
            -9.584086418151855,
            -2.00313663482666,
            -7.450243949890137,
            -5.285093784332275,
            -11.077682495117188,
            -14.650317192077637,
            -12.281258583068848,
            -18.256616592407227,
            -17.622604370117188,
            -14.043825149536133,
            -14.98464584350586,
            -17.172510147094727,
            -18.814998626708984,
            -15.777886390686035,
            -16.607044219970703,
            -16.722667694091797
          ]
        }
      }
    },
    {
      "type": "Feature",
      "geometry": {
        "type": "Point",
        "coordinates": [
          126.98315558861795,
          37.417689394545505
        ]
      },
      "properties": {
        "id": 168,
        "lon": 126.98315558861795,
        "lat": 37.417689394545505,
        "velocity": -18.152494430541992,
        "coherence": 0.6790607571601868,
        "disp_final": -10.71597957611084,
        "subsid_cm": -1.8152494430541992,
        "timeseries": {
          "dates": [
            "20240107",
            "20240119",
            "20240131",
            "20240212",
            "20240224",
            "20240307",
            "20240319",
            "20240331",
            "20240412",
            "20240424",
            "20240506",
            "20240530",
            "20240705",
            "20240717",
            "20240729",
            "20240810",
            "20240822",
            "20240903",
            "20240915",
            "20240927"
          ],
          "displacement_mm": [
            -0.0,
            0.6418386101722717,
            5.638378143310547,
            -2.2637557983398438,
            -1.1232496500015259,
            -1.5594737529754639,
            -2.715346097946167,
            -3.6337015628814697,
            -5.379638671875,
            -3.9513871669769287,
            -1.4007445573806763,
            -7.744869232177734,
            -7.744869232177734,
            -9.45361042022705,
            -12.231819152832031,
            -12.360304832458496,
            -6.480096340179443,
            -11.173293113708496,
            -8.504314422607422,
            -10.71597957611084
          ]
        }
      }
    },
    {
      "type": "Feature",
      "geometry": {
        "type": "Point",
        "coordinates": [
          126.99461860964745,
          37.417689394545505
        ]
      },
      "properties": {
        "id": 169,
        "lon": 126.99461860964745,
        "lat": 37.417689394545505,
        "velocity": -13.456722259521484,
        "coherence": 0.575781524181366,
        "disp_final": -8.886889457702637,
        "subsid_cm": -1.3456722497940063,
        "timeseries": {
          "dates": [
            "20240107",
            "20240119",
            "20240131",
            "20240212",
            "20240224",
            "20240307",
            "20240319",
            "20240331",
            "20240412",
            "20240424",
            "20240506",
            "20240530",
            "20240705",
            "20240717",
            "20240729",
            "20240810",
            "20240822",
            "20240903",
            "20240915",
            "20240927"
          ],
          "displacement_mm": [
            -0.0,
            -1.9026392698287964,
            -4.577399253845215,
            -2.8619911670684814,
            -4.744231224060059,
            -1.813542127609253,
            -6.259130954742432,
            -1.620235562324524,
            -13.272418975830078,
            -8.98881721496582,
            -8.033474922180176,
            -8.876678466796875,
            -12.141048431396484,
            -11.785676002502441,
            -10.625651359558105,
            -11.224961280822754,
            -12.804848670959473,
            -6.9853692054748535,
            -11.299307823181152,
            -8.886889457702637
          ]
        }
      }
    },
    {
      "type": "Feature",
      "geometry": {
        "type": "Point",
        "coordinates": [
          126.97601196681696,
          37.4178177615152
        ]
      },
      "properties": {
        "id": 170,
        "lon": 126.97601196681696,
        "lat": 37.4178177615152,
        "velocity": -15.876729965209961,
        "coherence": 0.9317337870597839,
        "disp_final": -12.33067512512207,
        "subsid_cm": -1.5876729488372803,
        "timeseries": {
          "dates": [
            "20240107",
            "20240119",
            "20240131",
            "20240212",
            "20240224",
            "20240307",
            "20240319",
            "20240331",
            "20240412",
            "20240424",
            "20240506",
            "20240530",
            "20240705",
            "20240717",
            "20240729",
            "20240810",
            "20240822",
            "20240903",
            "20240915",
            "20240927"
          ],
          "displacement_mm": [
            -0.0,
            -0.342037171125412,
            -0.5573776364326477,
            -0.513805627822876,
            -1.1620033979415894,
            -0.7453785538673401,
            -1.3793184757232666,
            -4.384666919708252,
            9.03741455078125,
            -12.175431251525879,
            -18.57326889038086,
            -15.073820114135742,
            -5.945582389831543,
            -5.706367015838623,
            -8.205194473266602,
            -6.192701816558838,
            -8.784854888916016,
            -6.582902431488037,
            -13.24970531463623,
            -12.33067512512207
          ]
        }
      }
    },
    {
      "type": "Feature",
      "geometry": {
        "type": "Point",
        "coordinates": [
          126.98481689601353,
          37.41833122939399
        ]
      },
      "properties": {
        "id": 171,
        "lon": 126.98481689601353,
        "lat": 37.41833122939399,
        "velocity": -16.005203247070312,
        "coherence": 0.9531680941581726,
        "disp_final": -11.660374641418457,
        "subsid_cm": -1.600520372390747,
        "timeseries": {
          "dates": [
            "20240107",
            "20240119",
            "20240131",
            "20240212",
            "20240224",
            "20240307",
            "20240319",
            "20240331",
            "20240412",
            "20240424",
            "20240506",
            "20240530",
            "20240705",
            "20240717",
            "20240729",
            "20240810",
            "20240822",
            "20240903",
            "20240915",
            "20240927"
          ],
          "displacement_mm": [
            -0.0,
            -0.4572509825229645,
            -0.02640153467655182,
            0.656990110874176,
            -0.33378148078918457,
            1.649338960647583,
            4.059110164642334,
            2.654233455657959,
            -8.34995174407959,
            -13.910149574279785,
            -8.332868576049805,
            -8.694005966186523,
            -11.063736915588379,
            -7.417510986328125,
            -7.589214324951172,
            -4.452301502227783,
            -6.884998798370361,
            -9.5411376953125,
            -8.640442848205566,
            -11.660374641418457
          ]
        }
      }
    },
    {
      "type": "Feature",
      "geometry": {
        "type": "Point",
        "coordinates": [
          126.99395408668921,
          37.41833122939399
        ]
      },
      "properties": {
        "id": 172,
        "lon": 126.99395408668921,
        "lat": 37.41833122939399,
        "velocity": -32.3548469543457,
        "coherence": 0.5470457077026367,
        "disp_final": -16.63276481628418,
        "subsid_cm": -3.2354846000671387,
        "timeseries": {
          "dates": [
            "20240107",
            "20240119",
            "20240131",
            "20240212",
            "20240224",
            "20240307",
            "20240319",
            "20240331",
            "20240412",
            "20240424",
            "20240506",
            "20240530",
            "20240705",
            "20240717",
            "20240729",
            "20240810",
            "20240822",
            "20240903",
            "20240915",
            "20240927"
          ],
          "displacement_mm": [
            -0.0,
            0.7578681111335754,
            0.28132233023643494,
            0.2852258086204529,
            1.252819538116455,
            -1.9630171060562134,
            -1.3896015882492065,
            1.7423126697540283,
            -6.384121894836426,
            -4.01413631439209,
            -0.9514530897140503,
            -0.9514530897140503,
            -8.778051376342773,
            -16.874135971069336,
            -16.74027442932129,
            -17.323970794677734,
            -28.326284408569336,
            -15.322668075561523,
            -15.305007934570312,
            -16.63276481628418
          ]
        }
      }
    },
    {
      "type": "Feature",
      "geometry": {
        "type": "Point",
        "coordinates": [
          126.98564754971132,
          37.418716330303084
        ]
      },
      "properties": {
        "id": 173,
        "lon": 126.98564754971132,
        "lat": 37.418716330303084,
        "velocity": -14.248931884765625,
        "coherence": 0.7060089707374573,
        "disp_final": -8.914216041564941,
        "subsid_cm": -1.4248931407928467,
        "timeseries": {
          "dates": [
            "20240107",
            "20240119",
            "20240131",
            "20240212",
            "20240224",
            "20240307",
            "20240319",
            "20240331",
            "20240412",
            "20240424",
            "20240506",
            "20240530",
            "20240705",
            "20240717",
            "20240729",
            "20240810",
            "20240822",
            "20240903",
            "20240915",
            "20240927"
          ],
          "displacement_mm": [
            -0.0,
            1.4580634832382202,
            3.5321967601776123,
            1.2464474439620972,
            1.1389433145523071,
            0.6555997133255005,
            -1.560886263847351,
            -1.7561674118041992,
            -8.593799591064453,
            -14.498677253723145,
            -9.98742961883545,
            -7.432512283325195,
            -7.675690174102783,
            -6.175507545471191,
            -7.8695549964904785,
            -1.6036698818206787,
            -7.544414043426514,
            -9.241765022277832,
            -8.603124618530273,
            -8.914216041564941
          ]
        }
      }
    },
    {
      "type": "Feature",
      "geometry": {
        "type": "Point",
        "coordinates": [
          126.9904653411585,
          37.418716330303084
        ]
      },
      "properties": {
        "id": 174,
        "lon": 126.9904653411585,
        "lat": 37.418716330303084,
        "velocity": -19.238426208496094,
        "coherence": 0.6381573677062988,
        "disp_final": -13.090598106384277,
        "subsid_cm": -1.9238426685333252,
        "timeseries": {
          "dates": [
            "20240107",
            "20240119",
            "20240131",
            "20240212",
            "20240224",
            "20240307",
            "20240319",
            "20240331",
            "20240412",
            "20240424",
            "20240506",
            "20240530",
            "20240705",
            "20240717",
            "20240729",
            "20240810",
            "20240822",
            "20240903",
            "20240915",
            "20240927"
          ],
          "displacement_mm": [
            -0.0,
            -0.6271389722824097,
            -4.339548587799072,
            -4.142509460449219,
            -1.7462899684906006,
            -2.4156289100646973,
            -4.765989303588867,
            -5.61181116104126,
            9.73510456085205,
            -16.66187286376953,
            -12.526290893554688,
            -9.285889625549316,
            -3.9406256675720215,
            -6.453989028930664,
            -12.366292953491211,
            -11.290508270263672,
            -20.207839965820312,
            -16.31816864013672,
            -9.91822624206543,
            -13.090598106384277
          ]
        }
      }
    },
    {
      "type": "Feature",
      "geometry": {
        "type": "Point",
        "coordinates": [
          126.97783940495209,
          37.41884469727278
        ]
      },
      "properties": {
        "id": 175,
        "lon": 126.97783940495209,
        "lat": 37.41884469727278,
        "velocity": -17.14686393737793,
        "coherence": 1.0,
        "disp_final": -14.704303741455078,
        "subsid_cm": -1.714686393737793,
        "timeseries": {
          "dates": [
            "20240107",
            "20240119",
            "20240131",
            "20240212",
            "20240224",
            "20240307",
            "20240319",
            "20240331",
            "20240412",
            "20240424",
            "20240506",
            "20240530",
            "20240705",
            "20240717",
            "20240729",
            "20240810",
            "20240822",
            "20240903",
            "20240915",
            "20240927"
          ],
          "displacement_mm": [
            -0.0,
            -1.9510204792022705,
            -2.1621880531311035,
            -7.02279806137085,
            -9.387330055236816,
            -10.356389045715332,
            -9.955236434936523,
            -6.515705585479736,
            -2.964061975479126,
            -7.584310531616211,
            -10.480849266052246,
            -12.344535827636719,
            -14.294256210327148,
            -12.815138816833496,
            -12.259275436401367,
            -13.229279518127441,
            -12.77321720123291,
            -14.494638442993164,
            -15.365402221679688,
            -14.704303741455078
          ]
        }
      }
    },
    {
      "type": "Feature",
      "geometry": {
        "type": "Point",
        "coordinates": [
          126.98298945787839,
          37.41884469727278
        ]
      },
      "properties": {
        "id": 176,
        "lon": 126.98298945787839,
        "lat": 37.41884469727278,
        "velocity": -10.363892555236816,
        "coherence": 0.5375856757164001,
        "disp_final": -7.697588920593262,
        "subsid_cm": -1.0363892316818237,
        "timeseries": {
          "dates": [
            "20240107",
            "20240119",
            "20240131",
            "20240212",
            "20240224",
            "20240307",
            "20240319",
            "20240331",
            "20240412",
            "20240424",
            "20240506",
            "20240530",
            "20240705",
            "20240717",
            "20240729",
            "20240810",
            "20240822",
            "20240903",
            "20240915",
            "20240927"
          ],
          "displacement_mm": [
            -0.0,
            -4.075075149536133,
            1.6599243879318237,
            -4.348738193511963,
            -2.3952558040618896,
            -2.0018463134765625,
            -4.398155689239502,
            -1.0193848609924316,
            -4.776581764221191,
            -9.245192527770996,
            -2.934271812438965,
            -8.609657287597656,
            -8.609657287597656,
            -7.374101638793945,
            -5.632821559906006,
            -3.87109637260437,
            -11.13868236541748,
            -9.379936218261719,
            -6.6298065185546875,
            -7.697588920593262
          ]
        }
      }
    },
    {
      "type": "Feature",
      "geometry": {
        "type": "Point",
        "coordinates": [
          126.98581368045087,
          37.41884469727278
        ]
      },
      "properties": {
        "id": 177,
        "lon": 126.98581368045087,
        "lat": 37.41884469727278,
        "velocity": -14.248931884765625,
        "coherence": 0.7060089707374573,
        "disp_final": -8.914216041564941,
        "subsid_cm": -1.4248931407928467,
        "timeseries": {
          "dates": [
            "20240107",
            "20240119",
            "20240131",
            "20240212",
            "20240224",
            "20240307",
            "20240319",
            "20240331",
            "20240412",
            "20240424",
            "20240506",
            "20240530",
            "20240705",
            "20240717",
            "20240729",
            "20240810",
            "20240822",
            "20240903",
            "20240915",
            "20240927"
          ],
          "displacement_mm": [
            -0.0,
            1.4580634832382202,
            3.5321967601776123,
            1.2464474439620972,
            1.1389433145523071,
            0.6555997133255005,
            -1.560886263847351,
            -1.7561674118041992,
            -8.593799591064453,
            -14.498677253723145,
            -9.98742961883545,
            -7.432512283325195,
            -7.675690174102783,
            -6.175507545471191,
            -7.8695549964904785,
            -1.6036698818206787,
            -7.544414043426514,
            -9.241765022277832,
            -8.603124618530273,
            -8.914216041564941
          ]
        }
      }
    },
    {
      "type": "Feature",
      "geometry": {
        "type": "Point",
        "coordinates": [
          126.98930242598159,
          37.41884469727278
        ]
      },
      "properties": {
        "id": 178,
        "lon": 126.98930242598159,
        "lat": 37.41884469727278,
        "velocity": -14.94047737121582,
        "coherence": 0.6712166666984558,
        "disp_final": -11.946194648742676,
        "subsid_cm": -1.49404776096344,
        "timeseries": {
          "dates": [
            "20240107",
            "20240119",
            "20240131",
            "20240212",
            "20240224",
            "20240307",
            "20240319",
            "20240331",
            "20240412",
            "20240424",
            "20240506",
            "20240530",
            "20240705",
            "20240717",
            "20240729",
            "20240810",
            "20240822",
            "20240903",
            "20240915",
            "20240927"
          ],
          "displacement_mm": [
            -0.0,
            0.6541466116905212,
            -0.7529481649398804,
            0.39908015727996826,
            1.3104712963104248,
            0.8638460636138916,
            0.2762700617313385,
            -0.09724637866020203,
            10.350021362304688,
            -2.847700595855713,
            2.666748046875,
            -2.3420515060424805,
            -2.4237167835235596,
            -4.981696605682373,
            -6.776040554046631,
            -3.767097234725952,
            -7.602672576904297,
            -7.054708480834961,
            -7.337978839874268,
            -11.946194648742676
          ]
        }
      }
    },
    {
      "type": "Feature",
      "geometry": {
        "type": "Point",
        "coordinates": [
          126.98166041196193,
          37.41897306424248
        ]
      },
      "properties": {
        "id": 179,
        "lon": 126.98166041196193,
        "lat": 37.41897306424248,
        "velocity": -25.052011489868164,
        "coherence": 0.6023319959640503,
        "disp_final": -18.50107765197754,
        "subsid_cm": -2.5052011013031006,
        "timeseries": {
          "dates": [
            "20240107",
            "20240119",
            "20240131",
            "20240212",
            "20240224",
            "20240307",
            "20240319",
            "20240331",
            "20240412",
            "20240424",
            "20240506",
            "20240530",
            "20240705",
            "20240717",
            "20240729",
            "20240810",
            "20240822",
            "20240903",
            "20240915",
            "20240927"
          ],
          "displacement_mm": [
            -0.0,
            -0.0633198469877243,
            1.4805625677108765,
            1.798567533493042,
            0.14053744077682495,
            -2.365058183670044,
            -3.287259578704834,
            -5.877797603607178,
            -12.527276992797852,
            -6.188716888427734,
            -5.713218688964844,
            -7.026280403137207,
            -14.42359733581543,
            -12.720625877380371,
            -13.18985652923584,
            -10.305880546569824,
            -13.573052406311035,
            -13.498502731323242,
            -15.201066017150879,
            -18.50107765197754
          ]
        }
      }
    },
    {
      "type": "Feature",
      "geometry": {
        "type": "Point",
        "coordinates": [
          126.98946855672115,
          37.41897306424248
        ]
      },
      "properties": {
        "id": 180,
        "lon": 126.98946855672115,
        "lat": 37.41897306424248,
        "velocity": -14.94047737121582,
        "coherence": 0.6712166666984558,
        "disp_final": -11.946194648742676,
        "subsid_cm": -1.49404776096344,
        "timeseries": {
          "dates": [
            "20240107",
            "20240119",
            "20240131",
            "20240212",
            "20240224",
            "20240307",
            "20240319",
            "20240331",
            "20240412",
            "20240424",
            "20240506",
            "20240530",
            "20240705",
            "20240717",
            "20240729",
            "20240810",
            "20240822",
            "20240903",
            "20240915",
            "20240927"
          ],
          "displacement_mm": [
            -0.0,
            0.6541466116905212,
            -0.7529481649398804,
            0.39908015727996826,
            1.3104712963104248,
            0.8638460636138916,
            0.2762700617313385,
            -0.09724637866020203,
            10.350021362304688,
            -2.847700595855713,
            2.666748046875,
            -2.3420515060424805,
            -2.4237167835235596,
            -4.981696605682373,
            -6.776040554046631,
            -3.767097234725952,
            -7.602672576904297,
            -7.054708480834961,
            -7.337978839874268,
            -11.946194648742676
          ]
        }
      }
    },
    {
      "type": "Feature",
      "geometry": {
        "type": "Point",
        "coordinates": [
          126.99229277929363,
          37.41897306424248
        ]
      },
      "properties": {
        "id": 181,
        "lon": 126.99229277929363,
        "lat": 37.41897306424248,
        "velocity": -58.14089584350586,
        "coherence": 0.8397295475006104,
        "disp_final": -34.10142135620117,
        "subsid_cm": -5.814089775085449,
        "timeseries": {
          "dates": [
            "20240107",
            "20240119",
            "20240131",
            "20240212",
            "20240224",
            "20240307",
            "20240319",
            "20240331",
            "20240412",
            "20240424",
            "20240506",
            "20240530",
            "20240705",
            "20240717",
            "20240729",
            "20240810",
            "20240822",
            "20240903",
            "20240915",
            "20240927"
          ],
          "displacement_mm": [
            -0.0,
            -2.289809465408325,
            -1.0461499691009521,
            -1.4775512218475342,
            -1.771412968635559,
            1.6021108627319336,
            -4.112884521484375,
            -7.698887348175049,
            -24.957500457763672,
            -13.34677791595459,
            -20.66105842590332,
            -17.751625061035156,
            -27.82232093811035,
            -30.760108947753906,
            -34.00066375732422,
            -32.56696701049805,
            -38.01118850708008,
            -34.396183013916016,
            -33.317630767822266,
            -34.10142135620117
          ]
        }
      }
    },
    {
      "type": "Feature",
      "geometry": {
        "type": "Point",
        "coordinates": [
          126.9904653411585,
          37.41910143121218
        ]
      },
      "properties": {
        "id": 182,
        "lon": 126.9904653411585,
        "lat": 37.41910143121218,
        "velocity": -12.232701301574707,
        "coherence": 0.7376917004585266,
        "disp_final": -2.7494990825653076,
        "subsid_cm": -1.2232701778411865,
        "timeseries": {
          "dates": [
            "20240107",
            "20240119",
            "20240131",
            "20240212",
            "20240224",
            "20240307",
            "20240319",
            "20240331",
            "20240412",
            "20240424",
            "20240506",
            "20240530",
            "20240705",
            "20240717",
            "20240729",
            "20240810",
            "20240822",
            "20240903",
            "20240915",
            "20240927"
          ],
          "displacement_mm": [
            -0.0,
            -0.6931831240653992,
            1.8216640949249268,
            0.9914098978042603,
            1.5462944507598877,
            1.964267611503601,
            1.5383400917053223,
            6.903761386871338,
            0.4295743405818939,
            -10.892463684082031,
            -2.508883237838745,
            -3.049734354019165,
            -9.400063514709473,
            -12.585399627685547,
            -9.162081718444824,
            -5.058202266693115,
            -4.231791019439697,
            -6.119169235229492,
            -2.218897819519043,
            -2.7494990825653076
          ]
        }
      }
    },
    {
      "type": "Feature",
      "geometry": {
        "type": "Point",
        "coordinates": [
          126.99096373337717,
          37.41910143121218
        ]
      },
      "properties": {
        "id": 183,
        "lon": 126.99096373337717,
        "lat": 37.41910143121218,
        "velocity": -12.761038780212402,
        "coherence": 0.7104878425598145,
        "disp_final": -4.301158428192139,
        "subsid_cm": -1.2761038541793823,
        "timeseries": {
          "dates": [
            "20240107",
            "20240119",
            "20240131",
            "20240212",
            "20240224",
            "20240307",
            "20240319",
            "20240331",
            "20240412",
            "20240424",
            "20240506",
            "20240530",
            "20240705",
            "20240717",
            "20240729",
            "20240810",
            "20240822",
            "20240903",
            "20240915",
            "20240927"
          ],
          "displacement_mm": [
            -0.0,
            -0.5247460007667542,
            -2.0363881587982178,
            -0.15047423541545868,
            0.5591281652450562,
            0.29917457699775696,
            -1.0103696584701538,
            -1.0319132804870605,
            -2.638317823410034,
            -7.305009841918945,
            -5.696613788604736,
            -4.699502944946289,
            -7.033203601837158,
            -7.5562286376953125,
            -10.706685066223145,
            -6.298504829406738,
            -12.26593017578125,
            -9.468379020690918,
            -4.362577438354492,
            -4.301158428192139
          ]
        }
      }
    },
    {
      "type": "Feature",
      "geometry": {
        "type": "Point",
        "coordinates": [
          126.9841523730553,
          37.41935816515157
        ]
      },
      "properties": {
        "id": 184,
        "lon": 126.9841523730553,
        "lat": 37.41935816515157,
        "velocity": -10.824296951293945,
        "coherence": 0.566795289516449,
        "disp_final": -5.798103332519531,
        "subsid_cm": -1.0824296474456787,
        "timeseries": {
          "dates": [
            "20240107",
            "20240119",
            "20240131",
            "20240212",
            "20240224",
            "20240307",
            "20240319",
            "20240331",
            "20240412",
            "20240424",
            "20240506",
            "20240530",
            "20240705",
            "20240717",
            "20240729",
            "20240810",
            "20240822",
            "20240903",
            "20240915",
            "20240927"
          ],
          "displacement_mm": [
            -0.0,
            -3.686204433441162,
            -1.7045999765396118,
            -0.21991603076457977,
            3.450744390487671,
            1.737966775894165,
            0.1090364083647728,
            -2.2542757987976074,
            -2.8104395866394043,
            -1.9875085353851318,
            3.0921144485473633,
            -6.448068618774414,
            -4.291818141937256,
            -4.571801662445068,
            -4.571801662445068,
            -1.5247243642807007,
            -9.647749900817871,
            -8.610590934753418,
            -7.465397834777832,
            -5.798103332519531
          ]
        }
      }
    },
    {
      "type": "Feature",
      "geometry": {
        "type": "Point",
        "coordinates": [
          126.99029921041894,
          37.41935816515157
        ]
      },
      "properties": {
        "id": 185,
        "lon": 126.99029921041894,
        "lat": 37.41935816515157,
        "velocity": -55.14977264404297,
        "coherence": 0.6084347367286682,
        "disp_final": -32.5063362121582,
        "subsid_cm": -5.51497745513916,
        "timeseries": {
          "dates": [
            "20240107",
            "20240119",
            "20240131",
            "20240212",
            "20240224",
            "20240307",
            "20240319",
            "20240331",
            "20240412",
            "20240424",
            "20240506",
            "20240530",
            "20240705",
            "20240717",
            "20240729",
            "20240810",
            "20240822",
            "20240903",
            "20240915",
            "20240927"
          ],
          "displacement_mm": [
            -0.0,
            -1.315651297569275,
            -2.061875343322754,
            -0.4158089756965637,
            -1.5497876405715942,
            -1.5399603843688965,
            0.3145334720611572,
            7.875910758972168,
            -13.47156810760498,
            -15.375391960144043,
            -8.32498550415039,
            -11.52210521697998,
            -30.38091468811035,
            -27.38313102722168,
            -29.207794189453125,
            -31.200674057006836,
            -35.77019500732422,
            -28.898221969604492,
            -26.95180320739746,
            -32.5063362121582
          ]
        }
      }
    },
    {
      "type": "Feature",
      "geometry": {
        "type": "Point",
        "coordinates": [
          126.99229277929363,
          37.41935816515157
        ]
      },
      "properties": {
        "id": 186,
        "lon": 126.99229277929363,
        "lat": 37.41935816515157,
        "velocity": -35.69725036621094,
        "coherence": 0.5758496522903442,
        "disp_final": -20.678030014038086,
        "subsid_cm": -3.5697250366210938,
        "timeseries": {
          "dates": [
            "20240107",
            "20240119",
            "20240131",
            "20240212",
            "20240224",
            "20240307",
            "20240319",
            "20240331",
            "20240412",
            "20240424",
            "20240506",
            "20240530",
            "20240705",
            "20240717",
            "20240729",
            "20240810",
            "20240822",
            "20240903",
            "20240915",
            "20240927"
          ],
          "displacement_mm": [
            -0.0,
            1.3673938512802124,
            0.3736496865749359,
            2.2056291103363037,
            0.7645556330680847,
            -0.36329200863838196,
            2.74520206451416,
            -7.57835054397583,
            -17.28791618347168,
            0.3164190649986267,
            -17.63677406311035,
            -18.226327896118164,
            -16.029428482055664,
            -18.581876754760742,
            -20.47270393371582,
            -13.592205047607422,
            -24.85390853881836,
            -23.44825553894043,
            -13.606261253356934,
            -20.678030014038086
          ]
        }
      }
    },
    {
      "type": "Feature",
      "geometry": {
        "type": "Point",
        "coordinates": [
          126.9821588041806,
          37.41948653212127
        ]
      },
      "properties": {
        "id": 187,
        "lon": 126.9821588041806,
        "lat": 37.41948653212127,
        "velocity": -10.643543243408203,
        "coherence": 0.5208627581596375,
        "disp_final": 3.092752456665039,
        "subsid_cm": -1.0643543004989624,
        "timeseries": {
          "dates": [
            "20240107",
            "20240119",
            "20240131",
            "20240212",
            "20240224",
            "20240307",
            "20240319",
            "20240331",
            "20240412",
            "20240424",
            "20240506",
            "20240530",
            "20240705",
            "20240717",
            "20240729",
            "20240810",
            "20240822",
            "20240903",
            "20240915",
            "20240927"
          ],
          "displacement_mm": [
            -0.0,
            3.448655366897583,
            9.525922775268555,
            5.489505767822266,
            8.828615188598633,
            2.7669517993927,
            3.1285712718963623,
            3.213329792022705,
            -3.2254233360290527,
            1.0502711534500122,
            -0.8680835366249084,
            -0.6691288352012634,
            -2.527238130569458,
            -6.230393886566162,
            0.5481152534484863,
            -0.435881644487381,
            -7.586565971374512,
            -0.8812234401702881,
            -1.432147741317749,
            3.092752456665039
          ]
        }
      }
    },
    {
      "type": "Feature",
      "geometry": {
        "type": "Point",
        "coordinates": [
          126.99378795594966,
          37.41948653212127
        ]
      },
      "properties": {
        "id": 188,
        "lon": 126.99378795594966,
        "lat": 37.41948653212127,
        "velocity": -10.492321968078613,
        "coherence": 0.6316688656806946,
        "disp_final": -4.268150806427002,
        "subsid_cm": -1.0492322444915771,
        "timeseries": {
          "dates": [
            "20240107",
            "20240119",
            "20240131",
            "20240212",
            "20240224",
            "20240307",
            "20240319",
            "20240331",
            "20240412",
            "20240424",
            "20240506",
            "20240530",
            "20240705",
            "20240717",
            "20240729",
            "20240810",
            "20240822",
            "20240903",
            "20240915",
            "20240927"
          ],
          "displacement_mm": [
            -0.0,
            1.3598260879516602,
            1.9717133045196533,
            1.8904778957366943,
            3.6198837757110596,
            -8.977306365966797,
            1.1104925870895386,
            -5.358460426330566,
            -9.316498756408691,
            -5.885860443115234,
            -5.659456253051758,
            -10.266765594482422,
            -7.30759334564209,
            -4.922192096710205,
            -7.21932315826416,
            -2.3678090572357178,
            -13.656879425048828,
            -4.900471210479736,
            -4.186760902404785,
            -4.268150806427002
          ]
        }
      }
    },
    {
      "type": "Feature",
      "geometry": {
        "type": "Point",
        "coordinates": [
          126.99013307967938,
          37.419743266060664
        ]
      },
      "properties": {
        "id": 189,
        "lon": 126.99013307967938,
        "lat": 37.419743266060664,
        "velocity": -17.9155216217041,
        "coherence": 0.6161186099052429,
        "disp_final": -11.632281303405762,
        "subsid_cm": -1.791552186012268,
        "timeseries": {
          "dates": [
            "20240107",
            "20240119",
            "20240131",
            "20240212",
            "20240224",
            "20240307",
            "20240319",
            "20240331",
            "20240412",
            "20240424",
            "20240506",
            "20240530",
            "20240705",
            "20240717",
            "20240729",
            "20240810",
            "20240822",
            "20240903",
            "20240915",
            "20240927"
          ],
          "displacement_mm": [
            -0.0,
            -5.974617004394531,
            -0.9136355519294739,
            -4.42078161239624,
            1.553225040435791,
            -0.17660272121429443,
            0.3943501114845276,
            1.3260244131088257,
            -20.815845489501953,
            -21.352218627929688,
            -22.487489700317383,
            -14.034183502197266,
            -18.760738372802734,
            -16.939678192138672,
            -13.656925201416016,
            -10.233057975769043,
            -10.024251937866211,
            -12.395200729370117,
            -10.63135051727295,
            -11.632281303405762
          ]
        }
      }
    },
    {
      "type": "Feature",
      "geometry": {
        "type": "Point",
        "coordinates": [
          126.99262504077275,
          37.419743266060664
        ]
      },
      "properties": {
        "id": 190,
        "lon": 126.99262504077275,
        "lat": 37.419743266060664,
        "velocity": -43.89070129394531,
        "coherence": 0.78243088722229,
        "disp_final": -31.176137924194336,
        "subsid_cm": -4.3890700340271,
        "timeseries": {
          "dates": [
            "20240107",
            "20240119",
            "20240131",
            "20240212",
            "20240224",
            "20240307",
            "20240319",
            "20240331",
            "20240412",
            "20240424",
            "20240506",
            "20240530",
            "20240705",
            "20240717",
            "20240729",
            "20240810",
            "20240822",
            "20240903",
            "20240915",
            "20240927"
          ],
          "displacement_mm": [
            -0.0,
            -0.15276724100112915,
            -2.738370895385742,
            -1.546229600906372,
            -1.941664218902588,
            -1.4034969806671143,
            -4.451415061950684,
            -12.805197715759277,
            -16.428630828857422,
            -4.224503517150879,
            -18.76165008544922,
            -13.8355712890625,
            -17.92576789855957,
            -18.196325302124023,
            -23.81538963317871,
            -19.957904815673828,
            -29.583648681640625,
            -28.173574447631836,
            -28.801288604736328,
            -31.176137924194336
          ]
        }
      }
    }
  ]
}